tree
version=v4
num_class=1
num_tree_per_iteration=1
label_index=0
max_feature_idx=55
objective=binary sigmoid:1
feature_names=Column_0 Column_1 Column_2 Column_3 Column_4 Column_5 Column_6 Column_7 Column_8 Column_9 Column_10 Column_11 Column_12 Column_13 Column_14 Column_15 Column_16 Column_17 Column_18 Column_19 Column_20 Column_21 Column_22 Column_23 Column_24 Column_25 Column_26 Column_27 Column_28 Column_29 Column_30 Column_31 Column_32 Column_33 Column_34 Column_35 Column_36 Column_37 Column_38 Column_39 Column_40 Column_41 Column_42 Column_43 Column_44 Column_45 Column_46 Column_47 Column_48 Column_49 Column_50 Column_51 Column_52 Column_53 Column_54 Column_55
feature_infos=[0:1] [0:1.1163283586502075] [0:1.0403363704681396] [0:1] [0:8.1555757522583008] [0:5.6456012725830078] [0:0.93444645404815674] [0:0.87752509117126465] [0:0.82668846845626831] [0:1] [0:3] [0:1] [0:20.119173049926758] [0:13.865406438959903] [0:2.9242739805047022] [0:1] [0:1] [0:1] [0:1] [0:1754.0587929567921] [0:2260.2066736818178] [0:1] [0:1.5331391725352113] [0.015374165655964094:3.2766938222215529] [0.45577552169561386:18.246485538700757] [0.022788776084780693:11.220648765563965] [0.032163837004586492:19.556612014770508] [0.0030811365555921391:0.92960357349304423] [0.82999999999999996:1.5294117647058822] [83:234] [72:180] [0:1] [0:1] [0:18.325180053710938] [0.12051974903450566:18.57811960897067] [0.90889328063241104:12.910298156366965] [0.45444664031620552:96.275339834515364] [0.13819028814116552:96.726480836236931] [0.13542710211714418:18.673073122529644] [0.078685311722019161:19.65704017456039] [0:31.342223733968268] [0:1] [0:7.3763279914855957] [0.23342273861785939:185.34959839789832] [0.046850252896547318:16.306629180908203] [0:1] [0:1080] [0:2.0735999999999999] [0:1920] [0:4932.7718031371178] [0:8020.7883859952071] [0:1] [0:52] [0:1] [0:1] [0:19.734722137451172]
tree_sizes=1734 1742 1734 1733 1733 1736 1738 1734 1737 1734 1735 1737 1735 1734 1734 1731 1730 1740 1731 1737 1744 1731 1739 1736 1744 1740 1742 1740 1730 1739 1738 1737 1742 1743 1740 1734 1747 1733 1742 1734 1737 1734 1739 1744 1735 1736 1743 1736 1729 1738 1734 1741 1737 1739 1741 1737 1741 1742 1737 1737 1739 1745 1734 1739 1740 1724 1733 1737 1741 1734 1745 1739 1722 1729 1748 1738 1743 1731 1738 1734 1732 1744 1732 1736 1737 1741 1735 1737 1729 1737 1735 1738 1741 1745 1733 1739 1737 1740 1747 1738 1741 1732 1744 1742 1736 1730 1742 1741 1745 1733 1734 1736 1746 1737 1743 1740 1738 1743 1750 1735 1729 1732 1736 1745 1738 1738 1744 1748 1741 1736 1744 1740 1735 1750 1732 1728 1721 1751 1744 1732 1739 1726 1734 1736 1720 1744 1748 1741 1723 1734 1730 1735 1738 1732 1739 1730 1731 1731 1740 1724 1745 1730 1742 1742 1732 1731 1742 1748 1733 1755 1732 1730 1747 1722 1735 1735 1729 1724 1735 1720 1731 1742 1743 1721 1730 1737 1738 1737 1731 1747 1720 1743 1733 1735 1743 1735 1731 1740 1740 1731 1731 1726 1726 1724 1730 1726 1719 1732 1730 1726 1730 1727 1736 1734 1725 1733 1728 1729 1748 1745 1734 1750 1731 1728 1745 1732 1751 1727 1725 1734 1735 1721 1731 1735 1731 1739 1725 1733 1736 1735 1724 1746 1740 1725 1740 1730 1726 1725 1720 1729 1722 1718 1735 1716 1722 1729 1728 1735 1735 1737 1736 1745 1733 1736 1725 1734 1729 1728 1726 1738 1735 1747 1734 1740 1738 1754 1737 1732 1725 1731 1746 1720 1732 1737 1712 1729 1728 1725 1726 1720 1715 1729 1718 1741 1739 1738 1745 1729 1726 1721 1720 1720 1719 1737 1732 1729 1731 1740 1738 1736 1730 1725 1724 1725 1726 1729 1726 1722 1731 1721 1717 1727 1731 1732 1728 1730 1715 1719 1728 1720 1740 1732 1725 1724 1724 1722 1718 1736 1716 1737 1746 1722 1737 1735 1756 1736 1748 1737 1731 1725 1735 1728 1730 1724 1729 1724 1735 1723 1737 1719 1727 1730 1737 1729 1721 1732 1727 1732 1724 1731 1738 1729 1734 1735 1722 1743 1728 1740 1728 1734 1714 1731 1723 1743 1746 1724 1718 1728 1739 1718 1727 1720 1730 1726 1745 1734 1734 1731 1726 1727

Tree=0
num_leaves=15
num_cat=0
split_feature=3 44 44 42 33 53 45 44 17 7 51 3 33 43
split_gain=952.943 431.779 146.944 121.237 87.113 67.2262 36.4439 34.4317 34.6156 31.6841 30.6137 28.8436 27.4513 26.2715
threshold=0.082650273224043724 0.95005083084106456 1.3740133047103884 0.54679179191589367 0.35546143352985388 0.7231800766283526 0.25568475452196388 0.34569990634918218 0.18579789775441952 0.64250779151916515 0.44971910112359553 0.52565789473684221 0.35546143352985388 16.208631203034521
decision_type=2 2 2 2 2 2 2 2 2 2 2 2 2 2
left_child=2 4 12 -3 -2 -4 11 -6 10 -7 -9 -5 -1 -8
right_child=1 3 5 6 7 9 13 8 -10 -11 -12 -13 -14 -15
leaf_value=-0.043921865387380042 0.025123709353518566 -0.0058864436149108175 -0.00034404852897158313 -0.027598937819159754 -0.08538980263903026 -0.0036220139798363686 0.050913603370058153 -0.087096797711325502 -0.073125622991758621 -0.068840068403139443 0.024921752147062871 0.052640526255509724 -0.087396327228602799 0.073318607480181083
leaf_weight=47.290099054574966 38.398331582546234 87.302163690328598 124.06972885131836 21.727466106414795 65.346699684858322 24.091199159622192 328.01188203692436 6.7499999999999991 27.880766421556473 82.807132422924042 27.636798739433289 21.170865476131439 221.52306568622589 236.99378508329391
leaf_count=164 107 270 377 72 253 74 834 27 105 307 77 53 860 551
internal_value=-2.46928e-08 0.0318618 -0.0548581 0.049153 -0.0404086 -0.0254483 0.057054 -0.0601689 -0.0327695 -0.054312 0.00109304 0.0122973 -0.0799394 0.0604244
internal_weight=1361 861.219 499.781 695.206 166.013 230.968 607.904 127.614 62.2676 106.898 34.3868 42.8983 268.813 565.006
internal_count=4131 2349 1782 1780 569 758 1510 462 209 381 104 125 1024 1385
is_linear=0
shrinkage=1


Tree=1
num_leaves=15
num_cat=0
split_feature=3 44 44 42 33 55 31 55 33 45 44 17 51 33
split_gain=861.292 390.652 133.723 109.643 78.9742 56.9933 67.9289 54.5508 33.5649 32.9199 31.1255 31.3247 27.982 27.6101
threshold=0.082650273224043724 0.95005083084106456 1.4808565974235537 0.54679179191589367 0.35546143352985388 0.92402186989784252 0.24575783721599082 0.31501775979995733 0.33956377208232885 0.25568475452196388 0.34569990634918218 0.18579789775441952 0.44971910112359553 1.2397134304046633
decision_type=2 2 2 2 2 2 2 2 2 2 2 2 2 2
left_child=2 4 8 7 -2 -4 13 -3 -1 -5 -6 12 -12 -7
right_child=1 3 5 9 10 6 -8 -9 -10 -11 11 -13 -14 -15
leaf_value=-0.036329045958043905 0.023903169857234955 0.031398698869037296 0.013977057099601318 0.011716272584904347 -0.081333036954075871 0.0047936345587132065 -0.076570074811294381 -0.046893140272217082 -0.082208945581320525 0.057469068598107964 -0.083443901259974376 -0.069687342734873758 0.023722819898458498 -0.0886756049325962
leaf_weight=50.681409880518913 38.392273083329201 46.17649881541729 72.528140589594841 42.879535749554634 65.227727770805359 64.05649621784687 66.466273054480553 41.12491050362587 237.50612439215183 564.4749753922224 6.7372151166200629 27.843528211116791 27.632507845759392 7.9994056373834601
leaf_count=173 107 126 211 125 253 192 253 144 921 1385 27 105 77 32
internal_value=-9.70724e-06 0.0302918 -0.0521936 0.0467434 -0.0384894 -0.0218078 -0.0405102 -0.00559548 -0.0742939 0.0542635 -0.0573252 -0.0312657 0.000950542 -0.00665478
internal_weight=1359.73 860.489 499.238 694.656 165.833 211.05 138.522 87.3014 288.188 607.355 127.441 62.2133 34.3697 72.0559
internal_count=4131 2349 1782 1780 569 688 477 270 1094 1510 462 209 104 224
is_linear=0
shrinkage=0.05


Tree=2
num_leaves=15
num_cat=0
split_feature=33 26 33 25 31 45 55 53 55 42 13 55 42 42
split_gain=531.555 211.393 120.005 108.454 104.542 77.5069 63.7792 49.7893 44.0526 52.0213 43.5979 37.5694 36.7853 28.737
threshold=0.33692137897014623 1.5042065978050234 1.1837548017501833 0.52401700615882885 0.15821566110397947 0.38035823637477045 0.46558278799057012 0.72111111111111115 0.76674523949623119 1.0975781679153445 0.82313185647922416 2.5316654443740849 0.6399347484111787 0.48861095309257513
decision_type=2 2 2 2 2 2 2 2 2 2 2 2 2 2
left_child=3 -2 4 -1 10 8 -6 12 -5 -10 -3 13 -8 -7
right_child=1 2 -4 5 6 11 7 -9 9 -11 -12 -13 -14 -15
leaf_value=-0.059562048624717971 -0.070395466721744501 0.037051743753448947 -0.085999091449895704 0.030359487708097252 0.013832867490898085 0.015563021593949303 -0.066654428336706484 -0.065040265911819092 -0.07554655342177187 0.010439466280952684 -0.015323567536544836 0.010752636642151935 0.013350362901526814 0.06013824256813001
leaf_weight=29.507017657160759 220.82866205275059 148.35608731210232 47.673873573541641 118.73839524388313 71.322564303874969 41.630642652511597 19.09544812142849 98.507519721984863 25.106506019830704 53.315185755491257 53.496363937854767 55.51538573205471 49.579031869769096 323.59321860969067
leaf_count=108 838 396 189 323 206 120 72 366 96 156 172 162 145 782
internal_value=-2.51005e-05 -0.0299194 -0.011498 0.0327025 -0.00325574 0.0371976 -0.0256186 -0.0424314 0.0112533 -0.0176933 0.0231638 0.0492997 -0.00953293 0.0551136
internal_weight=1356.27 708.86 488.031 647.406 440.357 617.899 238.505 167.182 197.16 78.4217 201.852 420.739 68.6745 365.224
internal_count=4131 2384 1546 1747 1357 1639 789 583 575 252 568 1064 217 902
is_linear=0
shrinkage=0.05


Tree=3
num_leaves=15
num_cat=0
split_feature=3 44 44 42 44 53 55 55 13 45 3 51 36 26
split_gain=732.985 335.004 115.786 94.7236 60.8683 53.125 46.9797 41.9912 40.8365 28.7342 26.1071 26.0988 25.2714 26.447
threshold=0.082650273224043724 0.95005083084106456 1.4808565974235537 0.54679179191589367 0.27999739348888403 0.7231800766283526 0.31501775979995733 0.66410729289054882 1.0649226082141463 0.25568475452196388 0.49576271186440685 0.5628591954022989 15.758496732026146 0.77563796332967427
decision_type=2 2 2 2 2 2 2 2 2 2 2 2 2 2
left_child=2 4 -1 6 -2 12 -3 -7 11 10 -5 -6 13 -4
right_child=1 3 5 9 8 7 -8 -9 -10 -11 -12 -13 -14 -15
leaf_value=-0.069038855244098127 -0.07470800925215372 0.028897712183685371 -0.055351001613836485 -0.037862284795281205 -0.022498308559443944 0.016920404154128283 -0.043802096548659457 -0.063898407533676302 -0.07872938863531237 0.053251963728340901 0.040551368918530548 0.032446596502515052 -0.043955975194593246 0.024499061572637891
leaf_weight=285.58551992475986 61.873603001236916 46.149315148591995 10.906366169452665 16.323259547352791 46.400660634040833 19.826976001262665 41.052187666296959 76.383873656392097 17.844511419534683 561.61854499578476 26.528472751379013 38.732975706458092 21.99677449464798 81.365259528160095
leaf_count=1094 241 126 40 56 153 57 144 286 70 1385 69 105 77 228
internal_value=-3.42524e-05 0.0279683 -0.0483435 0.0432261 -0.0359237 -0.0200696 -0.00543604 -0.0472407 -0.0121261 0.0502435 0.0104994 0.00258627 0.00301901 0.0145687
internal_weight=1352.59 856.524 496.065 691.672 164.852 210.479 87.2015 96.2108 102.978 604.47 42.8517 85.1336 114.268 92.2716
internal_count=4131 2349 1782 1780 569 688 270 343 328 1510 125 258 345 268
is_linear=0
shrinkage=0.05


Tree=4
num_leaves=15
num_cat=0
split_feature=44 55 31 17 44 13 31 55 13 5 23 55 53 51
split_gain=584.001 148.498 102.263 72.5336 63.3004 66.7315 53.3059 57.7193 45.286 39.5465 35.5697 31.3102 25.7596 25.4103
threshold=1.1131472587585451 1.7304248213768008 0.22756041426927506 0.50274725274725285 0.34569990634918218 0.60756825471191533 0.30663489736070387 0.92402186989784252 0.41056956732783362 1.0000000180025095e-35 0.28456171756570647 2.8731845617294316 0.48331479421579543 0.52976612331679673
decision_type=2 2 2 2 2 2 2 2 2 2 2 2 2 2
left_child=4 3 9 6 -1 11 -2 -8 -5 -3 -11 13 -7 -6
right_child=1 2 -4 8 5 12 7 -9 -10 10 -12 -13 -14 -15
leaf_value=-0.073240724035315369 0.052813064603307661 -0.0564520079754538 -0.048370314456629808 0.045790419890905376 -0.018229316983775123 -0.013022229711294894 0.034226951586145367 -0.031310846082845123 -0.022003720287705454 -0.029453047294644197 0.038581531971270296 -0.046612359904057259 -0.067649354045815679 0.03589864944398706
leaf_weight=164.00790095329285 364.46225614845753 15.48044531047344 104.97188511490822 33.996950209140778 40.099457308650017 27.521625965833664 160.57132013142109 41.572143971920013 82.191435560584068 22.825967088341713 102.1896737664938 32.285837143659592 109.13385431468487 45.061024695634842
leaf_count=646 904 57 377 86 131 90 429 141 267 77 270 117 418 121
internal_value=-4.51879e-05 0.0220536 -0.0112663 0.0340312 -0.049043 -0.033199 0.041399 0.0206609 -0.00194555 0.016602 0.0260243 -0.00546423 -0.0568223 0.0104957
internal_weight=1346.37 928.262 245.468 682.794 418.11 254.102 566.606 202.143 116.188 140.496 125.016 117.446 136.655 85.1605
internal_count=4131 2608 781 1827 1523 877 1474 570 353 404 347 369 508 252
is_linear=0
shrinkage=0.05


Tree=5
num_leaves=15
num_cat=0
split_feature=44 45 55 32 25 32 42 42 55 55 44 31 25 44
split_gain=530.56 160.526 96.8258 84.245 83.7992 61.4609 40.386 39.4361 39.6377 39.0628 36.1018 35.5055 32.7548 29.7477
threshold=1.1131472587585451 0.34351679104477617 0.68427976965904247 0.6014705882352942 0.52401700615882885 0.083835341365461849 1.2061467170715334 0.68409767746925365 0.38451126217842108 1.9308664202690127 0.27999739348888403 0.22756041426927506 0.72589254379272472 0.65872547030448925
decision_type=2 2 2 2 2 2 2 2 2 2 2 2 2 2
left_child=3 2 -2 13 -3 -6 -4 8 -7 -9 -5 -11 -8 -1
right_child=1 4 6 10 5 7 12 9 -10 11 -12 -13 -14 -15
leaf_value=-0.069467087740668718 0.019860602678888943 -0.053178465229440433 -0.077084240110335892 -0.06904520602624091 -0.054843960967027219 0.042481070880838127 -0.078497689409559937 0.051836586908127848 -0.019514357776574044 0.038259033625190612 0.016989364508357002 -0.020149256961586898 -0.0022948178013339612 -0.038483244170585448
leaf_weight=207.55289620161057 113.17960749566555 26.00468698143959 51.672516152262688 14.095963209867476 16.926038026809692 49.18596288561821 17.397402748465538 423.36336275935173 52.147996842861176 76.597187533974648 62.416329115629196 38.37586709856987 60.669269412755966 131.21257811784744
leaf_count=821 318 96 203 56 63 127 70 1047 170 201 180 126 187 466
internal_value=-5.22444e-05 0.0210145 -0.0138498 -0.0469408 0.0334238 0.0369294 -0.0431844 0.0394396 0.0106983 0.0448198 0.000452822 0.0187578 -0.0200549 -0.0576148
internal_weight=1340.8 925.52 242.919 415.278 682.601 656.596 129.739 639.67 101.334 538.336 76.5123 114.973 78.0667 338.765
internal_count=4131 2608 778 1523 1830 1734 460 1671 297 1374 236 327 257 1287
is_linear=0
shrinkage=0.05


Tree=6
num_leaves=15
num_cat=0
split_feature=3 44 42 44 31 54 44 35 45 4 33 7 44 33
split_gain=597.777 253.382 94.0261 90.715 39.5598 48.1954 31.4121 30.8728 30.0683 29.4367 27.155 32.8808 26.8764 26.1258
threshold=0.082650273224043724 0.73436856269836437 0.54679179191589367 1.4808565974235537 0.23447145061728397 1.0000000180025095e-35 1.2776715159416201 2.0906892435117101 0.33834841628959283 0.87793856859207164 0.28406861424446112 0.65409567952156078 0.27999739348888403 0.33956377208232885
decision_type=2 2 2 2 2 2 2 2 2 2 2 2 2 2
left_child=3 9 -3 13 7 -6 8 -5 -4 12 -10 -12 -2 -1
right_child=1 2 6 4 5 -7 -8 -9 10 -11 11 -13 -14 -15
leaf_value=-0.029176459901729214 -0.051929056441171011 -0.0095929336947822175 -0.040809899349327786 0.032079978325617285 -0.055452466197149636 0.020923995209439699 0.048737714804174548 -0.025220109536341819 0.065921518693649872 -0.060764202552490577 0.048194871612393976 -0.022087295681692209 0.024999840476675434 -0.069880086180876516
leaf_weight=50.070121556520462 19.367674991488457 95.892919480800629 16.665887415409088 49.335582956671715 90.366871222853661 26.10622875392437 515.20315743982792 43.135834932327271 33.655823081731796 75.18152891099453 30.265358179807663 34.687345013022423 24.725264966487885 228.89240324497223
leaf_count=173 75 302 58 134 337 73 1285 144 78 292 76 113 70 921
internal_value=-6.36973e-05 0.0253561 0.0364481 -0.0440833 -0.0190417 -0.0383011 0.0434549 0.00536692 0.0196278 -0.0419346 0.0301496 0.0108956 -0.00919316 -0.0627046
internal_weight=1333.55 845.645 726.37 487.907 208.945 116.473 630.478 92.4714 115.274 119.274 98.6085 64.9527 44.0929 278.963
internal_count=4131 2349 1912 1782 688 410 1610 278 325 437 267 189 145 1094
is_linear=0
shrinkage=0.05


Tree=7
num_leaves=15
num_cat=0
split_feature=3 44 42 55 55 33 44 44 44 53 42 12 17 45
split_gain=548.609 282.163 94.0473 76.3575 46.2729 43.8013 38.6519 35.8758 35.4968 38.8655 31.0661 30.7545 27.9618 27.4635
threshold=1.0000000180025095e-35 0.71219757199287426 0.54679179191589367 0.52132797241210949 0.31501775979995733 0.36735469102859503 1.2776715159416201 1.0964261889457705 1.595135569572449 0.73508771929824568 0.56682702898979198 3.4612596035003667 0.50274725274725285 0.32330316742081455
decision_type=2 2 2 2 2 2 2 2 2 2 2 2 2 2
left_child=3 5 4 7 -3 -2 13 -1 -5 10 -10 -12 -8 -4
right_child=1 2 6 8 -6 -7 12 -9 9 -11 11 -13 -14 -15
leaf_value=-0.069402660931430063 0.014979639638287398 0.021323933901882086 -0.042992201822900561 -0.069878447761552664 -0.044068081726041264 -0.056510573794453817 0.049926284611975728 0.028379425534384668 -0.08160389894084169 -0.062925010200432896 0.046232851087456173 -0.031146746570393149 0.017523930697216764 0.023767315289088597
leaf_weight=11.05789804458618 25.744876950979233 54.034443557262421 16.881316006183624 220.50404432415962 52.316416084766388 116.75183333456516 470.81214544177055 41.342141702771187 10.312463641166685 63.070265218615532 26.366693630814552 23.251499071717262 79.178673356771469 112.85327516496181
leaf_count=45 76 151 60 897 187 459 1170 114 42 244 68 80 222 316
internal_value=-6.78514e-05 0.0209435 0.0326806 -0.0492774 -0.0109547 -0.0435801 0.0395139 0.00683137 -0.0578315 -0.0358455 -0.0067824 0.0100732 0.0453018 0.014818
internal_weight=1324.48 928.573 786.076 395.905 106.351 142.497 679.725 52.4 343.505 123.001 59.9307 49.6182 549.991 129.735
internal_count=4131 2641 2106 1490 338 535 1768 159 1331 434 190 148 1392 376
is_linear=0
shrinkage=0.05


Tree=8
num_leaves=15
num_cat=0
split_feature=3 33 55 33 43 3 7 43 5 31 45 3 17 33
split_gain=504.205 119.733 79.1151 75.5652 65.7786 51.2035 37.1971 34.2043 32.7944 31.7722 30.7028 26.9443 26.9305 25.9295
threshold=0.12403846153846156 1.1837548017501833 0.92402186989784252 0.27782796323299414 17.877906638001743 1.0000000180025095e-35 0.6733280122280122 5.5723819821568794 0.83119958639144909 0.2091287747309962 0.3697141155449673 0.50490196078431382 0.68683574879227061 0.29409419000148779
decision_type=2 2 2 2 2 2 2 2 2 2 2 2 2 2
left_child=2 3 7 12 6 -4 -5 -1 -7 -10 13 -8 -2 -9
right_child=1 -3 5 4 -6 8 11 10 9 -11 -12 -13 -14 -15
leaf_value=-0.059151375293784426 0.048087816102029793 -0.073041699426611081 -0.059461484098870726 0.021144968518412605 0.046469109274242824 -0.056912199147296796 -0.031344311898489269 0.011383238422525692 0.02772180311918648 -0.045105567686280462 0.027296599790312511 0.012894405854955437 -0.041786815428018348 -0.054064713644003337
leaf_weight=24.430258065462112 354.14328910410404 28.556559473276138 291.43025733530521 123.18226148188114 110.65958808362484 33.613014847040176 96.891481220722198 29.433715537190437 43.530398577451706 21.569481164216995 67.214023813605309 52.387395888566971 7.810030832886695 29.535464286804199
leaf_count=97 889 120 1161 353 280 134 330 86 123 78 189 153 27 111
internal_value=-7.81496e-05 0.0258003 -0.0370802 0.0296814 0.0141482 -0.0489381 0.000899168 -0.00624404 -0.017585 0.00327465 0.00438387 -0.0158368 0.0460388 -0.0217521
internal_weight=1314.39 773.631 540.757 745.074 383.121 390.143 272.461 150.613 98.7129 65.0999 126.183 149.279 361.953 58.9692
internal_count=4131 2152 1979 2032 1116 1496 836 483 335 201 386 483 916 197
is_linear=0
shrinkage=0.05


Tree=9
num_leaves=15
num_cat=0
split_feature=44 45 33 55 25 33 42 26 45 14 55 28 31 55
split_gain=383.11 126.261 91.0083 73.2528 64.0681 51.3874 44.4222 38.3341 36.5952 33.7134 31.3127 26.5109 23.3125 44.1994
threshold=1.1131472587585451 0.34351679104477617 0.35546143352985388 0.48121702671051031 0.52401700615882885 1.3211787939071657 0.93202617764472973 1.4266745284443363 0.38035823637477045 0.33887760323802557 0.39818713068962103 1.1221798134011876 0.23570261437908499 1.0203049182891848
decision_type=2 2 2 2 2 2 2 2 2 2 2 2 2 2
left_child=2 3 8 -2 -3 9 -5 -8 -1 12 -4 -10 -6 -14
right_child=1 4 10 6 5 -7 7 -9 11 -11 -12 -13 13 -15
leaf_value=-0.046035385202194225 0.022259902849326853 -0.047624132976924728 -0.012801445210214039 -0.073835780633240436 0.053799917284399791 -0.072593415271437076 -0.074073032690482044 0.00057052509700122682 0.047008817253187937 0.018676571198204876 -0.059489292958935569 -0.021699199474298728 0.045889626971890182 -0.0070854663522600869
leaf_weight=24.571274012327194 89.600061222910881 25.327090263366699 42.101483538746834 47.972587242722511 219.49497972428799 10.598703801631926 20.935277998447418 79.616128951311111 42.18037486076355 230.39688512682915 271.28642611205578 20.087362512946129 124.16441987454891 57.093488857150078
leaf_count=91 248 96 143 196 541 43 88 246 109 652 1113 67 315 183
internal_value=-8.58411e-05 0.0179239 -0.040762 -0.0132902 0.0290695 0.0321657 -0.0347419 -0.015547 0.00449796 0.0340369 -0.0532778 0.0248512 0.0427993 0.029256
internal_weight=1305.43 905.2 400.227 238.124 667.076 641.748 148.524 100.551 86.839 631.15 313.388 62.2677 400.753 181.258
internal_count=4131 2608 1523 778 1830 1734 530 334 267 1691 1256 176 1039 498
is_linear=0
shrinkage=0.05


Tree=10
num_leaves=15
num_cat=0
split_feature=3 33 42 33 43 55 43 54 31 42 38 45 45 33
split_gain=434.082 102.83 80.7546 69.1311 44.5612 44.3506 37.7535 33.876 50.8779 33.8167 32.5559 30.214 25.7996 22.3881
threshold=0.12403846153846156 1.1837548017501833 0.54679179191589367 0.35546143352985388 11.251528430216181 0.1483283266425133 20.584015468677858 1.0000000180025095e-35 0.24712491738268344 0.40088455379009252 10.723223244147158 0.25568475452196388 0.43449656750572091 0.28777082264423376
decision_type=2 2 2 2 2 2 2 2 2 2 2 2 2 2
left_child=3 2 5 7 10 -2 -5 8 9 -1 13 -6 -8 -4
right_child=1 -3 4 6 11 -7 12 -9 -10 -11 -12 -13 -14 -15
leaf_value=-0.077169333848250352 0.040896750309427271 -0.06905498073870979 0.039697697426577527 -0.055468076587887764 -0.0040244416771008443 -0.033958354192043683 -0.041903452792745953 0.028200919864061681 -0.049356281994295495 0.021324671442633558 -0.059583478881427593 0.048730318240490601 0.02845581945830248 0.0086236438303772412
leaf_weight=9.0761203914880735 26.011295914649963 27.651899516582489 99.501683831214905 286.22692431509495 29.202542185783386 73.492552876472473 26.188603714108467 42.215694025158882 79.530070707201958 63.874194234609604 12.034037023782728 357.97875186800957 24.068135514855385 138.69682359695435
leaf_count=38 67 120 258 1172 89 256 99 115 302 184 45 898 69 419
internal_value=-9.41852e-05 0.0240159 0.0275971 -0.0347777 0.0341305 -0.0141783 -0.0484702 -0.0109869 -0.0219495 0.00819271 0.0175844 0.0447513 -0.00831036 0.0217158
internal_weight=1295.75 764.57 736.918 531.18 637.414 99.5038 336.484 194.696 152.48 72.9503 250.233 387.181 50.2567 238.199
internal_count=4131 2152 2032 1979 1709 323 1340 639 524 222 722 987 168 677
is_linear=0
shrinkage=0.05


Tree=11
num_leaves=15
num_cat=0
split_feature=44 25 33 17 55 13 55 33 43 53 13 28 55 33
split_gain=329.721 100.517 84.3266 54.6514 55.6247 45.3779 28.2466 27.9172 27.4853 27.4706 40.9895 27.4478 26.0266 25.4769
threshold=1.1213716864585879 0.56054335832595836 0.35546143352985388 0.50274725274725285 2.4845210313797002 0.41056956732783362 6.5497822761535653 0.23780304938554767 18.713642914209405 0.71198156682027658 0.47447046635713597 1.113992697594502 0.39818713068962103 1.3211787939071657
decision_type=2 2 2 2 2 2 2 2 2 2 2 2 2 2
left_child=2 -2 11 4 7 -5 -6 -3 9 -9 -11 -1 -4 -8
right_child=1 3 12 5 6 -7 13 8 -10 10 -12 -13 -14 -15
leaf_value=0.025507315492115379 -0.048811004084004066 0.046136685534149041 -0.013593943901126882 0.037960864735068489 -0.025952711041012273 -0.026106345848858022 0.040304815806881139 0.032750046184560747 0.042877013389671793 0.030189875567933306 -0.026101504185933433 -0.032085524553031493 -0.056072203270358202 -0.069486993632791816
leaf_weight=57.186306580901146 53.849521726369858 235.3003169298172 42.577634051442146 37.550311356782913 67.282036259770393 96.838601782917976 37.340777158737183 103.04366524517536 122.68832190334797 56.06095752120018 73.647587582468987 31.119343176484108 265.61771680414677 5.1999488174915305
leaf_count=162 212 602 146 98 232 325 99 280 321 152 249 110 1121 22
internal_value=-9.88169e-05 0.0168144 -0.0379587 0.0211002 0.0266969 -0.00805683 -0.00593382 0.032763 0.023805 0.0136114 -0.00172713 0.0050793 -0.0502667 0.0255968
internal_weight=1285.3 888.802 396.501 834.953 700.564 134.389 109.823 590.741 355.441 232.752 129.709 88.3056 308.195 42.5407
internal_count=4131 2592 1539 2380 1957 423 353 1604 1002 681 401 272 1267 121
is_linear=0
shrinkage=0.05


Tree=12
num_leaves=15
num_cat=0
split_feature=3 33 42 33 7 12 43 43 53 13 6 7 49 53
split_gain=384.169 140.984 83.5963 54.6243 45.2455 42.6071 35.4957 33.9957 29.585 26.4559 24.4778 20.9985 24.2015 20.7425
threshold=1.0000000180025095e-35 1.1837548017501833 0.45891274511814123 0.32457846403121954 0.73666957020759594 0.94704639911651622 22.341906241906248 17.290083064812539 0.56125000000000014 0.48195256175220674 0.45557272434234625 0.6733280122280122 1.4606404079055746 0.61200716845878145
decision_type=2 2 2 2 2 2 2 2 2 2 2 2 2 2
left_child=5 2 9 -4 7 8 -7 11 -1 -2 -11 -5 -13 -6
right_child=1 -3 3 4 13 6 -8 -9 -10 10 -12 12 -14 -15
leaf_value=-0.040575204948812615 0.013653135999123215 -0.067031867858748234 0.03985535136628221 0.023068529123682513 0.015290255572554413 -0.055530263325394819 -0.0071693066616071487 0.05044989824391391 0.035477847539870606 0.024437326435363397 -0.053691046190616237 -0.043289586241355024 0.018882135795982219 -0.038856752141000796
leaf_weight=22.557847172021866 36.046900987625122 45.689052358269691 422.28650249540806 116.62418550252914 26.081760391592979 282.18057556450367 44.18469612300396 76.769253507256508 26.969272270798683 11.698707684874533 52.845983192324638 30.963747292757034 29.839504569768906 51.192847982048988
leaf_count=83 107 207 1103 341 78 1184 149 193 74 34 197 113 87 181
internal_value=-9.82211e-05 0.0176321 0.0222328 0.0279451 0.0126974 -0.0424859 -0.0490249 0.0228666 0.000720902 -0.0204241 -0.0393735 0.010716 -0.0129667 -0.0206192
internal_weight=1275.93 900.038 854.349 753.758 331.471 375.892 326.365 254.197 49.5271 100.592 64.5447 177.427 60.8033 77.2746
internal_count=4131 2641 2434 2096 993 1490 1333 734 157 338 231 541 200 259
is_linear=0
shrinkage=0.05


Tree=13
num_leaves=15
num_cat=0
split_feature=3 43 42 12 43 3 43 3 53 13 7 5 4 51
split_gain=350.757 97.4769 68.0476 39.3985 34.7507 44.2576 33.1456 27.5341 26.8788 21.3116 19.6569 18.959 18.7372 17.3014
threshold=1.0000000180025095e-35 5.5723819821568794 0.40088455379009252 0.94704639911651622 17.670427627208749 0.22767145135566189 22.341906241906248 0.50490196078431382 0.56125000000000014 0.48195256175220674 0.67549192905426036 0.67644309997558605 1.6120643019676211 0.46709956709956718
decision_type=2 2 2 2 2 2 2 2 2 2 2 2 2 2
left_child=3 7 9 8 5 10 12 -2 -1 -3 11 -4 -5 -12
right_child=1 2 4 6 -6 -7 -8 -9 -10 -11 13 -13 -14 -15
leaf_value=-0.038792707757082157 -0.02914554040426225 0.016675809990020898 -0.053944649816144469 -0.066693629173588731 0.045784614372514368 0.031651810111608496 -0.0068251083948831911 0.015569957847242414 0.033787989714756904 -0.038264754148016417 0.010055753750453221 0.037464687154601849 -0.040033427139449171 -0.038134137358542562
leaf_weight=22.463004484772682 124.77502240240574 26.195083454251289 5.837194323539733 139.59382675588131 229.8076818883419 299.10776104032993 44.143834426999092 46.672511771321297 26.952578991651535 50.316501572728157 30.028382048010826 34.60948671400547 138.15819300711155 46.606975957751274
leaf_count=83 467 75 24 623 590 815 149 140 74 180 91 93 561 166
internal_value=-0.000100251 0.0168663 0.0249038 -0.0408839 0.0301828 0.0214789 -0.0472468 -0.0169531 0.00067971 -0.0194824 -0.00455759 0.0232894 -0.0536236 -0.0193654
internal_weight=1265.27 893.957 722.509 371.311 645.997 416.19 321.896 171.448 49.4156 76.5116 117.082 40.4467 277.752 76.6354
internal_count=4131 2641 2034 1490 1779 1189 1333 607 157 255 374 117 1184 257
is_linear=0
shrinkage=0.05


Tree=14
num_leaves=15
num_cat=0
split_feature=3 44 42 54 55 44 31 33 3 31 17 12 29 12
split_gain=320.507 175.953 65.3439 57.6069 40.2246 35.243 32.9209 28.4323 25.6052 28.5621 22.9364 26.068 22.4225 20.9642
threshold=1.0000000180025095e-35 0.71219757199287426 0.6275041699409486 1.0000000180025095e-35 0.1483283266425133 1.595135569572449 0.24264069264069268 0.41086539626121527 0.22767145135566189 0.30663489736070387 0.46702898550724642 4.4412486553192148 92.500000000000014 8.2283997535705584
decision_type=2 2 2 2 2 2 2 2 2 2 2 2 2 2
left_child=3 7 4 5 -3 -1 10 -2 9 -4 11 -7 -9 -6
right_child=1 2 8 -5 13 6 -8 12 -10 -11 -12 -13 -14 -15
leaf_value=-0.059121064698314157 0.0064464554972776316 0.039740212431060011 0.025736290513355516 0.015393217554527059 -0.031337409152759184 0.045557345846561771 -0.049019534860434699 0.059808061217367509 0.038434700706274999 -0.024423479359523284 -0.051963030737843655 -0.037674115530730953 -0.053305766659396139 0.047488066454207507
leaf_weight=204.45688198506832 29.797074526548386 32.766261205077171 142.40175166726112 42.017861619591713 85.489452227950096 30.500299483537674 63.717513620853424 3.7795750498771659 450.8482958227396 34.537754118442535 13.260369390249251 12.540204182267187 100.50231203436852 8.4575684517621976
leaf_count=926 91 85 398 124 295 81 260 11 1192 114 52 47 433 22
internal_value=-0.000103038 0.0161241 0.0255062 -0.0393834 -0.00719859 -0.0465022 -0.0246944 -0.0364696 0.0321083 0.0158631 0.00321012 0.0210024 -0.048677 -0.0238157
internal_weight=1255.07 888.58 754.501 366.493 126.713 324.475 120.018 134.079 627.788 176.94 56.3009 43.0405 104.282 93.947
internal_count=4131 2641 2106 1490 402 1366 440 535 1704 512 180 128 444 317
is_linear=0
shrinkage=0.05


Tree=15
num_leaves=15
num_cat=0
split_feature=3 33 42 55 33 7 55 43 36 7 49 1 5 25
split_gain=293.57 117.412 65.422 48.0367 47.1573 41.2146 32.0141 27.6066 23.9373 19.0054 20.8944 17.5644 17.0508 18.369
threshold=1.0000000180025095e-35 1.1837548017501833 0.45891274511814123 0.92402186989784252 0.32457846403121954 0.73666957020759594 0.29326054453849798 17.290083064812539 12.748042580986459 0.6733280122280122 1.4606404079055746 0.18563409149646762 0.87843811511993419 0.72589254379272472
decision_type=2 2 2 2 2 2 2 2 2 2 2 2 2 2
left_child=3 2 6 11 12 7 -2 9 -7 -6 -11 -1 -4 -14
right_child=1 -3 4 -5 5 8 -8 -9 -10 10 -12 -13 13 -15
leaf_value=-0.026147131582074618 0.01308292363300545 -0.063856446122991628 0.0093501730140660259 -0.049018939037910401 0.021217440934177392 -0.0022976872435628436 -0.043434492947348878 0.04562500333140429 -0.061902990097180435 -0.041525470401126488 0.016522526866076342 0.016454494534914817 -0.018067493746932183 0.042059359479355726
leaf_weight=54.884712398052216 44.636175975203514 43.386995926499367 53.16333694756031 264.33936432003975 115.40346863865852 52.729718789458275 55.073344901204109 74.517152830958366 23.806848227977753 30.664744406938553 29.567912608385086 41.769079744815826 12.65850095450878 346.15569795668125
leaf_count=201 129 207 156 1161 341 168 209 193 91 113 87 128 41 906
internal_value=-0.000104392 0.015445 0.0196201 -0.0380232 0.0247505 0.0105171 -0.0182551 0.0203279 -0.0213973 0.00939756 -0.0132255 -0.0077568 0.0359845 0.0398938
internal_weight=1242.76 881.764 838.377 360.993 738.667 326.69 99.7095 250.153 76.5366 175.636 60.2327 96.6538 411.978 358.814
internal_count=4131 2641 2434 1490 2096 993 338 734 259 541 200 329 1103 947
is_linear=0
shrinkage=0.05


Tree=16
num_leaves=15
num_cat=0
split_feature=3 43 55 45 45 53 43 12 38 31 45 32 43 25
split_gain=270.29 55.14 51.0518 44.5432 30.9915 29.8201 36.5223 28.7996 25.4805 24.3619 23.1566 18.9532 18.5843 18.5442
threshold=0.12403846153846156 11.251528430216181 0.96557176113128673 0.24575783721599082 0.90967365967365976 0.62284482758620696 5.9194893242845597 4.1171903610229501 10.723223244147158 0.29061583577712619 0.3697141155449673 0.054571173317450865 5.5723819821568794 0.71545645594596874
decision_type=2 2 2 2 2 2 2 2 2 2 2 2 2 2
left_child=2 4 10 -3 8 6 -4 9 13 11 -1 -8 -12 -2
right_child=1 3 5 -5 -6 -7 7 -9 -10 -11 12 -13 -14 -15
leaf_value=-0.024957906913980317 -0.031524308440144658 -0.024370242617313916 -0.054270372031334169 0.035785773444007726 -0.059011164056122438 -0.052135924547642744 -0.059438806380376887 -0.031733376460898514 -0.053810442973372612 -0.056442966996768852 -0.039181697464493431 0.046681056394674569 0.024391671696764317 0.014605648364076905
leaf_weight=70.70720911026001 22.858545258641243 32.739041984081268 56.06514535844326 386.72902148962021 17.766515359282494 192.53218798339367 3.832952380180358 47.327404737472534 15.180776849389074 7.5027092695236197 12.856091067194937 39.849856525659561 68.155746400356293 257.17566318809986
leaf_count=257 87 108 264 1048 81 857 18 187 57 33 54 112 197 771
internal_value=-0.000107934 0.0192154 -0.0284628 0.0310439 0.00331411 -0.0390129 -0.0224377 -0.00395788 0.0072515 0.02184 -0.00422831 0.0362477 0.0139482 0.0107414
internal_weight=1231.28 732.45 498.829 419.468 312.982 347.11 154.578 98.5129 295.215 51.1855 151.719 43.6828 81.0118 280.034
internal_count=4131 2152 1979 1156 996 1471 614 350 915 163 508 130 251 858
is_linear=0
shrinkage=0.05


Tree=17
num_leaves=15
num_cat=0
split_feature=3 44 42 54 44 55 31 33 45 17 45 44 27 17
split_gain=247.868 143.541 55.972 50.2982 33.9936 33.8699 29.8586 24.4793 23.4386 22.1735 26.4045 22.6467 20.5838 20.4389
threshold=1.0000000180025095e-35 0.71219757199287426 0.72227859497070324 1.0000000180025095e-35 1.595135569572449 0.1483283266425133 0.24264069264069268 0.41086539626121527 0.43195847362514034 0.51099033816425132 0.49264546831062089 1.2776715159416201 0.42521734801087452 0.46702898550724642
decision_type=2 2 2 2 2 2 2 2 2 2 2 2 2 2
left_child=3 7 5 4 -1 -3 13 -2 -7 11 -11 -4 -13 -6
right_child=1 2 9 -5 6 8 -8 -9 -10 10 -12 12 -14 -15
leaf_value=-0.055290482066151947 0.0057186620713330907 0.035263491253725521 0.012641524191726062 0.01554242584846869 0.02240682624127386 -0.044919256260254475 -0.044668407280772024 -0.045705556130619232 0.0014207817609876475 -0.035496773739099007 0.026537651011492955 0.028197065940337603 0.05092293268080135 -0.047307192782382948
leaf_weight=193.0136906504631 29.708198085427284 38.152485519647598 107.88994918763638 42.018454492092133 42.626801580190659 47.476490050554276 61.181780934333801 100.51720853149891 62.291842818260193 26.38958577811718 44.920127153396606 226.69279816746712 185.43459090590477 12.863332420587538
leaf_count=926 91 101 319 124 128 174 260 444 193 90 124 631 474 52
internal_value=-0.00012161 0.0142058 0.0227357 -0.0354812 -0.0424319 -0.00474716 -0.0208704 -0.03402 -0.0188466 0.0296069 0.00340715 0.0331862 0.038521 0.00569485
internal_weight=1221.18 869.473 739.248 351.704 309.686 147.921 116.672 130.225 109.768 591.327 71.3097 520.017 412.127 55.4901
internal_count=4131 2641 2106 1490 1366 468 440 535 367 1638 214 1424 1105 180
is_linear=0
shrinkage=0.05


Tree=18
num_leaves=15
num_cat=0
split_feature=3 44 44 33 53 42 25 43 7 44 7 17 21 42
split_gain=228.588 98.1185 64.1632 51.369 34.2349 32.59 30.4006 28.2548 27.3518 24.9019 24.5488 21.6003 20.6045 20.0972
threshold=0.12403846153846156 1.2723724246025088 1.4808565974235537 0.27782796323299414 0.7231800766283526 0.074681848287582411 2.6574722528457646 19.538920366667131 0.66610267758369457 0.27999739348888403 0.61360055208206188 0.49181796464405164 0.37858312858312865 0.12154968082904817
decision_type=2 2 2 2 2 2 2 2 2 2 2 2 2 2
left_child=2 3 -1 -2 6 12 13 8 9 -5 -6 -7 -3 -4
right_child=1 5 4 7 10 11 -8 -9 -10 -11 -12 -13 -14 -15
leaf_value=-0.043308420303855712 0.032012996113040509 -0.055598326994439479 -0.022867681496598138 -0.0555031488975401 0.023211365781287883 0.037717312678647419 -0.047745301931171089 0.044964998700805656 -0.050860850599193944 0.0082727174560351061 -0.04034211505531933 0.0078889808013717054 0.024323319227824398 0.031176080809120734
leaf_weight=262.42317113280296 53.740551620721817 16.683599010109905 20.63382551074028 19.799401924014091 17.949805557727814 398.83765770494938 18.146194711327553 12.867419078946112 76.308953374624252 57.210697963833809 81.115939825773239 72.276429399847984 14.021300464868544 86.542255207896233
leaf_count=1208 146 62 72 93 55 1082 69 33 306 177 327 213 40 248
internal_value=-0.000123019 0.017727 -0.0265696 -0.0100889 -0.00688817 0.0299135 0.0104524 -0.0238137 -0.0298399 -0.00862544 -0.0287099 0.0331676 -0.0194863 0.0206562
internal_weight=1208.56 721.746 486.811 219.927 224.388 501.819 125.322 166.186 153.319 77.0101 99.0657 471.114 30.7049 107.176
internal_count=4131 2152 1979 755 771 1397 389 609 576 270 382 1295 102 320
is_linear=0
shrinkage=0.05


Tree=19
num_leaves=15
num_cat=0
split_feature=3 44 42 54 44 55 31 33 45 3 45 29 33 35
split_gain=211.423 120.439 49.5247 47.1782 30.6289 30.3187 26.5972 21.7342 21.1618 28.2481 21.0493 20.3016 19.9575 18.5593
threshold=1.0000000180025095e-35 0.71219757199287426 0.72227859497070324 1.0000000180025095e-35 1.595135569572449 0.1483283266425133 0.24264069264069268 0.36735469102859503 0.33834841628959283 0.36788399570354463 0.43195847362514034 89.500000000000014 0.34295804798603063 2.3035328073964862
decision_type=2 2 2 2 2 2 2 2 2 2 2 2 2 2
left_child=3 7 5 4 -1 -3 13 -2 9 -4 -7 -9 -5 -6
right_child=1 2 8 12 6 10 -8 11 -10 -11 -12 -13 -14 -15
leaf_value=-0.05280002110447566 0.0094324040651144886 0.03319655554995312 -0.034303031727673065 0.038663150721297022 0.029963519427079834 -0.043022932559453372 -0.042533198409083546 0.061209687839838912 0.031763417741093619 0.023996471773302303 0.001005572169765441 -0.046431424217330042 -0.033967076321710608 -0.027579941071696895
leaf_weight=184.98721036314964 25.415138706564903 37.730304926633835 29.203455969691277 29.049220696091652 31.609919369220734 47.20454116165638 59.820356667041779 3.7483655065298072 486.15838435292244 65.683767095208168 62.038845792412758 97.703531354665756 12.904750451445578 23.59557418525219
leaf_count=926 76 101 101 76 92 174 260 11 1353 184 193 448 48 88
internal_value=-0.000124201 0.0131676 0.0210051 -0.033294 -0.040225 -0.00489815 -0.0197208 -0.0316199 0.0275544 0.00588301 -0.018237 -0.0418958 0.0160519 0.00531556
internal_weight=1196.85 854.886 728.019 341.967 300.013 146.974 115.026 126.867 581.046 94.8872 109.243 101.452 41.954 55.2055
internal_count=4131 2641 2106 1490 1366 468 440 535 1638 285 367 459 124 180
is_linear=0
shrinkage=0.05


Tree=20
num_leaves=15
num_cat=0
split_feature=3 44 42 54 55 44 44 50 31 17 44 29 28 12
split_gain=193.854 110.24 51.7437 43.6208 33.9938 33.9497 29.1955 26.3888 24.7719 23.9366 23.6254 22.3259 21.7072 21.5818
threshold=1.0000000180025095e-35 0.34569990634918218 0.48861095309257513 1.0000000180025095e-35 0.29326054453849798 1.2776715159416201 1.595135569572449 1.2973189097519675 0.32529069767441871 0.46702898550724642 2.7630797624588017 89.500000000000014 1.1612697603263642 4.4412486553192148
decision_type=2 2 2 2 2 2 2 2 2 2 2 2 2 2
left_child=3 11 4 6 -3 7 -1 -4 9 13 -7 -2 -9 -8
right_child=1 2 5 -5 -6 10 8 12 -10 -11 -12 -13 -14 -15
leaf_value=-0.051443370275209947 0.065268543509611116 0.015584534327192288 0.034159878135709219 0.015315391394521032 -0.042658744036913353 0.034741440400723141 0.032670857595895567 0.0033756617002188636 -0.051323170633391937 -0.049166977751229135 0.0061297751041107552 -0.050499913126342416 -0.045491992035797617 -0.034991627697276033
leaf_weight=180.51318544149399 3.5763090848922721 46.514514416456223 49.622722640633583 41.78635561466217 52.302519470453262 415.43878793716431 41.522305652499199 90.519855454564095 37.992842674255371 19.164588391780853 87.854588747024536 72.819220528006554 29.289032429456711 15.385256201028822
leaf_count=926 10 133 137 124 200 1145 121 289 175 83 267 349 111 61
internal_value=-0.000125704 0.0126159 0.0183023 -0.0321881 -0.0153614 0.0232627 -0.0389556 0.00387427 -0.0189178 -0.00227759 0.0297691 -0.0443071 -0.00884842 0.0140896
internal_weight=1184.3 847.938 771.542 336.365 98.817 672.725 294.578 169.432 114.065 76.0722 503.293 76.3955 119.809 56.9076
internal_count=4131 2641 2282 1490 333 1949 1366 537 440 265 1412 359 400 182
is_linear=0
shrinkage=0.05


Tree=21
num_leaves=15
num_cat=0
split_feature=44 45 33 33 7 33 25 14 45 28 53 6 29 44
split_gain=169.693 70.799 52.903 41.1372 45.3222 34.3798 25.7282 24.9112 23.8191 25.7685 21.3844 18.4185 17.7287 22.3705
threshold=1.1213716864585879 0.37858312858312865 0.35546143352985388 0.23985696583986285 0.72719547152519237 1.2397134304046633 0.52401700615882885 0.35338378030467621 0.33834841628959283 1.1221798134011876 0.41277890466531447 0.85928258299827587 85.000000000000014 0.34569990634918218
decision_type=2 2 2 2 2 2 2 2 2 2 2 2 2 2
left_child=2 3 8 10 -5 6 -3 -8 -1 -10 -2 -9 -4 -14
right_child=1 5 12 4 -6 -7 7 11 9 -11 -12 -13 13 -15
leaf_value=-0.044349464698752228 -0.059461172157556696 -0.031254809456484914 0.030526898238721567 0.002397028963552394 -0.048664731832507767 -0.06413469872783463 0.034654041084439521 0.016480169145907685 0.040402710262688907 -0.025735116369124678 0.023448730502573373 -0.039417943813549912 -0.060742941129141304 -0.030246075641438774
leaf_weight=17.835636258125305 7.5223019868135443 19.208749905228615 7.9269065707921973 86.366740420460701 86.285992413759232 10.261672317981718 333.99130126833916 169.81341856718063 44.873499155044556 20.874573618173599 93.549624085426331 15.180424600839613 101.41678300499916 156.49340318143368
leaf_count=75 30 79 30 292 360 46 948 508 122 75 275 54 558 679
internal_value=-0.000130375 0.0122745 -0.0292706 -0.00847396 -0.0232552 0.0226263 0.0243964 0.0265124 0.00538069 0.0193334 0.0167561 0.011706 -0.0401449 -0.0424265
internal_weight=1171.6 822.18 349.421 273.725 172.653 548.456 538.194 518.985 83.5837 65.7481 101.072 184.994 265.837 257.91
internal_count=4131 2592 1539 957 652 1635 1589 1510 272 197 305 562 1267 1237
is_linear=0
shrinkage=0.05


Tree=22
num_leaves=15
num_cat=0
split_feature=3 44 44 42 55 7 53 33 25 44 7 25 32 33
split_gain=170.893 73.7694 49.2094 41.6406 30.0583 29.1894 30.7761 22.4595 29.4788 26.5496 26.6298 21.7054 20.4931 18.9158
threshold=0.12403846153846156 0.27999739348888403 1.4808565974235537 0.54679179191589367 0.31501775979995733 0.70566150546073925 0.68090909090909102 0.27782796323299414 3.1647360324859624 1.2723724246025088 0.66610267758369457 1.8764663338661196 0.40405073649754503 0.35546143352985388
decision_type=2 2 2 2 2 2 2 2 2 2 2 2 2 2
left_child=2 -2 13 4 -3 11 -7 -5 9 10 -9 -4 -6 -1
right_child=1 3 5 7 12 6 -8 8 -10 -11 -12 -13 -14 -15
leaf_value=-0.013291252504219659 -0.049581929904473077 0.015902302247170909 0.027494306648880473 0.034808988972313652 0.008639327962637916 0.0040641070635693416 -0.047451303107548165 0.023776708443559405 -0.045673310185384092 0.030605223458285237 -0.027804888073319996 -0.021912906975987141 -0.063393353345710654 -0.046598034715389813
leaf_weight=56.325991287827492 40.076422423124313 47.530000895261765 73.133730202913284 275.51845714449883 14.121812015771864 53.742102667689323 61.583567097783089 49.371491208672523 17.930687487125397 174.15236778557301 48.72490581870079 30.884602919220924 30.218887895345688 188.18189877271652
leaf_count=218 198 136 222 774 47 174 266 146 65 489 174 109 123 990
internal_value=-0.000139397 0.0154914 -0.0236313 0.0195267 -0.0115934 -0.0063883 -0.0236164 0.0245922 0.0148054 0.0189412 -0.00186613 0.0127556 -0.0407675 -0.0390107
internal_weight=1161.5 697.645 463.852 657.569 91.8707 219.344 115.326 565.698 290.179 272.249 98.0964 104.018 44.3407 244.508
internal_count=4131 2152 1979 1954 306 771 440 1648 874 809 320 331 170 1208
is_linear=0
shrinkage=0.05


Tree=23
num_leaves=15
num_cat=0
split_feature=3 44 55 17 44 44 13 17 31 31 55 29 25 28
split_gain=159.302 86.3115 38.1168 38.0618 30.9444 28.7772 29.8313 27.3232 23.8585 22.2851 25.5049 20.1747 18.585 16.6916
threshold=1.0000000180025095e-35 0.34569990634918218 1.9308664202690127 0.68683574879227061 1.3740133047103884 1.2776715159416201 0.46339116591831181 0.49181796464405164 0.19204425711275028 0.30320054477357855 0.96557176113128673 89.500000000000014 1.8764663338661196 1.1490218996062993
decision_type=2 2 2 2 2 2 2 2 2 2 2 2 2 2
left_child=2 11 4 5 -1 6 -3 12 13 -7 -11 -2 -6 -8
right_child=1 3 -4 -5 7 9 8 -9 -10 10 -12 -13 -14 -15
leaf_value=-0.039864722995212751 0.062804918906536611 0.023372681882076817 -0.047868072430928832 -0.046848669647761243 0.030934202907058502 0.03091903216119439 0.019921829495328804 -0.044246028772014195 -0.04108435365697527 0.019843404898934863 -0.026751267656192963 -0.046811745203802602 -0.022969903911563394 -0.044707554324238515
leaf_weight=66.207604184746742 3.6213429123163214 87.719002023339272 153.20591600239277 22.070051282644272 60.799655899405479 381.59864205121994 45.467586293816566 22.267766401171684 48.949914008378983 118.92250384390354 37.952063962817192 68.240185752511024 20.753537058830261 11.740674838423727
leaf_count=336 10 264 799 83 187 1088 138 92 183 350 130 349 76 46
internal_value=-0.000143618 0.0114991 -0.0298494 0.0164994 -0.0134286 0.0184697 0.0019374 0.00364946 -0.0158275 0.0244076 0.00847289 -0.0405016 0.0171047 0.00611794
internal_weight=1149.52 826.282 323.234 754.42 170.029 732.35 193.877 103.821 106.158 538.473 156.875 71.8615 81.5532 57.2083
internal_count=4131 2641 1490 2282 691 2199 631 355 367 1568 480 359 263 184
is_linear=0
shrinkage=0.05


Tree=24
num_leaves=15
num_cat=0
split_feature=3 44 42 54 4 55 33 31 17 33 55 53 49 12
split_gain=145.899 79.7001 41.8667 38.1353 30.925 28.1589 27.1185 40.1072 32.8327 29.4071 26.0936 25.2048 22.3954 22.2159
threshold=1.0000000180025095e-35 0.27999739348888403 0.48861095309257513 1.0000000180025095e-35 1.6444715261459353 0.29326054453849798 0.23780304938554767 0.2038926681783825 0.43405797101449278 1.3211787939071657 2.6476674079895024 0.59629629629629644 1.5614674329956528 3.6524151563644414
decision_type=2 2 2 2 2 2 2 2 2 2 2 2 2 2
left_child=3 -2 5 4 -1 -3 13 9 12 -8 11 -6 -9 -4
right_child=1 2 6 -5 10 -7 7 8 -10 -11 -12 -13 -14 -15
leaf_value=-0.052448050925296946 -0.045102555389955945 0.013243589835246573 0.040130999849773349 0.015611940613675771 0.035985058500950025 -0.040022272531785634 0.028278746838087721 -0.015267464303273756 -0.048862916672445314 -0.058266204773347152 -0.044063352919568415 -0.021036260378713575 0.025192937619107198 0.0015492948574047395
leaf_weight=136.05432586371899 57.824271827936172 46.044784024357796 200.07800805568695 41.434868901968002 29.190276086330414 51.858506411314011 238.77114200592041 68.537615776062012 35.308625593781471 9.3233580589294416 58.648537486791611 53.122460097074509 66.354174360632896 45.91316132247448
leaf_count=727 305 133 561 124 99 204 699 230 129 45 304 236 193 142
internal_value=-0.000148914 0.0110065 0.0153168 -0.0288188 -0.0354969 -0.0150903 0.0198142 0.0120201 -0.00665278 0.0248055 -0.0188816 -0.000625778 0.00467421 0.0329653
internal_weight=1138.46 820.014 762.189 318.45 277.016 97.9033 664.286 418.295 170.2 248.095 140.961 82.3127 134.892 245.991
internal_count=4131 2641 2336 1490 1366 337 1999 1296 552 744 639 335 423 703
is_linear=0
shrinkage=0.05


Tree=25
num_leaves=15
num_cat=0
split_feature=44 25 33 17 31 54 33 13 49 27 31 49 28 29
split_gain=126.172 47.5345 44.1201 37.3753 36.7994 40.8243 35.8278 29.2169 28.563 23.114 20.8072 18.5119 21.9479 16.8473
threshold=1.1213716864585879 0.52401700615882885 0.35546143352985388 0.49181796464405164 0.30068493150684933 1.0000000180025095e-35 1.3211787939071657 0.44643722098894673 1.338776344401849 0.37353910110646987 0.2038926681783825 2.3028843907097847 1.1646341463414636 85.000000000000014
decision_type=2 2 2 2 2 2 2 2 2 2 2 2 2 2
left_child=2 -2 11 4 6 8 9 -5 -6 -3 -9 12 -1 -4
right_child=1 3 13 7 5 -7 -8 10 -10 -11 -12 -13 -14 -15
leaf_value=0.0081621219685257956 -0.042016334064422831 0.017659504849449947 0.032855799333298706 0.026033700957237629 -0.045368170905247002 0.025026324948012015 -0.055972968228881217 -0.00019230942531947549 0.0047296178874804279 0.04187538437406297 -0.046443663477354187 0.043350692910735372 -0.061756969578888848 -0.038868291464640325
leaf_weight=45.140834271907806 39.76084266602993 198.01378333568573 7.7507217377424231 38.574155375361443 52.565651655197144 98.686686918139458 11.632141903042791 45.48768225312233 60.322269320487976 200.24828059971333 51.266979113221169 22.501193985342979 13.860212832689284 241.06457981467247
leaf_count=147 189 609 30 111 219 285 53 147 213 563 203 62 63 1237
internal_value=-0.000153203 0.0106207 -0.0260881 0.013438 0.0186185 0.00166834 0.0273423 -0.0103144 -0.0187917 0.0299098 -0.0249237 0.00578988 -0.00901842 -0.0365115
internal_weight=1126.88 796.558 330.318 756.798 621.469 211.575 409.894 135.329 112.888 398.262 96.7547 81.5022 59.001 248.815
internal_count=4131 2592 1539 2403 1942 717 1225 461 432 1172 350 272 210 1267
is_linear=0
shrinkage=0.05


Tree=26
num_leaves=15
num_cat=0
split_feature=33 26 7 33 14 55 31 36 6 17 51 43 17 31
split_gain=106.353 57.1594 47.8213 43.0036 32.9851 27.1563 26.7337 22.0169 20.7345 20.1647 18.9924 20.1016 18.2721 17.7801
threshold=0.32457846403121954 1.3946886417189408 0.72966969013214122 1.1837548017501833 0.082580051741198354 1.7304248213768008 0.18245838668373884 12.665254219656637 0.30769489705562597 0.49181796464405164 0.5187529301453353 14.89940980583185 0.29509077878643103 0.29449472096530926
decision_type=2 2 2 2 2 2 2 2 2 2 2 2 2 2
left_child=5 -2 3 4 10 8 -6 -4 -1 -10 11 -3 -8 -7
right_child=1 2 7 -5 6 13 12 -9 9 -11 -12 -13 -14 -15
leaf_value=-0.051367002761928363 -0.042229172565511008 -0.015938425163741367 -0.015871791294633647 -0.052200464230763355 0.014317878546359712 0.0071783952731988773 -0.0016771929907704282 -0.059620442944711263 0.029319235748144736 0.0019011620884906691 0.045215664938271984 0.041705452053055161 -0.050681266758016624 -0.035936345994935823
leaf_weight=8.5164563953876478 142.47051042318344 36.54372151196003 79.119651481509209 29.525069832801819 81.859223917126656 79.975407645106316 37.334973052144051 45.176355764269829 322.90330936014652 84.750183373689651 73.449131146073341 24.37200453877449 37.932184919714928 32.966714575886726
leaf_count=40 778 140 319 169 268 259 135 205 960 268 218 68 164 140
internal_value=-0.000152399 -0.0147793 -0.0059222 0.0042903 0.0101711 0.0160936 -0.00538215 -0.0321215 0.0219833 0.0236377 0.0282646 0.00742563 -0.0267144 -0.00561132
internal_weight=1116.89 587.783 445.312 321.016 291.491 529.112 157.126 124.296 416.17 407.653 134.365 60.9157 75.2672 112.942
internal_count=4131 2464 1686 1162 993 1667 567 524 1268 1228 426 208 299 399
is_linear=0
shrinkage=0.05


Tree=27
num_leaves=15
num_cat=0
split_feature=3 44 42 54 33 31 17 33 43 6 29 25 14 33
split_gain=121.485 66.8541 37.973 32.7976 27.6174 35.5003 26.182 24.4035 24.1981 22.5464 20.7021 18.9535 18.7595 15.6581
threshold=1.0000000180025095e-35 0.27999739348888403 0.074681848287582411 1.0000000180025095e-35 0.2561939805746079 0.2038926681783825 0.43405797101449278 1.3211787939071657 22.341906241906248 0.45557272434234625 89.500000000000014 1.9943969845771792 0.41312990234562635 0.34295804798603063
decision_type=2 2 2 2 2 2 2 2 2 2 2 2 2 2
left_child=3 10 9 8 12 7 11 -6 -1 -3 -2 -7 -4 -5
right_child=1 2 4 13 5 6 -8 -9 -10 -11 -12 -13 -14 -15
leaf_value=-0.039665660167395117 0.060832060252336909 0.030564646358509081 0.037785316989598999 0.03447974446349291 0.023992969113843684 0.014841470261287203 -0.046985379704105552 -0.055162138408997252 0.0023659770908488723 -0.045817124930558756 -0.051153213211086082 -0.024322587723880337 0.0094620303630575733 -0.030699076904928232
leaf_weight=225.09944275021553 3.6507665812969199 12.003415852785109 193.63714842498302 28.58349996805191 239.97209474444389 88.266898810863495 34.468431547284126 9.2223520278930646 40.226164296269417 38.584550604224205 51.16642302274704 46.243762090802193 84.745631039142609 12.483567923307417
leaf_count=1217 10 35 558 76 722 273 128 47 149 150 295 161 262 48
internal_value=-0.000156621 0.0100764 0.0140034 -0.0268866 0.0170492 0.00889134 -0.00877012 0.0208548 -0.0333083 -0.0274522 -0.0427389 0.00129703 0.0292278 0.0144079
internal_weight=1108.35 801.961 747.144 306.393 696.556 418.174 168.979 249.194 265.326 50.588 54.8172 134.511 278.383 41.0671
internal_count=4131 2641 2336 1490 2151 1331 562 769 1366 185 305 434 820 124
is_linear=0
shrinkage=0.05


Tree=28
num_leaves=15
num_cat=0
split_feature=33 26 7 33 45 49 45 43 36 38 26 45 51 25
split_gain=91.1926 52.081 38.4476 37.2543 32.5428 22.7871 20.7507 21.0749 16.7553 16.5408 15.4907 15.1804 20.9738 20.7764
threshold=0.33956377208232885 1.3946886417189408 0.73213848471641552 1.1837548017501833 0.38035823637477045 1.921444153979138 0.1952621250350435 19.118392132160029 12.748042580986459 11.292911867461905 3.7696838271875213 0.69631093544137035 0.43503836317135552 1.9788442850112917
decision_type=2 2 2 2 2 2 2 2 2 2 2 2 2 2
left_child=4 -2 3 6 5 -1 -3 11 -4 -6 -7 13 -13 -8
right_child=1 2 8 -5 9 10 7 -9 -10 -11 -12 12 -14 -15
leaf_value=-0.01903825676084785 -0.041702278179542571 -0.0441471894057072 -0.016445382935829322 -0.050317196063840219 0.025356221174506866 0.029463753162768742 0.0082692402247269668 0.035913497339285096 -0.057683870483502632 -0.022417487016760284 -0.0163744289784645 -0.047440822852822487 0.037493758697073297 -0.033021274487492015
leaf_weight=99.395262390375137 132.84634433686733 16.359795525670052 70.485198602080345 28.385499149560928 345.6289978325367 60.822644531726837 92.684247806668282 68.687600210309029 37.922204986214638 18.372750088572502 25.502160742878914 7.6302593648433676 48.839290946722031 44.181758657097816
leaf_count=376 761 74 292 171 1054 183 330 204 178 63 87 31 149 178
internal_value=-0.000156209 -0.0145764 -0.00581741 0.00324828 0.0142198 -0.00280517 0.00887067 0.0123362 -0.0312665 0.0228901 0.0158898 0.003818 0.0253915 -0.0052026
internal_weight=1097.74 548.022 415.176 306.768 549.722 185.72 278.383 262.023 108.407 364.002 86.3248 193.336 56.4696 136.866
internal_count=4131 2368 1607 1137 1763 646 966 892 470 1117 270 688 180 508
is_linear=0
shrinkage=0.05


Tree=29
num_leaves=15
num_cat=0
split_feature=33 33 45 7 7 32 53 36 55 45 50 36 21 27
split_gain=83.6839 53.5385 63.0119 29.2657 25.952 25.4401 22.4475 19.9796 19.1464 19.0427 15.7987 19.3425 20.2073 15.6918
threshold=0.28256368637084966 1.3211787939071657 0.38035823637477045 0.72645664215087902 0.73666957020759594 0.090326340326340335 0.61414392059553358 12.665254219656637 0.13884103298187259 0.38035823637477045 0.96664758377208038 12.665254219656637 0.23166368515205729 0.25443307533794435
decision_type=2 2 2 2 2 2 2 2 2 2 2 2 2 2
left_child=5 2 3 6 13 -1 -2 -6 -8 10 -7 12 -12 -4
right_child=1 -3 4 -5 7 9 8 -9 -10 -11 11 -13 -14 -15
leaf_value=-0.065324781398654982 0.023311855877070783 -0.054280000606001445 -0.0039935166578261294 -0.050603367572794683 -0.0024185401321186475 0.02975813550591154 0.034734850144061892 -0.050090986823480434 -0.036546876465335158 0.026039967357694538 0.050390757498266908 -0.03399449265695207 -0.010888450703785822 0.020488403827423313
leaf_weight=8.2363267093896848 31.238375499844551 64.413483113050461 97.34562212228775 89.836453139781952 75.07199639081955 38.881341397762299 10.180828943848608 30.140763774514198 64.816257581114769 286.05399149656296 19.900030553340912 39.612796977162361 37.008963614702225 196.99274583160877
leaf_count=43 107 431 360 455 293 113 28 128 298 871 57 146 133 668
internal_value=-0.000161166 -0.0113349 -0.00660744 -0.029746 0.00479328 0.0169889 -0.0118009 -0.0164185 -0.0265407 0.0187483 0.003266 -0.0076014 0.0110399 0.0124055
internal_weight=1089.73 660.037 595.623 196.072 399.551 429.693 106.235 105.213 74.9971 421.457 135.403 96.5218 56.909 294.338
internal_count=4131 2768 2337 888 1449 1363 433 421 326 1320 449 336 190 1028
is_linear=0
shrinkage=0.05


Tree=30
num_leaves=15
num_cat=0
split_feature=3 44 44 50 36 7 45 53 17 32 44 40 42 55
split_gain=102.218 47.2009 34.5669 26.4966 24.8904 23.5494 21.6597 21.5103 17.0716 15.8455 15.6486 15.1672 15.0867 13.5366
threshold=0.12403846153846156 1.2723724246025088 1.4808565974235537 1.6753606328985879 16.280454351410238 0.70412275195121776 0.24575783721599082 0.68090909090909102 0.49181796464405164 0.5337121212121213 0.27999739348888403 2.0908083595002487 1.4757532477378847 2.3270388841629033
decision_type=2 2 2 2 2 2 2 2 2 2 2 2 2 2
left_child=2 3 -1 10 5 13 -3 11 -8 -10 -2 -7 -12 -4
right_child=1 6 4 -5 -6 7 8 -9 9 -11 12 -13 -14 -15
leaf_value=-0.033238832087962737 -0.040968594080235295 -0.014928101221364724 0.036679255028349116 -0.023452437828054871 -0.044481103458858272 -0.016236777285795912 0.029083558243281279 -0.036737110532139967 0.024115899667840647 -0.021437737061226019 0.00063606133757779487 0.039937648410696469 0.045170040834954669 -0.0061524707301178101
leaf_weight=215.81542953103781 10.769212573766707 37.595349103212357 53.927923917770386 115.69231636822224 32.151309549808502 24.703347101807594 342.81147354841232 49.231752932071686 39.475102081894875 35.142349809408188 41.45912329852581 21.682251408696175 34.178529620170593 27.388779982924461
leaf_count=1208 59 124 157 468 132 91 1039 229 115 119 135 62 93 100
internal_value=-0.000163019 0.0121885 -0.0192488 -0.00789203 -0.00471897 0.00271573 0.021105 -0.0140434 0.0243782 0.00266186 0.0129721 0.0103098 0.0210865 0.0223534
internal_weight=1082.02 657.123 424.901 202.099 209.085 176.934 455.024 95.6174 417.429 74.6175 86.4069 46.3856 75.6377 81.3167
internal_count=4131 2152 1979 755 771 639 1397 382 1273 234 287 153 228 257
is_linear=0
shrinkage=0.05


Tree=31
num_leaves=15
num_cat=0
split_feature=44 33 45 49 55 42 25 33 51 45 55 55 28 31
split_gain=89.1978 43.0702 41.0475 25.9803 25.3277 30.2669 21.222 19.2295 17.956 18.8916 23.0694 16.8475 16.8335 16.3469
threshold=1.2776715159416201 0.33956377208232885 0.37858312858312865 2.8771893416001215 0.20770943909883502 0.93202617764472973 0.63181400299072277 1.2397134304046633 0.5317802316186373 0.4206712433257056 2.4223345518112187 2.4223345518112187 0.87812782634911069 0.31057781919850891
decision_type=2 2 2 2 2 2 2 2 2 2 2 2 2 2
left_child=1 3 4 -1 -2 -6 -7 13 -3 -10 -11 12 -8 -4
right_child=2 8 7 -5 5 6 11 -9 9 10 -12 -13 -14 -15
leaf_value=-0.0072232240663661117 0.023260551471357548 -0.040896072423187962 0.025672282551817888 0.048907765942917049 -0.044026546623702027 -0.06480294124663763 -0.072084701747537602 -0.053663413389838266 -0.043799389749449344 0.019596339754475361 -0.034311691548930795 -0.031185252388801363 0.021278716192579816 0.0026474466365341092
leaf_weight=75.708115696907043 54.153966352343559 157.57188318669796 350.87072789669037 27.228137001395226 60.336835265159607 10.736398488283156 4.1568990796804419 7.9529120773077002 37.685318350791931 50.102910958230495 31.4480344876647 23.105092510581017 82.539796635508537 99.028957083821297
leaf_count=273 157 873 1086 75 267 62 18 40 213 195 182 95 261 334
internal_value=-0.000159281 -0.0196058 0.0105116 0.00795194 -0.00645653 -0.0154328 -0.000875366 0.0192169 -0.0298453 -0.015023 -0.00135573 0.0059039 0.0160312 0.0206213
internal_weight=1072.63 379.744 692.882 102.936 235.029 180.875 120.538 457.853 276.808 119.236 81.5509 109.802 86.6967 449.9
internal_count=4131 1811 2320 348 860 703 436 1460 1463 590 377 374 279 1420
is_linear=0
shrinkage=0.05


Tree=32
num_leaves=15
num_cat=0
split_feature=3 33 43 55 33 31 17 43 53 17 42 21 28 7
split_gain=90.8145 45.8462 31.2389 30.5202 28.4276 40.5037 29.0954 22.8573 32.1767 29.2092 24.0095 18.1637 17.809 15.7278
threshold=1.0000000180025095e-35 1.3211787939071657 17.877906638001743 2.6476674079895024 0.23780304938554767 0.20611577964519143 0.33880793119923563 6.5625108885017429 0.68090909090909102 0.28416149068322988 0.61779135465621959 0.25227272727272732 0.97258225324027925 0.7711482346057893
decision_type=2 2 2 2 2 2 2 2 2 2 2 2 2 2
left_child=3 2 4 7 13 12 -7 -1 10 -10 -9 -4 -6 -2
right_child=1 -3 11 -5 5 6 -8 8 9 -11 -12 -13 -14 -15
leaf_value=-0.04708377768449451 0.026959392900046914 -0.055929454172345974 0.043580205377004397 -0.046367293826566652 -0.033888168722437932 -0.004667806105432412 -0.050790470416284164 -0.0097304734027182892 0.015463260227660279 -0.044908217678781753 0.049744821222785902 0.01377046018149595 0.01470055860262009 -0.0092417448074946056
leaf_weight=36.609258018434048 155.87097018957138 25.490032978355885 94.363131433725357 99.368025980889797 19.962697297334671 79.018396392464638 59.580851286649704 31.068745881319046 30.380239129066467 55.593868911266327 35.669368132948875 113.09643444418907 191.12003423273563 36.566840812563896
leaf_count=228 473 181 279 625 80 270 233 116 118 294 109 354 646 125
internal_value=-0.000167045 0.00875043 0.0110215 -0.0240561 0.00468664 -0.0038113 -0.0247168 -0.0121637 -0.00354052 -0.0236425 0.0223222 0.0274735 0.00996726 0.0200683
internal_weight=1063.76 775.069 749.579 288.69 542.12 349.682 138.599 189.321 152.712 85.9741 66.7381 207.46 211.083 192.438
internal_count=4131 2641 2460 1490 1827 1229 503 865 637 412 225 633 726 598
is_linear=0
shrinkage=0.05


Tree=33
num_leaves=15
num_cat=0
split_feature=3 44 42 55 25 40 17 43 53 17 42 25 29 44
split_gain=83.1938 49.2406 32.5343 28.8183 21.92 23.1979 21.4328 21.3925 29.293 27.0211 21.6422 20.5357 19.3797 16.8426
threshold=1.0000000180025095e-35 0.27999739348888403 0.074681848287582411 2.6476674079895024 1.9788442850112917 4.922295780624248 0.51099033816425132 6.5625108885017429 0.68090909090909102 0.28416149068322988 0.61779135465621959 0.95186045765876781 89.500000000000014 1.6864829659461977
decision_type=2 2 2 2 2 2 2 2 2 2 2 2 2 2
left_child=3 12 -3 7 6 13 -4 -1 10 -10 -9 -8 -2 -6
right_child=1 2 4 -5 5 -7 11 8 9 -11 -12 -13 -14 -15
leaf_value=-0.045965543286586516 0.060469336412712439 -0.027027829181784244 0.025197941767828125 -0.04526381996243975 -0.02751228491121574 0.024405309760803059 -0.076245519490641164 -0.0092691829978805134 0.01466432518369642 -0.043536432933053849 0.047172896318539673 0.0057628512211719855 -0.048172233943218602 0.0051875717577438123
leaf_weight=35.673190131783485 3.6489641517400733 49.546405300498009 384.73270534723997 96.791361853480339 66.58514928072691 79.345752686262131 8.5169826969504339 31.034821443259716 30.485333606600761 54.536994136869907 35.784741938114166 37.992093220353127 46.244619436562061 93.736757874488831
leaf_count=228 10 185 1202 625 244 246 36 116 118 294 109 120 295 303
internal_value=-0.000169804 0.00836291 0.0117062 -0.0232381 0.0146026 0.00246354 0.0213278 -0.0116891 -0.00338824 -0.0227403 0.0212078 -0.0105437 -0.0391947 -0.00847974
internal_weight=1054.66 770.349 720.456 284.306 670.909 239.668 431.242 187.515 151.842 85.0223 66.8196 46.5091 49.8936 160.322
internal_count=4131 2641 2336 1490 2151 793 1358 865 637 412 225 156 305 547
is_linear=0
shrinkage=0.05


Tree=34
num_leaves=15
num_cat=0
split_feature=44 45 45 33 55 12 14 55 14 4 6 51 31 33
split_gain=74.2863 37.7924 28.7878 33.6096 28.5132 21.1237 20.1078 19.2004 22.6862 21.027 18.9292 18.1253 19.7899 14.9793
threshold=1.0866065025329592 0.32163382594417084 0.41839323467230449 1.0768176913261416 0.25700588524341589 4.0060470104217538 0.062977344178985761 2.4845210313797002 0.35882652286700123 1.4549846649169924 0.53921610116958629 0.56021978021978036 0.22046360917248256 0.20322843641042712
decision_type=2 2 2 2 2 2 2 2 2 2 2 2 2 2
left_child=2 4 -1 5 10 -4 -6 8 9 -3 -2 12 -9 -8
right_child=1 7 3 -5 6 -7 13 11 -10 -11 -12 -13 -14 -15
leaf_value=-0.047103126008880676 -0.0244378182296646 0.012419720281678318 0.011305722782434236 -0.047185538550149238 0.011593990906048495 -0.030706226405832555 -6.8132605076867494e-05 0.025431132011072693 0.0027009511093868568 0.038073994700887827 0.039427887218968644 -0.038453246211814888 -0.025014451741327028 -0.046930872714386083
leaf_weight=80.980527028441429 16.425542816519737 154.43651974201202 110.40203101933002 49.326037935912609 27.940681971609592 39.906993925571442 22.110777959227562 52.558370105922222 157.79161363095045 167.64024171233177 34.485559195280075 28.486051626503468 29.570495374500751 73.573736943304539
leaf_count=486 56 511 403 381 104 205 77 169 524 513 94 121 134 353
internal_value=-0.000173606 0.00789943 -0.0221324 -0.0118189 -0.0124907 2.23454e-05 -0.0254029 0.0139373 0.018259 0.0258492 0.0187489 -0.0048066 0.00718578 -0.0362145
internal_weight=1045.64 765.02 280.616 199.635 174.536 150.309 123.625 590.483 479.868 322.077 50.9111 110.615 82.1289 95.6845
internal_count=4131 2656 1475 989 684 608 534 1972 1548 1024 150 424 303 430
is_linear=0
shrinkage=0.05


Tree=35
num_leaves=15
num_cat=0
split_feature=3 44 44 14 31 13 25 13 55 28 55 43 7 44
split_gain=73.2989 36.0776 26.2649 25.7138 22.7206 21.7936 20.17 18.0971 17.8941 26.469 17.3237 16.9518 15.2786 14.7579
threshold=0.12403846153846156 0.27999739348888403 1.5878546237945559 0.32075447158015552 0.30930735930735936 0.44643722098894673 1.9276448488235476 0.20406178035963365 1.5572094321250918 1.1048353040540542 0.1543291434645653 11.621932363998031 0.64369478821754467 1.2580562829971316
decision_type=2 2 2 2 2 2 2 2 2 2 2 2 2 2
left_child=2 -2 10 6 8 7 -3 -5 -4 -10 -1 -8 -6 -7
right_child=1 3 4 5 12 13 11 -9 9 -11 -12 -13 -14 -15
leaf_value=0.022851279686970486 -0.040220425473753513 0.029301009849131282 0.030889543360952378 -0.011826507080545508 0.021460294805476749 -0.038078353224123007 -0.01545200186514493 0.046373626749368062 -0.042933768207493207 0.022640097580744919 -0.03204268820582766 0.019640951506336952 -0.038136093378068371 -0.0019394374146180474
leaf_weight=14.742573946714399 32.427601151168346 249.27780647575855 55.398327767848969 20.352106094360352 12.811900645494459 35.999285519123077 56.424468979239464 36.051896587014198 28.015686221420765 31.839740134775639 207.49856624752283 85.033058196306229 51.707141473889351 119.9653240442276
leaf_count=54 198 774 164 70 43 142 197 101 124 109 1245 272 240 398
internal_value=-0.000174563 0.0103901 -0.0168602 0.0131734 -0.00262084 -0.000833143 0.0207687 0.0255332 0.0106651 -0.0082533 -0.0283152 0.00563289 -0.0261548 -0.0104704
internal_weight=1037.55 635.532 402.014 603.104 179.773 212.369 390.735 56.404 115.254 59.8554 222.241 141.458 64.519 155.965
internal_count=4131 2152 1979 1954 680 711 1243 171 397 233 1299 469 283 540
is_linear=0
shrinkage=0.05


Tree=36
num_leaves=15
num_cat=0
split_feature=25 43 7 38 53 7 32 38 13 51 13 28 32 36
split_gain=59.1242 34.7214 25.2811 23.3397 19.402 19.0788 16.1994 20.439 22.3539 18.2419 23.3217 17.0985 15.9535 15.2392
threshold=0.56054335832595836 16.525939024913594 0.74090495705604564 6.9328580966969104 0.61200716845878145 0.81978741288185131 0.17817460317460321 10.853661912323412 0.43978150970465152 0.5187529301453353 1.0000000180025095e-35 0.97697885724270495 0.36417112299465243 12.239667802486141
decision_type=2 2 2 2 2 2 2 2 2 2 2 2 2 2
left_child=-1 2 6 4 -4 13 -2 8 9 10 -8 -10 -6 -3
right_child=1 5 3 -5 12 -7 7 -9 11 -11 -12 -13 -14 -15
leaf_value=-0.036981729752134457 -0.021085553336431487 0.030445565623056781 0.015486648902294502 -0.043228904607516119 -0.054840810332197593 -0.045913712536636592 -0.018026618214646399 -0.034666036436098814 -0.058540947923987501 0.039382002306101005 0.03743969543806417 0.0027961623073958549 -0.0064748166362094423 0.0075892947615334404
leaf_weight=97.642528809607029 56.024501569569111 158.34701380878687 58.198982775211334 61.098012752830982 24.622225716710091 10.498699299991129 43.093558669090271 25.733558669686317 11.149567410349844 88.489934548735619 32.270793586969376 174.3415402546525 51.923191554844379 136.07216768711805
leaf_count=629 319 510 213 273 146 44 181 102 49 277 96 636 190 466
internal_value=-0.000169524 0.00372324 -0.00301056 -0.0178592 -0.00612193 0.0175333 0.00376063 0.00751803 0.0107155 0.0241127 0.00590316 -0.00118485 -0.0225392 0.0199435
internal_weight=1029.51 931.864 626.946 195.842 134.744 304.918 431.103 375.079 349.345 163.854 75.3644 185.491 76.5454 294.419
internal_count=4131 3502 2482 822 549 1020 1660 1341 1239 554 277 685 336 976
is_linear=0
shrinkage=0.05


Tree=37
num_leaves=15
num_cat=0
split_feature=3 44 42 54 4 53 43 29 3 53 33 6 42 27
split_gain=65.0599 38.6159 28.9355 24.4967 27.7615 18.5687 19.2181 18.1821 17.7888 21.4775 18.2549 13.279 12.5053 12.4948
threshold=1.0000000180025095e-35 0.27999739348888403 0.72227859497070324 1.0000000180025095e-35 1.6444715261459353 0.48331479421579543 5.9194893242845597 89.500000000000014 0.23956521739130437 0.7231800766283526 0.25824628770351415 0.87366262078285228 0.61779135465621959 0.24440595904202891
decision_type=2 2 2 2 2 2 2 2 2 2 2 2 2 2
left_child=3 7 13 4 -1 6 -6 -2 9 -4 -11 -10 -8 -3
right_child=1 2 8 -5 5 -7 12 -9 11 10 -12 -13 -14 -15
leaf_value=-0.045494195382735539 0.059750811461891019 0.014507629752203908 0.017936833557615797 0.014808318455325112 -0.042494943330329112 -0.022603725002281413 -0.034810166884037812 -0.045594716786036958 0.023250575472383839 0.013567036838111005 -0.035026624161593488 -0.029362663956530578 0.0571462988545322 -0.018280968288936651
leaf_weight=109.65651127696037 3.6586449444293967 38.930596768856049 99.456882044672966 39.781473353505135 8.0854251086711866 88.610688559710979 3.7420289069414165 42.912393175065517 369.17287370562553 30.4951171875 49.806044176220894 11.573455944657324 21.036194317042828 106.8085947483778
leaf_count=727 10 128 326 124 63 490 20 295 1172 96 191 43 66 380
internal_value=-0.000171693 0.00739146 0.0103155 -0.0211382 -0.0273623 -0.0107566 0.0209113 -0.0362367 0.0154712 0.00248736 -0.0166328 0.0215786 0.0424473 -0.00948313
internal_weight=1023.73 752.815 706.244 270.912 231.131 121.474 32.8636 46.571 560.504 179.758 80.3012 380.746 24.7782 145.739
internal_count=4131 2641 2336 1490 1366 639 149 305 1828 613 287 1215 86 508
is_linear=0
shrinkage=0.05


Tree=38
num_leaves=15
num_cat=0
split_feature=3 33 17 55 44 33 31 2 21 45 3 25 33 44
split_gain=59.5855 35.7401 26.2164 25.1825 21.9983 18.5166 21.3664 17.7348 17.2169 17.9814 17.8494 16.5303 17.2495 17.5569
threshold=1.0000000180025095e-35 1.3211787939071657 0.68683574879227061 2.6476674079895024 1.2776715159416201 0.21205576509237292 0.11978260869565219 0.25990597903728491 0.27055180180180188 0.57592226613965758 0.27346041055718479 1.8764663338661196 0.34295804798603063 1.7378271222114565
decision_type=2 2 2 2 2 2 2 2 2 2 2 2 2 2
left_child=3 2 4 11 5 -2 -7 -8 -6 10 -10 12 -1 -14
right_child=1 -3 -4 -5 8 6 7 -9 9 -11 -12 -13 13 -15
leaf_value=0.017992523046346257 0.03072349474152293 -0.053907737655105314 -0.04404007126355651 -0.042163532726801428 0.0260569880348199 0.011522089527558075 0.00092845818085882526 -0.039747232318618569 -0.023188017818687245 0.029158901032478618 0.01019144793358083 -0.03809578854758363 -0.033579586924591162 0.016038799909414172
leaf_weight=62.251299366354942 34.454929322004318 22.305866003036499 21.601721122860909 87.964317038655281 241.92510734498501 76.248618438839912 45.875582650303841 63.288101091980934 59.820153161883354 66.333788424730301 116.29034651815891 38.544541567564011 52.105478942394257 26.101918116211891
leaf_count=235 102 181 87 625 771 286 164 264 207 202 377 183 351 96
internal_value=-0.000171101 0.007067 0.00901241 -0.0204057 0.0106999 -0.00241044 -0.00869946 -0.0228002 0.0166437 0.00718209 -0.00121359 -0.00953876 -0.00148826 -0.0170259
internal_weight=1015.11 748.144 725.838 266.968 704.237 219.867 185.412 109.164 484.369 242.444 176.11 179.003 140.459 78.2074
internal_count=4131 2641 2460 1490 2373 816 714 428 1557 786 584 865 682 447
is_linear=0
shrinkage=0.05


Tree=39
num_leaves=15
num_cat=0
split_feature=44 45 33 17 49 30 33 14 6 44 14 51 12 31
split_gain=54.9678 31.5476 24.9666 20.656 19.0325 16.1512 16.0689 17.4144 17.1877 16.0461 27.6549 18.9394 15.6512 15.5927
threshold=1.1213716864585879 0.37858312858312865 0.35546143352985388 0.49181796464405164 1.9903202188299096 86.500000000000014 1.2397134304046633 0.32713699800775881 0.85928258299827587 0.34569990634918218 0.082580051741198354 0.52027397260273978 5.8804366588592538 0.32037735849056609
decision_type=2 2 2 2 2 2 2 2 2 2 2 2 2 2
left_child=2 3 -1 4 -2 -4 7 13 -9 -7 11 -11 -13 -3
right_child=1 6 5 -5 -6 9 -8 8 -10 10 -12 12 -14 -15
leaf_value=0.0055408837781427897 -0.013702619444990514 0.029683970148965073 0.02795699784495756 -0.036303909867968644 0.017691274583954586 -0.051356269222601891 -0.051415437088303317 0.008640160643679522 -0.044155307907620372 -0.027786756173681534 -0.042064638664680326 0.041560184823818909 -0.054020027202528291 0.0010237248664119057
leaf_weight=75.725978881120682 111.34062088280916 222.3226073756814 11.424761854112147 48.763960920274258 83.659569971263409 65.844999454915524 8.1307312548160535 175.67143739014864 15.896519318222998 25.0947240665555 68.744186222553253 29.464434184134007 4.1023516803979865 60.356197327375412
leaf_count=272 454 722 59 220 283 547 46 590 62 133 401 98 29 215
internal_value=-0.00017289 0.00708885 -0.0189366 -0.00755115 -0.000212373 -0.0279757 0.0144873 0.015723 0.00405259 -0.0314093 -0.0207808 0.00444827 0.028654 0.0235898
internal_weight=1006.54 726.142 280.401 243.764 195 204.675 482.377 474.247 191.568 193.251 127.406 58.6615 33.5668 282.679
internal_count=4131 2592 1539 957 737 1267 1635 1589 652 1208 661 260 127 937
is_linear=0
shrinkage=0.05


Tree=40
num_leaves=15
num_cat=0
split_feature=44 13 44 17 31 33 25 27 43 33 7 29 7 4
split_gain=51.197 32.4978 40.7527 37.5747 34.4293 22.0691 22.1002 20.3261 20.2464 19.9602 19.8681 18.8991 18.7082 18.6582
threshold=0.36349489565918147 0.44643722098894673 1.4719817638397219 0.50274725274725285 0.30320054477357855 1.3211787939071657 1.8764663338661196 0.37353910110646987 11.251528430216181 0.33956377208232885 0.54863592982292186 85.000000000000014 0.71856161952018749 1.0974414944648745
decision_type=2 2 2 2 2 2 2 2 2 2 2 2 2 2
left_child=11 5 9 4 7 6 -2 13 12 -3 -11 -1 -8 -4
right_child=1 2 3 -5 -6 -7 8 -9 -10 10 -12 -13 -14 -15
leaf_value=0.04345662829149189 0.032914792271414216 3.6332483678623578e-05 -0.033918780391300862 -0.02480208406651048 -0.009578082624423799 -0.035760971745999424 0.0014883957001617177 0.040641791011622797 0.021032079808150937 0.034493811461352789 -0.037080208122136381 -0.042455193391495137 -0.061141386902080368 0.019733596907062313
leaf_weight=6.1348615810275069 153.63158764690161 75.056450888514519 19.123168453574181 76.963224411010742 103.32956695556641 17.980235278606415 37.622382618486881 107.69935608655214 79.664001159369946 9.7018033862113935 129.90628810226917 82.997451677918434 16.425083510577679 83.028613343834877
leaf_count=26 491 271 74 309 406 120 128 332 262 36 701 637 66 272
internal_value=-0.000178167 0.00337806 -0.00333716 0.00629038 0.0139859 0.0166476 0.0200396 0.025579 0.00511184 -0.0207828 -0.0318964 -0.0361255 -0.0183098 0.00945823
internal_weight=999.264 910.132 604.808 390.144 313.181 305.323 287.343 209.851 133.711 214.665 139.608 89.1323 54.0475 102.152
internal_count=4131 3468 2401 1393 1084 1067 947 678 456 1008 737 663 194 346
is_linear=0
shrinkage=0.05


Tree=41
num_leaves=15
num_cat=0
split_feature=3 42 43 55 7 45 55 27 43 17 23 6 12 23
split_gain=51.0385 31.0328 27.1386 26.7008 24.6365 19.1309 17.7169 15.832 14.2728 17.6642 16.6248 16.9373 14.2714 13.9593
threshold=0.22767145135566189 0.54679179191589367 16.525939024913594 0.30555227398872381 0.67678532004356395 0.32163382594417084 0.12568801641464236 0.43878272679959801 16.208631203034521 0.50818203535594852 1.1820500771636551 0.54451093077659618 0.2155181095004082 0.27477178569783173
decision_type=2 2 2 2 2 2 2 2 2 2 2 2 2 2
left_child=2 6 3 12 13 -4 -2 -7 10 -10 -3 -12 -1 -5
right_child=1 8 5 4 -6 7 -8 -9 9 -11 11 -13 -14 -15
leaf_value=-0.057543596371298647 0.02384309925572373 0.013143888548969166 -0.024383665522066958 -0.036835813479690609 -0.03808874885915299 -0.00013505427402012515 -0.036094094922220064 0.036010549177861624 0.034877905193307128 -0.021452447404898517 -0.067485970693467928 0.016520675620786598 0.02232363014117596 0.0017921830823221952
leaf_weight=5.3691120743751517 15.715865924954413 261.99079349637032 39.986279562115669 30.593018546700478 163.98773863911629 72.267780423164368 47.80968850851059 51.150753863155842 128.54351980984211 14.921305418014525 12.505000181496145 10.216706894338129 46.783405214548111 89.733288049697876
leaf_count=31 45 910 192 243 960 264 194 167 421 51 54 35 144 420
internal_value=-0.000173622 0.0112524 -0.011413 -0.0195134 -0.0255344 0.00528383 -0.0211263 0.0150145 0.0160942 0.0289112 0.00955727 -0.0306087 0.0131734 -0.00825166
internal_weight=991.574 491.703 499.871 336.467 284.314 163.405 63.5256 123.419 428.177 143.465 284.713 22.7217 52.1525 120.326
internal_count=4131 1710 2421 1798 1623 623 239 431 1471 472 999 89 175 663
is_linear=0
shrinkage=0.05


Tree=42
num_leaves=15
num_cat=0
split_feature=44 45 55 42 25 53 33 55 42 55 6 2 7 35
split_gain=45.7185 42.1001 24.1143 26.075 23.7708 20.3678 24.9809 19.6809 21.2109 27.3137 17.443 16.9201 15.9153 15.152
threshold=0.36349489565918147 0.38035823637477045 0.25700588524341589 0.92765578627586376 0.72589254379272472 0.61200716845878145 0.20909351110458377 2.4845210313797002 0.70008665323257457 0.37068280577659612 0.53921610116958629 0.27125865221023565 0.66763508319854747 2.9839528045871115
decision_type=2 2 2 2 2 2 2 2 2 2 2 2 2 2
left_child=-1 2 10 -4 -5 -6 -7 8 9 -3 -2 -10 13 -9
right_child=1 7 3 4 5 6 -8 12 11 -11 -12 -13 -14 -15
leaf_value=-0.034774076159941734 -0.02009571788751037 0.017288618607997262 -0.045194782535850284 -0.053979802995263296 0.034486030981125119 0.026400194910703445 -0.028550894855564019 0.021101016693174351 0.0081045970292358861 -0.036522493507277133 0.03004255774490959 0.029492242600449622 -0.023821416819755165 -0.046962417850298539
leaf_weight=86.043508656322956 26.078557446599007 54.158455982804298 71.456503808498383 23.141942024230957 31.324859209358692 29.188507556915283 65.112880147993565 54.357399895787239 159.29400005936623 40.227934628725052 47.730755135416985 222.81101395189762 65.047214806079865 8.6305146738886815
leaf_count=663 93 165 387 169 102 92 294 202 561 165 140 740 307 51
internal_value=-0.000173031 0.00317524 -0.0123167 -0.0205839 -0.00854 0.000190772 -0.0114437 0.0107182 0.0153881 -0.00578839 0.0122957 0.0206205 -0.00664558 0.0111869
internal_weight=984.604 898.561 294.034 220.225 148.768 125.626 94.3014 604.527 476.491 94.3864 73.8093 382.105 128.035 62.9879
internal_count=4131 3468 1277 1044 657 488 386 2191 1631 330 233 1301 560 253
is_linear=0
shrinkage=0.05


Tree=43
num_leaves=15
num_cat=0
split_feature=3 33 55 17 43 33 31 17 45 43 25 14 55 4
split_gain=44.9012 28.7604 22.193 21.6715 19.8928 19.3439 35.9631 21.6937 19.2124 16.6487 19.2656 19.3277 15.9397 18.5078
threshold=1.0000000180025095e-35 1.3211787939071657 2.6476674079895024 0.68683574879227061 17.877906638001743 0.23780304938554767 0.20611577964519143 0.33880793119923563 0.57947368421052647 6.5625108885017429 1.8764663338661196 0.099892464512690585 0.29326054453849798 1.6120643019676211
decision_type=2 2 2 2 2 2 2 2 2 2 2 2 2 2
left_child=2 3 9 4 5 -2 -7 -8 -9 -1 11 -11 -13 -14
right_child=1 -3 -4 -5 -6 6 7 8 -10 10 -12 12 13 -15
leaf_value=-0.041219764792219865 0.017464135856324742 -0.051894375187515288 -0.039706325674277225 -0.04097103658637069 0.023251514594329684 0.010582746132627253 -0.0060180195561375001 -0.0620597209956548 0.012203385846253625 0.044084038587976986 -0.034285880181268685 0.040366913974787574 -0.046191394594087783 0.0072180188260679377
leaf_weight=30.006126582622528 175.20837651193142 19.735336892306805 80.852296561002731 21.040765359997749 187.59550000727177 191.27327467501163 75.360009506344795 42.97385261207819 10.492613330483435 28.24935182929039 32.060792312026024 15.806238651275633 25.924928866326809 40.23473134636879
leaf_count=228 577 181 625 87 620 689 270 184 33 107 149 43 164 174
internal_value=-0.000173851 0.00616806 -0.0182575 0.00786716 0.00942961 0.00415833 -0.00315638 -0.0234797 -0.0475294 -0.00802047 -0.000779891 0.0091874 -0.00322604 -0.0140868
internal_weight=976.814 723.68 253.134 703.944 682.904 495.308 320.1 128.826 53.4665 172.282 142.276 110.215 81.9659 66.1597
internal_count=4131 2641 1490 2460 2373 1753 1176 487 217 865 637 488 381 338
is_linear=0
shrinkage=0.05


Tree=44
num_leaves=15
num_cat=0
split_feature=33 45 44 6 55 7 36 25 44 14 7 43 27 13
split_gain=41.8177 44.5943 29.1116 19.7056 20.5011 18.2481 18.9818 18.4562 17.1997 15.5481 14.8821 14.5251 14.2328 13.376
threshold=1.3211787939071657 0.38035823637477045 1.0964261889457705 0.87366262078285228 2.5316654443740849 0.77196210622787487 17.8541960447623 0.83518889546394359 0.71219757199287426 0.35882652286700123 0.66763508319854747 14.32738810254534 0.090261285097270563 0.53034422636140321
decision_type=2 2 2 2 2 2 2 2 2 2 2 2 2 2
left_child=1 2 13 4 9 6 7 -4 -6 -3 12 -5 -10 -1
right_child=-2 3 5 11 8 -7 -8 -9 10 -11 -12 -13 -14 -15
leaf_value=-0.0032405018853126095 -0.046874555494020503 0.022399481891789967 -0.030998090759498494 -0.064899974636301302 -0.042077780371641255 -0.030523128237035891 -0.037946770525153529 0.015385383767229588 -0.059398631635421043 0.0029285249075589278 -0.015662606700314226 0.010069357485890922 0.031065175713252482 -0.05864807631113899
leaf_weight=14.55766302347183 44.688824243843555 325.47627711296082 24.505174480378628 14.040604986250402 25.692393392324448 56.640619702637196 24.996977664530277 134.9804612994194 3.8838045001029959 149.95408249646425 50.681910365819931 10.91191430389881 44.439850725233555 43.749085620045662
leaf_count=71 431 1139 142 67 168 262 101 466 17 532 221 38 150 326
internal_value=-0.000178542 0.00212685 -0.0137111 0.00972344 0.0115514 -0.00596545 0.00169826 0.00810976 -0.00645296 0.0162772 0.00312015 -0.0329906 0.0227377 -0.0451022
internal_weight=969.2 924.511 299.43 625.081 600.128 241.123 184.483 159.486 124.698 475.43 99.0056 24.9525 48.3237 58.3067
internal_count=4131 3700 1368 2332 2227 971 709 608 556 1671 388 105 167 397
is_linear=0
shrinkage=0.05


Tree=45
num_leaves=15
num_cat=0
split_feature=44 33 44 26 21 49 31 44 45 29 51 14 33 31
split_gain=39.9652 32.4616 22.5189 23.1818 21.0422 20.0894 18.3749 24.6404 16.3676 15.9006 15.7302 15.7619 15.4684 24.9823
threshold=1.4719817638397219 0.35546143352985388 2.7630797624588017 0.88360834121704113 0.28165064102564108 1.6070868119002293 0.18245838668373884 0.34569990634918218 0.50280898876404512 85.000000000000014 0.5317802316186373 0.1115967971841674 0.24598605185747149 0.20468236582694418
decision_type=2 2 2 2 2 2 2 2 2 2 2 2 2 2
left_child=1 5 3 -2 -5 8 7 9 -1 -3 -9 -12 -6 -14
right_child=2 6 -4 4 12 -7 -8 10 -10 -11 11 -13 13 -15
leaf_value=-0.033433569687368818 -0.045627054936200853 0.074477186285488328 -0.010353911064243299 0.027079834006417974 0.019404276636671637 0.024901872383583226 -0.04007601491145979 -0.015730119831396876 0.011758515547376837 -0.047235637415251608 0.037845524221171545 -0.023792912171463548 0.015785017829509387 -0.032132087040464268
leaf_weight=39.581182673573494 14.766726993024347 1.9623211622238148 120.89349344372749 214.44158381223679 92.259502664208412 74.049337305128574 94.736072205007076 65.215296022593975 38.810737788677216 48.673626989126205 36.804483450949192 13.513006120920179 53.115390226244926 53.816863693296909
leaf_count=182 83 5 464 735 301 246 604 308 130 471 132 69 175 226
internal_value=-0.000190192 -0.0119185 0.00864107 0.014013 0.0162471 0.00638818 -0.0225983 -0.0124538 -0.0111933 -0.0411678 0.000376283 0.0211511 0.004508 -0.00840497
internal_weight=962.64 413.346 549.294 428.4 413.633 152.441 260.905 166.169 78.3919 50.6359 115.533 50.3175 199.192 106.932
internal_count=4131 2147 1984 1520 1437 558 1589 985 312 476 509 201 702 401
is_linear=0
shrinkage=0.05


Tree=46
num_leaves=15
num_cat=0
split_feature=25 25 40 36 45 55 6 55 53 42 21 13 12 51
split_gain=36.9545 25.0358 20.2206 19.1847 20.9826 17.8877 16.8756 17.4387 19.8847 24.7695 23.931 21.6562 19.0711 12.6048
threshold=0.56054335832595836 1.9000094532966616 4.5604316949004877 11.988492088412544 0.44023809523809526 0.45677423477172857 0.87366262078285228 2.4223345518112187 0.60990338164251223 0.074681848287582411 0.22335600907029482 0.49029128743496186 0.42942979931831365 0.43353413654618483
decision_type=2 2 2 2 2 2 2 2 2 2 2 2 2 2
left_child=-1 6 3 -3 -5 -4 7 8 9 12 -10 -12 -2 -6
right_child=1 2 5 4 13 -7 -8 -9 10 -11 11 -13 -14 -15
leaf_value=-0.031827743966128072 0.03785434170494513 0.0087171051395121182 0.031117289227818909 -0.048045072200195126 -0.04814110617190169 -0.0091425327424129784 -0.032525427719048164 -0.0063213155631797789 0.025803000057030068 0.037800584073048718 0.026254155576097178 -0.016299869720373821 -0.049695603317297769 -0.0021315743820627194
leaf_weight=83.164070785045624 9.2149330824613589 52.993856132030487 49.513775840401649 63.028574384748936 17.410254195332527 60.046058893203735 22.14512849599123 112.15211425721645 101.86165786534548 136.58452713489532 39.360053777694702 114.56921646744013 15.127402924001215 78.306929163634777
leaf_count=629 26 196 156 282 80 255 103 577 376 465 128 488 75 295
internal_value=-0.000186129 0.00286349 -0.00821345 -0.0172085 -0.0258636 0.00916912 0.00932568 0.0111362 0.0158384 0.0295565 0.0071264 -0.00531949 -0.0163671 -0.0109116
internal_weight=955.479 872.314 321.299 211.74 158.746 109.56 551.015 528.87 416.718 160.927 255.791 153.929 24.3423 95.7172
internal_count=4131 3502 1264 853 657 411 2238 2135 1558 566 992 616 101 375
is_linear=0
shrinkage=0.05


Tree=47
num_leaves=15
num_cat=0
split_feature=33 17 44 13 31 55 2 53 13 42 31 51 55 1
split_gain=37.2214 26.5467 27.5263 24.1675 22.5778 23.2036 20.1784 20.1725 33.8067 18.627 13.5788 12.6328 17.2417 15.5526
threshold=1.3211787939071657 0.50274725274725285 1.4955547451972964 0.49029128743496186 0.30320054477357855 0.95651826262474071 0.28183279931545263 0.56385869565217395 0.54829218204600461 0.56682702898979198 0.078023538961038974 0.67826876513317202 0.24733208864927295 0.29103063046932226
decision_type=2 2 2 2 2 2 2 2 2 2 2 2 2 2
left_child=1 2 7 -3 6 -6 -4 9 11 -1 -5 12 -9 -14
right_child=-2 3 4 10 5 -7 -8 8 -10 -11 -12 -13 13 -15
leaf_value=-0.022417728466942264 -0.045696408982283658 0.013661236762158795 0.0052740685525496985 0.025861605991453387 0.012741265841626848 -0.028576429475447463 0.033291515001515247 0.038389153416231357 -0.032867447258825948 0.022201546293195065 -0.035720483356571402 0.040203749050946362 -0.028208183118901217 0.032091115366833914
leaf_weight=30.24928092956543 41.893783003091812 43.981666743755341 103.62538958340883 9.1501326858997327 98.142927259206772 50.701875060796738 170.07094297558069 18.68483404815197 112.69608118385077 92.995740629732609 96.068072728812695 21.187628857791424 48.372075371444225 12.753519177436827
leaf_count=150 431 146 368 34 326 242 564 58 622 362 491 71 218 48
internal_value=-0.000180596 0.00196579 0.00575762 -0.0172458 0.0142436 -0.0014298 0.0227415 -0.00489499 -0.0141621 0.0111579 -0.030172 0.00682738 -0.00242106 -0.015313
internal_weight=950.574 908.68 759.48 149.2 422.541 148.845 273.696 336.939 213.694 123.245 105.218 100.998 79.8104 61.1256
internal_count=4131 3700 3029 671 1500 568 932 1529 1017 512 525 395 324 266
is_linear=0
shrinkage=0.05


Tree=48
num_leaves=15
num_cat=0
split_feature=33 45 44 6 7 36 27 36 3 33 27 43 12 13
split_gain=34.829 36.3904 25.2193 16.6773 15.8909 16.181 14.7238 21.1677 17.2118 13.0837 13.555 12.8949 12.6592 12.2429
threshold=1.3211787939071657 0.38035823637477045 1.0964261889457705 0.87366262078285228 0.77196210622787487 17.8541960447623 0.39526430427798137 21.452498269640646 0.22767145135566189 0.20322843641042712 0.18936338237297287 14.32738810254534 4.9165136814117441 0.53034422636140321
decision_type=2 2 2 2 2 2 2 2 2 2 2 2 2 2
left_child=1 2 13 6 5 9 8 -8 12 -4 -11 -5 -3 -1
right_child=-2 3 4 11 -6 -7 7 -9 -10 10 -12 -13 -14 -15
leaf_value=-0.0027552671733814382 -0.044958889909974986 -0.0019548026934483342 0.029830583379284067 -0.060770257929961505 -0.028663764315264007 -0.034995074101445083 0.021663695670945837 -0.051438039266298058 0.014338613397302606 0.03692397314019543 -0.0094558276170625434 0.010101460690467357 -0.038560134028505312 -0.056711988832741839
leaf_weight=14.237483628094195 40.503823228180408 122.77731873840094 45.947492010891438 13.94522996991873 55.43356866389513 24.811371006071568 263.8767848238349 9.3599178194999677 163.01370706409216 17.944331347942352 92.581177495419979 10.813238121569155 28.280464559793472 40.364475026726723
leaf_count=71 431 482 148 67 262 101 971 42 575 60 400 38 157 326
internal_value=-0.00017194 0.0018836 -0.0126356 0.0088035 -0.005493 0.00171058 0.0105149 0.0189811 0.00311266 0.00771614 -0.00166229 -0.0306266 -0.00901643 -0.0429453
internal_weight=943.89 903.387 291.32 612.067 236.718 181.284 587.308 273.237 314.071 156.473 110.526 24.7585 151.058 54.602
internal_count=4131 3700 1368 2332 971 709 2227 1013 1214 608 460 105 639 397
is_linear=0
shrinkage=0.05


Tree=49
num_leaves=15
num_cat=0
split_feature=44 3 53 42 12 29 42 27 23 7 21 55 12 42
split_gain=32.8328 26.1744 33.9257 22.8476 22.818 18.2263 15.6725 23.2363 17.6829 14.3672 17.2881 14.0163 12.7944 11.8695
threshold=0.34569990634918218 0.27346041055718479 0.72902097902097907 0.54679179191589367 1.0917342901229861 85.000000000000014 0.5214582383632661 0.38557713945869043 1.0895467559743681 0.74022614955902111 0.40450861195542048 0.12568801641464236 4.6830124855041513 1.3293291926383974
decision_type=2 2 2 2 2 2 2 2 2 2 2 2 2 2
left_child=5 2 6 11 -4 -1 -2 12 -9 10 13 -3 -8 -6
right_child=1 3 4 -5 9 -7 7 8 -10 -11 -12 -13 -14 -15
leaf_value=0.046895581945994851 -0.013530375440592572 0.023694114896840909 0.026211879043569437 0.01668425576865205 -0.028678542005333693 -0.039486925202743502 0.0076601454756088753 0.039413288029355051 -0.036349056037874403 -0.045277950025946069 -0.049401612576207163 -0.03441793122043324 -0.032074823258310133 0.0093867080404362972
leaf_weight=5.8675310462713233 72.366035521030426 13.402783289551733 22.116860419511795 343.37966100871563 31.290918081998825 67.55671925470233 82.370387524366379 80.467715062201023 7.7275111824274054 65.532049283385277 27.743401989340782 37.485851436853409 25.766252070665359 55.094179086387157
leaf_count=26 311 39 74 1181 161 620 313 287 34 404 144 152 150 235
internal_value=-0.000178388 0.00256138 -0.00539769 0.0120485 -0.0208405 -0.0320465 0.00623331 0.0135497 0.032442 -0.0267459 -0.015804 -0.018951 -0.00201485 -0.00457191
internal_weight=938.168 864.744 470.475 394.268 201.777 73.4243 268.698 196.332 88.1952 179.661 114.128 50.8886 108.137 86.3851
internal_count=4131 3485 2113 1372 1018 646 1095 784 321 944 540 191 463 396
is_linear=0
shrinkage=0.05


Tree=50
num_leaves=15
num_cat=0
split_feature=44 33 44 7 26 49 51 14 44 28 52 34 45 30
split_gain=31.4756 26.4957 19.3687 19.7979 19.661 17.0768 16.6418 24.1889 23.5933 16.2423 14.3927 14.3907 13.6292 13.1314
threshold=1.4719817638397219 0.35546143352985388 2.7630797624588017 0.79811048507690441 0.88360834121704113 1.6070868119002293 0.5317802316186373 0.095413284396034539 0.2998094260692597 0.87812782634911069 31.500000000000004 10.332630545447406 0.50280898876404512 142.50000000000003
decision_type=2 2 2 2 2 2 2 2 2 2 2 2 2 2
left_child=1 5 4 -4 -2 12 10 8 -8 -6 -3 -11 -1 -10
right_child=2 6 3 -5 9 -7 7 -9 13 11 -12 -13 -14 -15
leaf_value=-0.031149600321168914 -0.043390461184773424 -0.035939520703378282 -0.0035548379374203362 -0.074287851071755021 -0.026172550641487786 0.023130090601430297 -0.033612795589320531 -0.03618034446647421 0.037706897738431333 0.020285450395457576 0.030752765566665938 -0.014103728412024336 0.010512091023467958 -0.061871271218944902
leaf_weight=38.55167693644762 14.068635858595369 133.22664454206824 108.77152900397778 9.896605081856249 21.89625658839941 72.126968443393707 18.921609096229076 39.891548588871956 45.319609940052032 347.52474748343229 7.8683513179421416 32.633918784558773 38.225058265030384 2.6760291531682006
leaf_count=182 83 919 416 48 84 246 179 263 168 1227 39 126 130 21
internal_value=-0.00017875 -0.0108332 0.00773215 -0.0100253 0.012808 0.00581541 -0.0208164 -0.00584334 0.012508 0.0148773 -0.0320301 0.0173041 -0.0105389 0.0310054
internal_weight=931.599 396.807 534.792 118.668 416.124 148.904 247.904 106.809 66.9172 402.055 141.095 380.159 76.7767 47.9956
internal_count=4131 2147 1984 464 1520 558 1589 631 368 1437 958 1353 312 189
is_linear=0
shrinkage=0.05


Tree=51
num_leaves=15
num_cat=0
split_feature=33 45 44 55 42 25 6 55 44 24 31 14 6 3
split_gain=30.3224 32.1649 22.3666 15.3686 20.8012 16.9348 14.9637 14.9975 14.5013 13.1987 17.3167 12.8803 12.6059 12.3302
threshold=1.3211787939071657 0.38035823637477045 1.0964261889457705 0.25700588524341589 0.92765578627586376 0.63181400299072277 0.87366262078285228 2.5316654443740849 0.71219757199287426 4.5685129941404545 0.2038926681783825 0.35882652286700123 0.53921610116958629 0.084219858156028379
decision_type=2 2 2 2 2 2 2 2 2 2 2 2 2 2
left_child=1 2 -1 12 -5 -6 7 11 -9 10 -10 -3 -4 -12
right_child=-2 6 3 4 5 -7 -8 8 9 -11 13 -13 -14 -15
leaf_value=-0.041464587577256268 -0.043574131040818476 0.019718422538425637 -0.014679629378577502 -0.03820995303172546 -0.060255704483306152 0.0050905540096182087 -0.029240663257255613 -0.039840657265548488 0.025510655482414255 -0.052313758758049979 -0.047043757555868704 0.0017109251536006048 0.031316259344746106 0.014073699365999566
leaf_weight=51.912532895803452 37.591908238828182 312.17435866594315 22.169495105743408 55.138527601957321 9.9416961446404439 104.65794308483601 24.568816110491753 23.85745083540678 56.145883873105049 8.7484948337078077 17.564659185707573 145.70634795725346 41.58779676258564 14.200774565339087
leaf_count=397 431 1139 77 292 83 395 105 168 191 38 114 532 124 45
internal_value=-0.000185311 0.00169763 -0.0121048 -0.00542834 -0.0132747 -0.00105054 0.00824011 0.00987991 -0.00577621 0.0029534 0.00897983 0.0140043 0.015343 -0.0201255
internal_weight=925.967 888.375 285.408 233.495 169.738 114.6 602.967 578.398 120.517 96.6598 87.9113 457.881 63.7573 31.7654
internal_count=4131 3700 1368 971 770 478 2332 2227 556 388 350 1671 201 159
is_linear=0
shrinkage=0.05


Tree=52
num_leaves=15
num_cat=0
split_feature=33 45 44 43 23 23 33 31 53 13 13 53 33 31
split_gain=28.3387 29.2863 20.8113 13.3649 14.349 13.9333 13.1079 19.3674 13.6312 13.3247 12.0229 11.9204 11.5518 18.321
threshold=1.3211787939071657 0.38035823637477045 1.0964261889457705 17.877906638001743 1.1378724196517391 0.12951652580832548 0.23985696583986285 0.15034246575342466 0.41277890466531447 0.35121576609376781 0.53034422636140321 0.93218390804597717 0.28256368637084966 0.2038926681783825
decision_type=2 2 2 2 2 2 2 2 2 2 2 2 2 2
left_child=1 2 10 4 5 -3 8 -8 -4 -9 -1 -6 -7 -14
right_child=-2 3 6 -5 11 12 7 9 -10 -11 -12 -13 13 -15
leaf_value=-0.00038402731977028875 -0.042845016898970606 -0.036515862518934274 -0.053499403640975413 0.020315966571133375 -0.041428231934216103 0.018810651063087758 0.027272424614625503 0.033349047299161626 0.015486795911456595 -0.027358016625790457 -0.054833304419283135 0.015106738721823257 0.011427999716067292 -0.018198096264550316
leaf_weight=13.851324632763861 36.368294600397348 17.163458600640297 6.8520572483539572 157.54466918110847 29.044068358838558 155.03305615484715 22.355858966708183 8.9950557351112348 82.906988427042961 110.98145174235106 36.966032911092043 12.895973861217497 149.4059833586216 78.913206122815609
leaf_count=71 431 111 30 568 126 535 75 28 282 556 326 46 586 360
internal_value=-0.000195416 0.00160787 -0.0116285 0.00785796 0.00338625 0.00631706 -0.00520793 -0.0146045 0.00968906 -0.0225686 -0.0402859 -0.0240975 0.0083248 0.00115373
internal_weight=919.277 882.909 282.909 600 442.456 400.516 232.091 142.332 89.759 119.977 50.8174 41.94 383.352 228.319
internal_count=4131 3700 1368 2332 1764 1592 971 659 312 584 397 172 1481 946
is_linear=0
shrinkage=0.05


Tree=53
num_leaves=15
num_cat=0
split_feature=25 25 33 44 21 53 42 13 50 44 40 55 5 3
split_gain=26.5831 22.3978 19.0582 17.7592 27.0828 21.5012 24.5489 23.9532 19.5931 18.6802 16.7181 15.0338 14.2904 14.0874
threshold=0.56054335832595836 1.9000094532966616 0.27262596786022192 0.4556975811719895 0.22653958944281527 0.59629629629629644 0.12154968082904817 0.48587234562577997 0.68352858502579295 1.4955547451972964 4.6405005202674658 0.9751763939857484 0.92152979969978344 0.14946808510638301
decision_type=2 2 2 2 2 2 2 2 2 2 2 2 2 2
left_child=-1 3 12 11 8 6 -6 -7 -5 -9 -4 -2 -3 -14
right_child=1 2 10 4 5 7 -8 9 -10 -11 -12 -13 13 -15
leaf_value=-0.028490367778071724 0.017054094659541302 -0.02850068237666032 -0.030692820242575282 -0.02634034373028879 -0.034430205792170619 0.023415239305557306 0.029876156749374799 -0.044843219391766644 0.031007167089574267 -0.0058127578272524419 0.0036825031340921958 -0.040073385296778952 -0.017736852132054233 0.021506953775630829
leaf_weight=75.110541224479675 17.175497032701969 25.596097737550735 112.20379121974111 15.527053743600844 16.845077186822891 43.581685021519661 90.498786844313145 44.908114094287157 174.10377267003059 93.372607029974461 51.155558008700609 31.337067261338234 29.460166849195957 92.243168637156487
leaf_count=629 88 99 520 65 80 148 310 258 640 366 215 283 113 317
internal_value=-0.00019654 0.00237037 -0.00826346 0.00863847 0.0115665 0.00191547 0.0195602 -0.00854928 0.026198 -0.0187193 -0.0199714 -0.0199119 0.00476807 0.0119403
internal_weight=913.119 838.008 310.659 527.35 478.837 289.206 107.344 181.862 189.631 138.281 163.359 48.5126 147.299 121.703
internal_count=4131 3502 1264 2238 1867 1162 390 772 705 624 735 371 529 430
is_linear=0
shrinkage=0.05


Tree=54
num_leaves=15
num_cat=0
split_feature=33 45 44 7 36 25 43 23 25 14 27 52 42 32
split_gain=25.7978 26.0069 19.0249 13.1273 14.055 13.0086 11.7922 12.7166 12.2574 19.3691 13.3417 11.9572 11.5882 11.9559
threshold=1.3211787939071657 0.38035823637477045 1.0964261889457705 0.77196210622787487 17.8541960447623 0.83518889546394359 17.877906638001743 1.1378724196517391 0.99900886416435253 0.2216170518428964 0.35597176468228547 4.5000000000000009 0.7825782597064973 0.73024948024948033
decision_type=2 2 2 2 2 2 2 2 2 2 2 2 2 2
left_child=1 2 -1 4 5 -4 7 8 9 -3 -10 -9 13 -12
right_child=-2 6 3 -5 -6 -7 -8 11 10 -11 12 -13 -14 -15
leaf_value=-0.039030637661424984 -0.041889902647862895 0.010116665245644647 -0.027193132356044671 -0.026414509412033139 -0.032818521776562679 0.013438081115999071 0.019196285972867783 0.015366472872651395 0.00031091055849366539 -0.036026725526396991 0.0097381355197593122 -0.040656918737923459 0.028881020130686282 -0.062972935532918758
leaf_weight=48.978888884186745 34.643857765942812 51.349697977304459 22.236569203436375 53.496069818735123 24.380407847464085 129.82501054555178 155.61016115546227 13.450052775442598 153.02649189531803 39.358581699430943 31.055008374154568 28.367151461541653 115.87643518298864 5.8669074177741996
leaf_count=397 431 240 142 262 101 466 568 51 595 212 109 121 412 24
internal_value=-0.000194771 0.00150612 -0.0110639 -0.00496355 0.00165245 0.00735757 0.00741754 0.00320203 0.00598376 -0.0100796 0.0107655 -0.0226996 0.0211656 -0.0031716
internal_weight=907.521 872.877 278.917 229.938 176.442 152.062 593.96 438.35 396.533 90.7083 305.825 41.8172 152.798 36.9219
internal_count=4131 3700 1368 971 709 608 2332 1764 1592 452 1140 172 545 133
is_linear=0
shrinkage=0.05


Tree=55
num_leaves=15
num_cat=0
split_feature=55 42 55 53 44 21 45 23 1 35 3 44 31 51
split_gain=25.4133 24.245 42.3926 20.535 18.8187 18.7158 18.4695 17.2509 17.1279 17.2851 15.5498 15.2195 14.8241 14.452
threshold=2.4223345518112187 0.95055782794952404 0.38451126217842108 0.61414392059553358 1.4955547451972964 0.22335600907029482 0.41619850187265922 0.90180042386055004 0.17067846655845645 2.3177251430405552 0.28035087719298252 0.85188180208206188 0.078023538961038974 0.5615236721941842
decision_type=2 2 2 2 2 2 2 2 2 2 2 2 2 2
left_child=1 2 -1 7 6 -6 -5 -3 -2 11 -7 -10 -13 -8
right_child=8 3 -4 4 5 10 13 -9 9 -11 -12 12 -14 -15
leaf_value=0.010786903839409653 -0.041426005508398048 0.03387217825523222 -0.029806485074926628 -0.038492933799472905 0.033790405000364336 -0.018373441814259081 -0.017293466856987291 -0.022889560928987963 -0.033915758891562335 -0.032360962480706523 0.016525377105822848 0.05409827717267305 0.002585735010405564 0.025231726973109193
leaf_weight=137.74119956791401 49.127592749893665 118.27534145116806 119.03293232619762 40.422324646264315 71.896566569805145 53.444195218384266 41.431734133511782 14.376085460186003 19.52761422097683 45.934775244444609 76.168007299304008 17.141348816454411 61.170681364834309 36.772165108472109
leaf_count=473 406 458 619 240 259 218 192 65 178 297 264 54 264 144
internal_value=-0.000198768 0.00417966 -0.00807363 0.0111309 0.00424403 0.0135209 -0.0114958 0.0275954 -0.0162426 -0.00741078 0.00210473 0.00451199 0.014401 0.00276836
internal_weight=902.463 709.561 256.774 452.786 320.135 201.509 118.626 132.651 192.902 143.774 129.612 97.8396 78.312 78.2039
internal_count=4131 2932 1092 1840 1317 741 576 523 1199 793 482 496 318 336
is_linear=0
shrinkage=0.05


Tree=56
num_leaves=15
num_cat=0
split_feature=33 45 44 6 55 14 12 34 25 33 27 40 25 53
split_gain=23.486 22.8488 17.0243 13.4744 12.9147 15.2577 14.5691 11.9421 13.5831 16.1636 16.0585 14.1843 11.8455 14.1819
threshold=1.3211787939071657 0.38035823637477045 1.0964261889457705 0.87366262078285228 0.25700588524341589 0.062977344178985761 2.4013547897338872 0.82782903937575314 1.8764663338661196 0.27262596786022192 0.39526430427798137 4.6405005202674658 0.99900886416435253 0.59629629629629644
decision_type=2 2 2 2 2 2 2 2 2 2 2 2 2 2
left_child=1 2 -1 7 -4 -6 -7 -3 10 -10 -9 -11 13 -12
right_child=-2 3 4 -5 5 6 -8 8 9 11 12 -13 -14 -15
leaf_value=-0.037434893065027598 -0.04092147296403572 -0.050013984613438527 0.014440168198572174 -0.028840216828056393 0.018643290133774235 -0.037671338344902036 -0.0044930529345091801 0.0040747641786349166 0.01435959960945025 -0.025662719773141031 0.032717889325653129 0.011214049565503162 0.034748067609860385 -0.014696205310222157
leaf_weight=47.286644753068686 33.05363742634654 7.5965880528092375 62.72874990105629 24.199298292398453 31.820719689130783 59.422483839094639 73.828218135982752 162.19571476429701 97.632708966732025 75.811508398503065 28.752284787595272 38.769926354289055 120.74712958931923 32.677638217806816
leaf_count=397 431 50 201 105 124 293 353 661 349 316 113 147 430 161
internal_value=-0.000192775 0.00141185 -0.01046 0.00697064 -0.00472143 -0.0120461 -0.0194591 0.00855497 0.00944261 -0.000510679 0.0155599 -0.013196 0.0257072 0.00766457
internal_weight=896.523 863.47 275.087 588.383 227.8 165.071 133.251 564.183 556.587 212.214 344.373 114.581 182.177 61.4299
internal_count=4131 3700 1368 2332 971 770 646 2227 2177 812 1365 463 704 274
is_linear=0
shrinkage=0.05


Tree=57
num_leaves=15
num_cat=0
split_feature=55 17 2 31 40 33 1 35 13 5 45 49 31 33
split_gain=22.7802 19.848 18.423 21.4287 17.0196 16.2045 15.7046 15.4547 15.3666 14.0025 13.3541 12.7831 12.0272 14.2366
threshold=2.4223345518112187 0.50274725274725285 0.27240242063999182 0.24575783721599082 1.9613581492312506 0.27782796323299414 0.17067846655845645 2.3177251430405552 0.74176451732700366 0.94149911403656017 0.45401691331923894 1.921444153979138 0.078023538961038974 1.1837548017501833
decision_type=2 2 2 2 2 2 2 2 2 2 2 2 2 2
left_child=1 2 4 -4 -1 9 -2 12 -3 -5 -6 -7 13 -8
right_child=6 8 3 5 10 11 7 -9 -10 -11 -12 -13 -14 -15
leaf_value=-0.015132428442871985 -0.039984009715898938 -0.0034189133209392348 0.026098461766490406 -0.037886599594654159 -0.0095910279708779946 -0.036176842657831519 0.052513610907107766 -0.030869888655994295 -0.044234123681712707 0.023846670472700539 0.023710926621815755 0.0081890811816486969 -0.0056717113939546565 -0.044043844127781014
leaf_weight=130.0103861540556 47.839649718254805 79.271155156195164 193.15464307740331 9.6671058088541013 48.92730125784874 37.735189087688923 19.130492486059669 45.126987162977457 31.633039128035307 68.667280852794647 75.461902674287558 27.418322660028934 73.824646204710007 3.9043331034481517
leaf_count=629 406 290 750 39 197 190 65 297 195 243 277 122 374 57
internal_value=-0.000191071 0.00396819 0.00761324 0.0152698 -0.00253868 0.000613169 -0.0155115 -0.00704402 -0.0153518 0.0158468 0.0106399 -0.0176649 0.00425851 0.0349959
internal_weight=891.772 701.946 591.042 336.643 254.4 143.488 189.826 141.986 110.904 78.3344 124.389 65.1535 96.8595 23.0348
internal_count=4131 2932 2447 1344 1103 594 1199 793 485 282 474 312 496 122
is_linear=0
shrinkage=0.05


Tree=58
num_leaves=15
num_cat=0
split_feature=44 7 29 53 42 55 52 13 43 27 36 13 51 30
split_gain=22.0726 20.4857 19.0951 17.2497 22.277 18.9152 15.5406 17.6299 13.8992 13.8259 19.0277 14.9393 14.8651 16.3396
threshold=0.27999739348888403 0.74090495705604564 85.000000000000014 0.61200716845878145 0.48861095309257513 1.0692622065544131 2.5000000000000004 0.49029128743496186 10.242473630078452 0.46961166266857018 21.452498269640646 0.43978150970465152 0.52027397260273978 129.00000000000003
decision_type=2 2 2 2 2 2 2 2 2 2 2 2 2 2
left_child=2 9 -1 4 -3 6 -5 8 -8 11 -11 12 13 -2
right_child=1 3 -4 5 -6 -7 7 -9 -10 10 -12 -13 -14 -15
leaf_value=0.048744412562202688 0.0063536319947907014 -0.034205443635642555 -0.042705685487655111 0.030819784034085515 0.019135755366929824 -0.040229225905214633 -0.043071627564504979 -0.030800839346067928 0.037169923452376755 0.021010491012105271 -0.048423715416836398 -0.0073523715330480596 0.027998174993502059 -0.062066058573035099
leaf_weight=5.6651652529835692 57.933148182928562 24.694374345242977 45.32250090688467 21.716748714447021 81.430063337087631 64.481046952307224 6.2831531390547779 58.892300195991993 20.537354931235313 195.54966621473432 9.4591735005378705 206.86616862937808 79.183536503463984 9.2469235211610776
leaf_count=26 233 121 518 78 322 426 26 247 69 775 44 892 294 60
internal_value=-0.000189827 0.00177329 -0.0318026 -0.00929468 0.00652021 -0.0190388 -0.00606627 -0.0156596 0.0174995 0.00729254 0.0175873 0.00128486 0.0134595 -0.00383612
internal_weight=887.261 836.274 50.9877 278.035 106.124 171.911 107.43 85.7128 26.8205 558.239 205.009 353.23 146.364 67.1801
internal_count=4131 3587 544 1289 443 846 420 342 95 2298 819 1479 587 293
is_linear=0
shrinkage=0.05


Tree=59
num_leaves=15
num_cat=0
split_feature=33 7 30 44 36 3 44 2 8 9 51 17 45 12
split_gain=20.637 26.5438 20.127 17.1769 15.4516 14.8032 13.8131 14.6435 13.4487 11.328 14.4664 12.6345 12.4717 11.4832
threshold=0.28406861424446112 0.73666957020759594 133.50000000000003 1.7378271222114565 12.665254219656637 0.12403846153846156 2.7630797624588017 0.22088453173637393 0.33845834434032446 0.40824915824915831 0.52027397260273978 0.21858576206402294 0.75582655826558276 11.49979877471924
decision_type=2 2 2 2 2 2 2 2 2 2 2 2 2 2
left_child=6 2 3 9 5 -3 7 -1 -8 10 13 -12 -11 -2
right_child=1 4 -4 -5 -6 -7 8 -9 -10 12 11 -13 -14 -15
leaf_value=-0.015300510558300125 -0.015762013002620309 -0.032709881800638149 -0.030991618762482277 0.022072576920567601 -0.050907479582455006 0.0043345228611273313 0.0021702317617427599 0.017411751677206926 -0.048427710533251955 -0.036558485038882642 0.028972349290935912 -0.012041966949585668 0.044350963829223093 0.046647076291473945
leaf_weight=38.446892917156219 90.237409491091967 53.558472935110331 43.599744137376547 99.048434279859066 39.627767734229565 52.918892558664083 45.698967628180981 266.30702308565378 17.383824944496155 35.747529245913029 62.719182077795267 25.963605988770723 4.6104711294174185 7.0535779185593119
leaf_count=159 498 450 338 365 224 203 171 974 75 199 282 138 14 41
internal_value=-0.000188777 -0.00664358 0.000514878 0.00481865 -0.0246024 -0.0144299 0.00884344 0.0132483 -0.0123112 -0.00279598 0.00245484 0.0169642 -0.0264666 -0.0108088
internal_weight=882.922 515.085 368.98 325.38 146.105 106.477 367.837 304.754 63.0828 226.332 185.974 88.6828 40.358 97.291
internal_count=4131 2752 1875 1537 877 653 1379 1133 246 1172 959 420 213 539
is_linear=0
shrinkage=0.05


Tree=60
num_leaves=15
num_cat=0
split_feature=33 45 49 50 14 55 6 43 55 14 34 25 27 33
split_gain=20.2441 18.7382 13.3621 17.4316 16.3916 13.1336 11.7289 11.1779 11.1578 10.9181 10.7543 12.3476 14.1297 13.5302
threshold=1.3211787939071657 0.38035823637477045 1.921444153979138 4.7334274977260833 0.70816849339319443 0.25700588524341589 0.87366262078285228 14.32738810254534 2.4223345518112187 0.024893890825343434 0.82782903937575314 1.8764663338661196 0.39526430427798137 0.2561939805746079
decision_type=2 2 2 2 2 2 2 2 2 2 2 2 2 2
left_child=1 2 3 -1 8 -4 10 -8 -5 -7 -3 12 -12 -13
right_child=-2 6 5 4 -6 9 7 -9 -10 -11 11 13 -14 -15
leaf_value=-0.031857477413045086 -0.039489430778856069 -0.04860479505099382 0.026648486047990663 0.040535347442171341 -0.03845834038694556 0.038631805095196849 -0.055621519016036458 0.011214505231905227 -0.014254879013905319 -0.015649511631265108 0.0037592293138048768 0.013869767763570594 0.024220330808916904 -0.011745606031883599
leaf_weight=97.667106073349714 30.586272567510605 7.3350578248500815 38.436359688639641 24.574155680835247 15.534481186419724 9.6987712979316694 13.539746060967447 10.479281291365622 13.946174070239065 69.468438841402531 160.26402299106121 88.603645659983158 178.20476472377777 120.39884801208973
leaf_count=575 431 50 122 85 95 33 67 38 89 369 661 324 704 488
internal_value=-0.000185359 0.00127687 -0.00959635 -0.0193526 0.00340956 0.00304742 0.00634397 -0.0271788 0.0208399 -0.00860057 0.00784155 0.00868506 0.0145717 -0.000871996
internal_weight=878.737 848.151 269.325 151.722 54.0548 117.604 578.825 24.019 38.5203 79.1672 554.806 547.471 338.469 209.002
internal_count=4131 3700 1368 844 269 524 2332 105 174 402 2227 2177 1365 812
is_linear=0
shrinkage=0.05


Tree=61
num_leaves=15
num_cat=0
split_feature=55 42 55 2 32 1 55 53 21 33 31 25 4 42
split_gain=19.5729 20.1441 36.8966 19.1494 14.5235 13.9128 14.5257 13.5424 13.0794 14.2679 13.0638 12.7789 12.1141 11.9364
threshold=2.4223345518112187 0.95055782794952404 0.38451126217842108 0.27240242063999182 0.42546296296296299 0.17067846655845645 6.5497822761535653 0.63060428849902539 0.22335600907029482 0.31933350861072546 0.19204425711275028 0.95932406187057506 2.4911674261093144 3.1687355041503911
decision_type=2 2 2 2 2 2 2 2 2 2 2 2 2 2
left_child=1 2 12 -3 -4 -2 10 13 -9 -10 -7 -8 -1 -5
right_child=5 3 4 7 -6 6 11 8 9 -11 -12 -13 -14 -15
leaf_value=0.016458069657424686 -0.038198532430485453 -0.0027169345006810338 -0.0087231426848074986 0.038910588234005457 -0.044413569759128697 -0.0032246872048102269 -0.027490637486860987 0.027591889091082872 0.014926928808796015 -0.021270427984015017 -0.044079445331795537 0.024989899451950251 -0.024401975458613886 -0.043908155475940069
leaf_weight=114.55703897029161 45.741844110190868 174.54476316645741 52.857658270746469 82.16053318977356 62.427057672291994 46.592788349837065 14.58889554813504 68.723441299051046 64.667581096291542 45.501910790801048 32.951045379042625 45.110847119241953 20.603027645498514 3.7856517620384684
leaf_count=394 406 772 298 313 321 253 117 272 230 236 231 192 79 17
internal_value=-0.000182933 0.00369341 -0.00760462 0.0101358 -0.0282654 -0.0145803 -0.00660464 0.0185849 0.0106447 -8.00601e-05 -0.0204859 0.0119236 0.0100961 0.0347996
internal_weight=874.814 689.829 250.445 439.384 115.285 184.985 139.244 264.839 178.893 110.169 79.5438 59.6997 135.16 85.9462
internal_count=4131 2932 1092 1840 619 1199 793 1068 738 466 484 309 473 330
is_linear=0
shrinkage=0.05


Tree=62
num_leaves=15
num_cat=0
split_feature=44 29 17 25 40 26 13 27 13 53 43 33 51 55
split_gain=19.2879 17.8104 17.3627 16.9081 18.3647 15.8103 16.2533 14.0276 15.8598 18.1788 14.174 12.7032 12.5426 13.2982
threshold=0.27999739348888403 85.000000000000014 0.49181796464405164 1.9943969845771792 4.922295780624248 1.9127002954483034 0.44643722098894673 0.48535735956290088 0.47447046635713597 0.70479302832244028 16.525939024913594 0.214654415845871 0.52027397260273978 3.5082836151123051
decision_type=2 2 2 2 2 2 2 2 2 2 2 2 2 2
left_child=1 -1 3 7 -5 -4 -7 8 12 -10 -9 -11 -2 -14
right_child=2 -3 5 4 -6 6 -8 10 9 11 -12 -13 13 -15
leaf_value=0.046913544881015332 -0.00041084859528390746 -0.041648431062363885 -0.041903741550519791 -0.016786345693099895 0.014510427294205494 0.025393804282440608 -0.016514723127708054 0.010611346757984051 0.0086418290276654118 0.014416514768536171 0.040322219229959315 -0.032344645566459461 0.044722417311972885 -0.027542622363642296
leaf_weight=5.6780208721756926 42.69167147949338 42.736637149006128 36.598464373499155 143.47703098878264 68.482110034674406 31.719717897474766 78.101841513067484 110.52362498268485 109.82869641110301 17.973132096230984 63.00487358123064 65.194783616811037 47.994946703314781 6.633711263537406
leaf_count=26 196 518 258 602 270 104 339 504 460 66 237 343 163 45
internal_value=-0.000182227 -0.0305228 0.00163921 0.00502423 -0.00665398 -0.0139125 -0.00429038 0.0103635 0.00361535 -0.00468955 0.021568 -0.022188 0.019965 0.0356097
internal_weight=870.639 48.4147 822.225 675.805 211.959 146.42 109.822 463.845 290.317 192.997 173.528 83.1679 97.3203 54.6287
internal_count=4131 544 3587 2886 872 701 443 2014 1273 869 741 409 404 208
is_linear=0
shrinkage=0.05


Tree=63
num_leaves=15
num_cat=0
split_feature=44 33 44 7 21 52 55 31 33 28 51 14 44 29
split_gain=18.8521 16.1444 14.8792 16.7506 14.875 14.5777 12.4234 14.1411 19.8209 19.2172 11.9508 15.2638 17.0357 13.4028
threshold=1.4955547451972964 0.35546143352985388 2.7630797624588017 0.79811048507690441 0.28165064102564108 32.500000000000007 0.074924170970916762 0.23271742593182546 0.214654415845871 1.0349404943545928 0.5317802316186373 0.095413284396034539 0.2998094260692597 85.000000000000014
decision_type=2 2 2 2 2 2 2 2 2 2 2 2 2 2
left_child=1 -1 4 -4 -2 10 -6 9 -9 -8 -3 12 13 -12
right_child=2 5 3 -5 6 -7 7 8 -10 -11 11 -13 -14 -15
leaf_value=0.0041812977043524961 0.020857216594183964 -0.030166139928650998 -0.0034576322990523545 -0.069880033168665645 0.038986454476515824 0.036420102062715787 -0.018745080036954322 0.010128311816816565 -0.040497762770847157 0.027594439518418019 0.065243590329375586 -0.032192397077161122 0.025266827455553011 -0.052910638224329891
leaf_weight=148.63220372051001 189.88856685161591 121.99650782719254 104.21271568536758 9.4575722329318506 18.37978707253933 11.221828825771807 35.42959026247263 33.230694837868214 44.159497108310461 57.286279760301113 1.9977585673332203 34.565973095595837 43.10730242356658 13.377386961132286
leaf_count=589 737 934 416 48 56 57 143 119 217 200 6 255 182 172
internal_value=-0.000172193 -0.00860653 0.00625853 -0.0095453 0.0110189 -0.0169882 0.00104964 -0.00325329 -0.0189075 0.00987561 -0.0199309 -0.00633328 0.00923498 -0.0345116
internal_weight=866.944 374.899 492.045 113.67 378.374 226.267 188.486 170.106 77.3902 92.7159 215.045 93.0484 58.4824 15.3751
internal_count=4131 2195 1936 464 1472 1606 735 679 336 343 1549 615 360 178
is_linear=0
shrinkage=0.05


Tree=64
num_leaves=15
num_cat=0
split_feature=26 36 7 55 22 12 27 21 42 12 3 2 14 27
split_gain=17.834 21.3297 18.212 15.9297 21.7218 17.8672 13.9917 12.7262 11.8284 13.4639 10.8455 10.7158 10.1017 10.0993
threshold=1.3617463111877444 12.239667802486141 0.74090495705604564 0.40924999117851263 0.19998733733925295 1.4698276519775393 0.47437308511778287 0.24509048902579902 0.54679179191589367 0.6544652283191682 0.54335839598997504 0.27053447067737585 0.095413284396034539 0.25259166444625952
decision_type=2 2 2 2 2 2 2 2 2 2 2 2 2 2
left_child=11 6 3 4 -3 -5 7 -2 9 -8 -9 -1 -13 -7
right_child=1 2 -4 5 -6 13 8 10 -10 -11 -12 12 -14 -15
leaf_value=-0.032993715456222095 0.016455051255697069 0.045959142799738367 -0.024388328750325913 -0.063095690346654451 -0.0012531738493833375 -0.021020476923203357 0.045161776630084242 -0.013943246827456901 0.030491380430483956 -0.041764375682354242 0.019479949068078029 0.018176433415070515 -0.019383706395104172 0.006313650444744562
leaf_weight=57.855076510459185 112.98004765063524 37.520006567239761 95.965623002499342 12.947667170315979 66.148034691810608 52.523868974298239 5.7974076345562962 103.67183294892311 111.04348489269614 12.096810445189474 30.656999625265598 29.159513939172029 43.11678260192275 90.806290183216333
leaf_count=518 495 121 448 69 239 264 18 465 474 69 106 172 296 377
internal_value=-0.000166587 0.00287113 -0.00589539 0.000999043 0.01611 -0.00906359 0.0111575 0.00415917 0.0244453 -0.0127021 -0.00622771 -0.0171492 -0.004189 -0.00377928
internal_weight=862.289 732.158 355.911 259.946 103.668 156.278 376.247 247.309 128.938 17.8942 134.329 130.131 72.2763 143.33
internal_count=4131 3145 1518 1070 360 710 1627 1066 561 87 571 986 468 641
is_linear=0
shrinkage=0.05


Tree=65
num_leaves=15
num_cat=0
split_feature=43 13 33 28 7 33 21 2 3 38 12 21 12 7
split_gain=18.2334 16.5886 16.0778 27.2772 17.6458 17.864 14.3826 14.0532 14.406 13.0915 13.3639 12.0115 11.945 11.8402
threshold=17.877906638001743 1.1638819589938174 0.23985696583986285 0.97258225324027925 0.67436543107032787 1.1837548017501833 0.12660256410256412 0.28827004134655004 0.48858329008822005 11.292911867461905 3.9055632352828984 0.2869249394673124 10.016656875610353 0.77196210622787487
decision_type=2 2 2 2 2 2 2 2 2 2 2 2 2 2
left_child=2 11 9 -4 5 -5 -3 8 -6 10 13 -2 -12 -1
right_child=1 6 3 4 7 -7 -8 -9 -10 -11 12 -13 -14 -15
leaf_value=0.0228643248513145 0.027386245148939382 0.02783653238427999 -0.049404324903203463 0.011639659773216432 -0.038045396815514387 -0.041239109950563665 -0.056484738968820891 -0.0027924015982149506 0.0043684221332729268 -0.047015822444341306 -0.03736127675021219 0.0035973110550339277 0.035394515668324335 -0.011109839015554859
leaf_weight=125.62642795592546 109.80447537824512 6.7821852788329151 38.907669354230165 152.28979815542698 82.875438284128904 16.846485741436481 14.439852371811865 112.5359114818275 26.044942155480385 9.5573061853647214 22.573067039251331 102.49034230783582 6.5479802116751662 31.505955010652542
leaf_count=467 433 29 250 645 543 271 84 631 100 41 93 398 22 124
internal_value=-0.000160294 0.0117319 -0.00461295 -0.0100193 -0.00597994 0.00616134 -0.0294972 -0.0152388 -0.027956 0.00723623 0.0102563 0.0159723 -0.0203699 0.0160251
internal_weight=858.828 233.517 625.311 429.5 390.593 169.136 21.222 221.456 108.92 195.811 186.253 212.295 29.121 157.132
internal_count=4131 944 3187 2440 2190 916 113 1274 643 747 706 831 115 591
is_linear=0
shrinkage=0.05


Tree=66
num_leaves=15
num_cat=0
split_feature=43 13 33 7 5 5 3 25 35 53 38 14 33 31
split_gain=16.5759 15.1174 14.9201 16.8598 14.3094 13.7986 13.192 14.2159 11.4098 14.7682 10.773 10.5666 10.3106 12.6657
threshold=17.877906638001743 1.1638819589938174 1.3211787939071657 0.74090495705604564 3.5797699689865117 1.5965663194656374 0.22996794871794876 1.8764663338661196 2.1591450703793718 0.93541666666666679 10.618774424897628 0.28947764373567386 0.214654415845871 0.20611577964519143
decision_type=2 2 2 2 2 2 2 2 2 2 2 2 2 2
left_child=2 -2 3 4 10 -3 -5 11 9 -9 12 -8 -1 -14
right_child=1 5 -4 6 -6 -7 7 8 -10 -11 -12 -13 13 -15
leaf_value=0.021824118290871126 0.015264560793026792 0.0091395347565076928 -0.041674213845250122 -0.029069740621512713 -0.04872331464508662 -0.069294870190650684 0.023820312528245458 -0.079268675267248553 0.0064455071789734399 0.0048183856389277489 -0.023814918834274487 -0.015717016552672155 0.011427700360601112 -0.010373529677336684
leaf_weight=89.009586550295353 211.17347290366888 11.41702337190509 24.764052379876375 87.83765085786581 11.921872321516274 9.6464513428509218 46.484482392668724 13.975323133170606 14.273006238043306 7.8492044508457175 29.468358356505632 25.383273296058178 157.77916839718819 113.81164687871933
leaf_count=336 831 52 414 590 68 61 174 64 52 28 126 101 674 560
internal_value=-0.000161968 0.0112095 -0.00441513 -0.00280462 0.00305878 -0.0282938 -0.0147968 -0.00302449 -0.0281958 -0.0501406 0.00476197 0.00983191 0.00715668 0.00228723
internal_weight=854.795 232.237 622.558 597.794 401.991 21.0635 195.803 107.965 36.0975 21.8245 390.069 71.8678 360.6 271.591
internal_count=4131 944 3187 2773 1764 113 1009 419 144 92 1696 275 1570 1234
is_linear=0
shrinkage=0.05


Tree=67
num_leaves=15
num_cat=0
split_feature=44 45 4 29 31 52 39 54 3 14 2 22 21 33
split_gain=15.7536 15.261 14.0318 13.4463 13.3929 14.1137 12.1036 12.027 17.6352 11.9742 11.5632 11.5307 12.1895 13.8073
threshold=1.4955547451972964 0.38035823637477045 1.1686016321182253 183.00000000000003 0.52586975914362188 29.500000000000004 6.2312936265458223 1.0000000180025095e-35 0.46737588652482276 0.32075447158015552 0.28127396106719976 0.066662445779750987 0.24509048902579902 0.23780304938554767
decision_type=2 2 2 2 2 2 2 2 2 2 2 2 2 2
left_child=1 4 7 -3 5 -1 9 8 -2 10 11 -4 -13 -14
right_child=2 3 6 -5 -6 -7 -8 -9 -10 -11 -12 12 13 -15
leaf_value=-0.041775733122110428 -0.036148561428135599 0.00038264164105909364 -0.0601330927418708 -0.053120157835905103 0.015876051239366581 0.021994321577683749 -0.018188707112337062 0.007364795875443815 0.01351646161302392 0.0038434674023216184 0.035820500741155503 0.030958188641773767 0.034714078608118336 -0.040281562758184647
leaf_weight=67.752704445272684 53.694440092891455 262.79964803904295 4.6611227020621291 11.291911400854586 15.72288656234741 9.2967500910162908 29.920290157198906 79.020341441035271 25.906107179820538 136.40821803733706 89.595534589141607 40.27701623365283 8.7629661113023776 15.742420509457586
leaf_count=554 286 1353 24 154 89 45 126 287 101 521 339 152 32 68
internal_value=-0.00016847 -0.00797099 0.00575009 -0.00200663 -0.0253831 -0.0338981 0.0116827 -0.00641593 -0.0200179 0.0147589 0.0240386 0.00854503 0.0143255 -0.013154
internal_weight=850.852 366.864 483.988 274.092 92.7723 77.0495 325.368 158.621 79.6005 295.447 159.039 69.4435 64.7824 24.5054
internal_count=4131 2195 1936 1507 688 599 1262 674 387 1136 615 276 252 100
is_linear=0
shrinkage=0.05


Tree=68
num_leaves=15
num_cat=0
split_feature=55 42 55 53 5 52 33 45 12 32 42 43 1 35
split_gain=15.5655 16.8366 30.7604 15.702 20.087 15.6838 14.8937 15.2234 13.0404 13.0238 13.1007 12.1468 11.9099 10.3656
threshold=2.4223345518112187 0.95055782794952404 0.38451126217842108 0.61414392059553358 0.75626230239868175 2.5000000000000004 0.23394811898469928 0.5337121212121213 2.8377928733825688 0.5131670131670133 0.4359735250473023 11.079082085261208 0.30962507426738745 3.0314692758788735
decision_type=2 2 2 2 2 2 2 2 2 2 2 2 2 2
left_child=1 2 -1 4 -3 -5 -7 8 -8 10 -4 -9 -2 -14
right_child=12 3 9 5 -6 6 7 11 -10 -11 -12 -13 13 -15
leaf_value=0.0091643921730895309 -0.023231891005472662 -0.0076980978829572742 -0.044571548374397169 0.024657638668956476 0.036797163729276959 0.013075746750097561 -0.046263743093063414 -0.017223507111095764 -0.0075269805356612072 -0.046815018827240845 0.0029153681425974926 0.027143513432443436 0.010284574851520976 -0.05119689242654029
leaf_weight=131.99230290204287 111.0804136916995 34.949750833213329 20.12633253261447 65.278576649725437 88.640826664865017 90.141881190240383 40.493786938488483 27.800875529646873 46.591412268579006 45.150823533535004 46.120198521763086 32.325728170573711 59.922078758478165 6.7287156209349623
leaf_count=473 862 192 149 261 331 344 212 140 240 240 230 120 277 60
internal_value=-0.000165658 0.00332895 -0.0071444 0.00931236 0.0242537 0.00315075 -0.00284285 -0.0126127 -0.0258599 -0.026378 -0.0119599 0.00668326 -0.0132767 0.00341269
internal_weight=847.344 669.612 243.39 426.223 123.591 302.632 237.354 147.212 87.0852 111.397 66.2465 60.1266 177.731 66.6508
internal_count=4131 2932 1092 1840 523 1317 1056 712 452 619 379 260 1199 337
is_linear=0
shrinkage=0.05


Tree=69
num_leaves=15
num_cat=0
split_feature=25 25 40 33 36 55 5 31 4 27 43 50 29 42
split_gain=14.796 16.4091 12.9014 13.7011 14.9672 12.4869 12.664 12.5574 11.7834 11.6301 19.1074 14.2883 13.8227 14.6737
threshold=0.56054335832595836 1.9000094532966616 4.5604316949004877 0.2561939805746079 11.777963572124758 0.45677423477172857 1.0196576118469241 0.23570261437908499 1.1783488392829897 0.44145363376944535 5.4832093330045959 1.2079174311441234 123.50000000000001 3.1687355041503911
decision_type=2 2 2 2 2 2 2 2 2 2 2 2 2 2
left_child=-1 9 3 8 -5 -4 7 -7 -3 12 11 -11 13 -2
right_child=1 2 5 4 -6 6 -8 -9 -10 10 -12 -13 -14 -15
leaf_value=-0.023148259136328009 0.010248937198435162 -0.023467689934491838 0.026321603153395264 0.0076613313226455886 -0.036019684577492127 -0.0058547292714094951 0.0081387436090752229 -0.087940503034241668 0.015310288404322449 0.02620238118270711 0.021146313864692248 -0.050263523605678075 -0.018652499155888073 -0.051128312904832524
leaf_weight=63.664507303386927 187.38668121024966 30.620028264820576 44.656493097543716 24.817305341362953 87.207742787897587 10.873123273253443 36.436075776815414 7.3608856424689284 50.494459047913551 8.5524668283760565 194.94177351146936 16.723973978310823 69.70191914960742 9.2835523597896081
leaf_count=629 817 123 156 107 438 57 158 40 185 45 808 142 382 44
internal_value=-0.000164978 0.00174048 -0.00760365 -0.0151081 -0.0263607 0.00699376 -0.00898313 -0.0418412 0.000564407 0.00736087 0.0158345 -0.0243782 0.000322454 0.00710771
internal_weight=842.721 779.056 292.466 193.14 112.025 99.3266 54.6701 18.234 81.1145 486.59 220.218 25.2764 266.372 196.67
internal_count=4131 3502 1264 853 545 411 255 97 308 2238 995 187 1243 861
is_linear=0
shrinkage=0.05


Tree=70
num_leaves=15
num_cat=0
split_feature=3 53 33 22 55 17 51 32 33 51 44 45 55 2
split_gain=14.2528 20.2605 20.4413 16.4331 14.7018 14.6638 14.0798 14.5503 13.4666 11.7818 11.2256 10.5276 10.3438 9.53582
threshold=0.27346041055718479 0.72902097902097907 0.24061333388090136 0.033277015192398736 0.40924999117851263 0.20765647396082182 0.40405073649754503 0.41287094547964115 1.2397134304046633 0.29679679679679688 0.24562826007604602 0.61492122335495847 2.4845210313797002 0.24664227664470675
decision_type=2 2 2 2 2 2 2 2 2 2 2 2 2 2
left_child=1 3 4 -1 -3 12 7 -2 -5 -9 -8 -7 -4 -6
right_child=6 2 5 8 13 11 10 9 -10 -11 -12 -13 -14 -15
leaf_value=-0.044203581469761249 0.03235405603223996 0.042493617959004082 0.012887854913851872 0.0087298638863225076 -0.057553582341904511 -0.045572338717712907 -0.038572611469998234 0.018053897625593517 -0.039674871291222234 -0.052290053514793523 0.012092019364600609 0.007891289862255348 -0.040905737257402312 0.0020184229351219167
leaf_weight=16.494010049849749 9.2751314528286439 18.142294660210609 28.220431819558144 241.65959764271975 7.5910547375679007 83.686038877815008 10.356698628515003 7.2095009200274971 14.289855524897574 24.495247978717089 325.74999235570431 10.027399837970732 11.882760439068077 30.518341362476349
leaf_count=110 38 56 153 1078 37 644 86 32 255 121 1235 38 125 123
internal_value=-0.000167895 -0.0060444 -0.018528 0.00270061 0.00668271 -0.0290966 0.00703679 -0.0203072 0.0058835 -0.0362313 0.0104211 -0.0398288 -0.00365884 -0.011016
internal_weight=839.598 462.512 190.068 272.443 56.2517 133.817 377.087 40.9799 255.949 31.7047 336.107 93.7134 40.1032 38.1094
internal_count=4131 2619 1176 1443 216 960 1512 191 1333 153 1321 682 278 160
is_linear=0
shrinkage=0.05


Tree=71
num_leaves=15
num_cat=0
split_feature=43 7 21 33 5 38 35 3 31 33 9 42 55 45
split_gain=13.9982 14.0971 13.3214 13.2707 12.9634 13.3513 11.3113 10.9585 10.7492 20.2884 21.1382 11.3322 15.0819 11.7736
threshold=17.877906638001743 0.79074093699455272 0.24509048902579902 1.3211787939071657 3.4274843931198125 10.723223244147158 2.0906892435117101 0.50490196078431382 0.20611577964519143 0.2561939805746079 0.56949806949806958 1.481798052787781 0.1483283266425133 0.36240942028985512
decision_type=2 2 2 2 2 2 2 2 2 2 2 2 2 2
left_child=1 3 -2 4 5 8 -4 -3 -1 -10 11 12 -11 -14
right_child=2 7 6 -5 -6 -7 -8 -9 9 10 -12 -13 13 -15
leaf_value=0.011715817839693613 0.025263072508232193 -0.036312459719622832 0.013111871331147804 -0.03930063351830642 -0.038803817952147858 -0.028902101304072648 -0.015617867621753692 0.016191084917371208 0.011701502744345562 0.025155204810760223 -0.067777660068683895 0.010303729495213205 -0.066338736835248699 -0.016727284592579106
leaf_weight=224.44769486784935 89.718588382005692 50.887441568076611 77.431456189602613 21.305677784606814 19.599189020693302 32.389657095074654 59.834248848259449 11.676390595734118 117.15722578763962 13.142479822039602 16.660161916166544 45.614638410508633 17.097147062420845 38.308126047253609
leaf_count=976 375 328 307 393 114 148 262 47 448 39 113 236 157 188
internal_value=-0.000173187 -0.00412769 0.0103959 -0.00152916 7.72718e-05 0.00166053 0.00056617 -0.0264131 0.00381253 -0.00335909 -0.016833 -0.00887441 -0.021601 -0.0329412
internal_weight=835.27 608.286 226.984 545.722 524.416 504.817 137.266 62.5638 472.427 247.98 130.823 114.162 68.5478 55.4053
internal_count=4131 3187 944 2812 2419 2305 569 375 2157 1181 733 620 384 345
is_linear=0
shrinkage=0.05


Tree=72
num_leaves=15
num_cat=0
split_feature=44 29 7 33 3 21 4 4 55 55 45 13 44 29
split_gain=13.0528 16.6627 12.9169 13.6508 13.4836 10.805 10.8424 12.2094 17.2599 13.0798 10.7231 11.4304 13.5921 13.3636
threshold=0.27999739348888403 85.000000000000014 0.74090495705604564 0.32457846403121954 0.50490196078431382 0.35767590618336892 5.9988920688629159 1.574119567871094 2.5316654443740849 7.9812550544738778 0.7239110707803994 0.43978150970465152 2.2376276254653935 178.00000000000003
decision_type=2 2 2 2 2 2 2 2 2 2 2 2 2 2
left_child=1 -1 5 -4 -5 6 7 -2 -9 -10 11 12 -7 -14
right_child=2 -3 3 4 -6 10 -8 8 9 -11 -12 -13 13 -15
leaf_value=0.048405326049274403 0.002940810317147925 -0.038880594912066302 0.00059376972940314396 -0.032838839186437686 0.01481676199348635 0.030168746846267754 -0.044478487303657083 0.031009447475882364 -0.027062248390118872 0.027165353489363497 0.026168892715202799 -0.017626938090293948 -0.091493103639607318 0.024669461490909626
leaf_weight=5.5065013431012622 179.51193131506443 37.201650975272059 169.70557588711381 72.744820188730955 17.95677711814642 28.993938341736794 7.725748047232627 125.79234216362238 26.439421255141497 17.722182925790548 23.475146301090717 110.20700783655047 4.3350105360150319 3.9902604073286057
leaf_count=26 786 518 702 522 65 99 40 483 155 84 81 536 21 13
internal_value=-0.000179219 -0.0267766 0.0012933 -0.00780184 -0.0233455 0.00578361 0.010722 0.0120658 0.0216303 -0.0051809 -0.00453416 -0.00956309 0.0140888 -0.039142
internal_weight=831.308 42.7082 788.6 260.407 90.7016 528.193 357.192 349.466 169.954 44.1616 171.001 147.526 37.3192 8.32527
internal_count=4131 544 3587 1289 587 2298 1548 1508 722 239 750 669 133 34
is_linear=0
shrinkage=0.05


Tree=73
num_leaves=15
num_cat=0
split_feature=28 3 7 43 33 29 51 32 33 35 55 4 51 29
split_gain=12.911 14.4521 13.1942 15.3326 12.7296 12.1703 11.5743 13.7964 10.8126 10.3562 11.5818 10.8507 10.1548 9.67468
threshold=0.87812782634911069 0.27346041055718479 0.72966969013214122 20.033470671628571 0.22661898285150531 85.000000000000014 0.40405073649754503 0.41287094547964115 0.32301491498947149 3.0314692758788735 1.3185168504714968 1.7143222689628603 0.29679679679679688 155.50000000000003
decision_type=2 2 2 2 2 2 2 2 2 2 2 2 2 2
left_child=4 2 9 5 -1 -4 7 -3 -5 13 11 -11 -9 -2
right_child=1 6 3 8 -6 -7 -8 12 -10 10 -12 -13 -14 -15
leaf_value=0.0015847852186652125 0.0094523982682473973 0.035319441667212501 0.059369930591958844 0.031811527287862247 -0.054938779156758169 -0.027808327562076574 0.01208358754515299 0.017142372108659806 -0.01952462293233341 -0.039050664752303885 -0.048369562740668864 0.037754769157720747 -0.049064134789424785 -0.019143135318544599
leaf_weight=18.980001866817474 211.67962379381061 8.8492746241390687 3.2309602014720431 23.410147428512573 19.835763972252607 117.35955014452338 308.3687670212239 7.1326076351106193 16.810155104845762 6.7259322106838253 19.255768936127424 10.40955353155732 22.361039567738771 33.40664623491466
leaf_count=73 1009 37 17 90 122 809 1223 32 89 35 172 38 110 275
internal_value=-0.000173826 0.00122653 -0.00476083 -0.0161386 -0.0279544 -0.0250035 0.00885613 -0.0167478 0.0104023 0.00177353 -0.0227513 0.00711656 -0.033016 0.00549271
internal_weight=827.816 789 442.288 160.811 38.8158 120.591 346.712 38.3429 40.2203 281.478 36.3913 17.1355 29.4936 245.086
internal_count=4131 3936 2534 1005 195 826 1402 179 179 1529 245 73 142 1284
is_linear=0
shrinkage=0.05


Tree=74
num_leaves=15
num_cat=0
split_feature=44 44 7 33 31 30 21 4 31 49 28 55 31 28
split_gain=12.3441 12.8496 13.7774 11.8826 12.9762 12.7039 11.6576 10.9854 12.6878 10.8431 12.4088 10.0659 12.1105 16.498
threshold=1.4955547451972964 2.7630797624588017 0.79811048507690441 0.35546143352985388 0.18245838668373884 142.50000000000003 0.28165064102564108 4.0837790966033944 0.32529069767441871 1.6070868119002293 1.1612697603263642 0.074924170970916762 0.23271742593182546 1.0349404943545928
decision_type=2 2 2 2 2 2 2 2 2 2 2 2 2 2
left_child=3 6 7 9 5 -5 -2 8 -3 10 -1 -8 13 -13
right_child=1 2 -4 4 -6 -7 11 -9 -10 -11 -12 12 -14 -15
leaf_value=0.0022531289874784971 0.018678718103578528 0.014381898514580913 -0.064937677792930748 -0.00079939250585788369 -0.031323340945873072 -0.055497415222338344 0.035908688394010208 -0.053205557269502241 -0.024829930254430626 0.018068257257006955 -0.044603373379292578 -0.017649373339327548 -0.018021699430314991 0.025915145699469008
leaf_weight=57.460107665508986 179.57047311961651 61.247936014086008 9.2790801897644979 125.12409997358918 74.815363418310881 10.602590985596178 17.291192606091499 9.2403509318828565 29.858422748744488 68.788711026310921 17.699753977358341 34.560569997876883 74.103065975010395 55.174119718372822
leaf_count=233 737 236 48 802 612 192 56 45 135 258 98 143 336 200
internal_value=-0.000169458 0.00513654 -0.00979258 -0.0072039 -0.0147466 -0.0054469 0.00968841 -0.00410287 0.00140089 0.00385383 -0.0092221 0.000721832 -0.00318705 0.00912704
internal_weight=824.816 470.325 109.626 354.491 210.542 135.727 360.699 100.347 91.1064 143.949 75.1599 181.129 163.838 89.7347
internal_count=4131 1936 464 2195 1606 994 1472 416 371 589 331 735 679 343
is_linear=0
shrinkage=0.05


Tree=75
num_leaves=15
num_cat=0
split_feature=28 3 53 12 22 45 28 33 42 29 7 33 5 8
split_gain=11.7787 12.8497 18.72 16.956 14.5773 12.5457 11.9299 11.5093 10.7969 10.5082 10.0569 12.0016 10.5269 10.0689
threshold=0.87812782634911069 0.27346041055718479 0.72902097902097907 1.0917342901229861 0.066586275271486667 0.61209259823332329 1.1612697603263642 0.22661898285150531 0.4359735250473023 145.00000000000003 0.53036943078041088 0.23780304938554767 0.98881211876869213 0.35844208300113684
decision_type=2 2 2 2 2 2 2 2 2 2 2 2 2 2
left_child=7 2 4 -4 -2 10 -6 -1 -3 -10 -5 12 -12 -14
right_child=1 8 3 5 6 -7 -8 -9 9 -11 11 -13 13 -15
leaf_value=0.0013373652813364171 -0.033504696901825552 -0.016277893212802 0.025812378997211761 0.046720663693569107 0.014995994580928951 0.0046134279967339886 -0.009536129636266176 -0.052565338931902073 0.015697524019099636 -0.0089607328243827902 -0.058931325235611766 -0.041826728841661998 0.01947772662204075 -0.058215305008649548
leaf_weight=18.91207879781723 22.495978705585003 38.474049491807818 19.814295127987862 3.3455687109380952 167.26016069948673 33.814545270055532 69.448577074334025 19.677504299208522 254.25790759921074 51.325898258015513 6.6859353035688391 87.253041533753276 24.294660523533825 4.0043276920914641
leaf_count=73 154 168 75 17 848 207 394 122 1006 228 31 693 93 22
internal_value=-0.000173497 0.00117128 -0.00450101 -0.0168802 0.00408984 -0.022315 0.00778861 -0.0267821 0.0083913 0.0115402 -0.0295449 -0.0319944 -0.00699149 0.00687239
internal_weight=821.065 782.475 438.417 179.212 259.205 159.398 236.709 38.5896 344.058 305.584 125.584 122.238 34.9849 28.299
internal_count=4131 3936 2534 1138 1396 1063 1242 195 1402 1234 856 839 146 115
is_linear=0
shrinkage=0.05


Tree=76
num_leaves=15
num_cat=0
split_feature=33 45 44 33 36 7 45 13 14 22 27 55 31 33
split_gain=11.5864 12.8005 11.9771 10.6257 9.6029 9.59346 9.407 11.3848 8.39705 10.8887 10.7945 10.3115 9.89519 13.4631
threshold=1.3211787939071657 0.38035823637477045 1.0964261889457705 0.95399883389472973 17.8541960447623 0.76680472493171703 0.228416149068323 0.35121576609376781 0.40816563005702139 0.033275436251862557 0.10522187899263821 0.58107474446296703 0.32037735849056609 0.31933350861072546
decision_type=2 2 2 2 2 2 2 2 2 2 2 2 2 2
left_child=1 2 3 -1 5 6 7 -4 9 11 -10 -3 13 -11
right_child=-2 8 4 -5 -6 -7 -8 -9 10 12 -12 -13 -14 -15
leaf_value=-0.03994330103892723 -0.034159443369057733 0.013595973359928102 0.036321385724049887 0.058142003949752753 -0.030475175410774165 -0.018505661112524826 0.015590949754424755 -0.028280023268065793 -0.046941906419548346 0.028573735569124237 -0.00045400051728317135 -0.044133629748994173 -0.0052858646524921319 0.0064670772062198102
leaf_weight=37.412554165348411 23.336596943438053 13.003330677747728 7.9092734158039084 2.1068413704633704 27.842301022261381 47.413055505603552 96.799467016011477 28.908681090921164 12.60722568631172 118.60385287553072 151.95541439950466 16.833016164600849 68.635353572666645 164.22721622884274
leaf_count=384 431 52 26 13 127 263 401 154 60 456 627 90 313 734
internal_value=-0.000176143 0.00086404 -0.00852477 -0.0334084 -0.00367996 0.000585891 0.00744752 -0.0138088 0.00514413 0.00921086 -0.00427748 -0.0193488 0.0116833 0.0158054
internal_weight=817.594 794.258 248.392 39.5194 208.873 181.03 133.617 36.818 545.865 381.303 164.563 29.8363 351.466 282.831
internal_count=4131 3700 1368 397 971 844 581 180 2332 1645 687 142 1503 1190
is_linear=0
shrinkage=0.05


Tree=77
num_leaves=15
num_cat=0
split_feature=43 13 28 55 23 23 33 6 35 53 50 4 23 1
split_gain=11.4085 13.0197 12.3681 22.071 13.3065 14.3226 11.3983 11.0148 9.94003 9.62951 14.838 16.8434 11.6144 11.1499
threshold=17.877906638001743 1.0204435292273815 0.97258225324027925 0.81700304150581371 1.3276680095688158 0.28456171756570647 0.28406861424446112 0.87546280026435863 1.8785977762377013 0.7231800766283526 1.839138422367774 1.6341317296028139 0.93290591794759681 0.27039973437786108
decision_type=2 2 2 2 2 2 2 2 2 2 2 2 2 2
left_child=2 -2 3 6 5 -4 -1 9 -6 12 13 -12 -7 -11
right_child=1 -3 4 -5 8 7 -8 -9 -10 10 11 -13 -14 -15
leaf_value=0.019483337334703865 0.014401858399632145 -0.019934176278567899 -0.019004816793626114 -0.057439152280038021 -0.059767249152721982 0.017866742307933139 -0.037433284307337111 -0.038596523036370518 0.0027147358502335218 0.014572689196778217 -0.041095859416875491 0.0011670786374603874 -0.015122103213406242 -0.064630321364802387
leaf_weight=25.796455457806587 190.3310438208282 31.367559209465981 77.631083177402616 27.436215607449412 15.420269761234524 182.05851123481989 12.095422979444264 13.51993024162948 10.25811358168721 97.595874533057213 38.973261252045631 57.337341085076332 30.44822483882308 3.6745688728988162
leaf_count=94 777 167 701 202 78 811 65 71 48 403 256 298 140 20
internal_value=-0.000173825 0.00947604 -0.003796 -0.0241447 -0.00123218 0.000598012 0.0008197 0.00422676 -0.0356405 0.00572903 -0.00221553 -0.0161817 0.0130914 0.011095
internal_weight=813.944 221.699 592.245 65.3281 526.917 501.239 37.8919 423.608 25.6784 410.088 197.581 96.3106 212.507 101.27
internal_count=4131 944 3187 361 2826 2700 159 1999 126 1928 977 554 951 423
is_linear=0
shrinkage=0.05


Tree=78
num_leaves=15
num_cat=0
split_feature=55 42 55 2 32 42 31 4 4 32 23 25 55 26
split_gain=10.9907 14.2811 24.8566 15.8018 12.0359 10.9894 11.7529 12.6827 10.6939 11.168 10.1981 11.224 10.1687 11.1881
threshold=2.4223345518112187 0.95055782794952404 0.38451126217842108 0.27240242063999182 0.42546296296296299 3.2222355604171757 0.28035087719298252 1.0074068903923037 2.4911674261093144 0.74754901960784326 0.13826730357423586 2.6746871471405034 9.1858954429626483 1.9865373175777419
decision_type=2 2 2 2 2 2 2 2 2 2 2 2 2 2
left_child=1 2 8 -3 -4 6 -5 -8 9 -1 -2 12 -12 -14
right_child=10 3 4 5 -6 -7 7 -9 -10 -11 11 -13 13 -15
leaf_value=0.024497044706832685 -0.050994603259133332 -0.0035865006337571638 -0.0061866166811586744 0.025967602592377455 -0.039973542716079155 -0.027657411542849841 -0.03008270947546355 0.016057260927649915 -0.025327650850416425 -0.01003419184543569 -0.0097850352455570132 -0.04167800378611889 -0.028880416178048842 0.039158805296985115
leaf_weight=75.401771284639835 13.950017876923082 163.51081475056708 48.499626101925969 166.55271652340889 57.876006435602903 12.518346795812247 21.117193270474672 44.60510465502739 19.621084280312061 33.099813312292099 103.90377231873572 19.962383652105927 7.2361941207200315 23.264262059703469
leaf_count=274 211 772 298 719 321 56 103 190 79 120 688 128 74 98
internal_value=-0.000183213 0.00279813 -0.00701724 0.00843869 -0.0247702 0.0164529 0.0189385 0.00100338 0.0078001 0.0139674 -0.0115183 -0.00764555 -0.0023204 0.0226122
internal_weight=811.119 642.802 234.498 408.304 106.376 244.793 232.275 65.7223 128.123 108.502 168.317 154.367 134.404 30.5005
internal_count=4131 2932 1092 1840 619 1068 1012 293 473 394 1199 988 860 172
is_linear=0
shrinkage=0.05


Tree=79
num_leaves=15
num_cat=0
split_feature=17 25 44 31 26 33 45 23 5 44 33 29 44 40
split_gain=10.7282 13.6474 12.9745 21.484 13.5683 12.5103 13.1577 12.2725 12.1323 11.1726 9.83067 9.77754 9.22387 8.7361
threshold=0.50274725274725285 0.95186045765876781 1.7378271222114565 0.32529069767441871 3.9275221824646001 0.16187972575426104 0.67607313195548502 0.28456171756570647 0.9305083453655244 1.625071167945862 0.36920605599880224 126.50000000000001 2.4959251880645756 1.5012603196146201
decision_type=2 2 2 2 2 2 2 2 2 2 2 2 2 2
left_child=2 -2 4 8 7 -6 -7 9 12 10 -1 -9 -4 -5
right_child=1 -3 3 13 5 6 -8 11 -10 -11 -12 -13 -14 -15
leaf_value=0.013043677890020804 -0.045915271600403623 -0.0052264126509116203 0.012677413649472719 -0.030458351399348185 0.020797521780105317 -0.042203471140534771 0.0061454525257576128 0.01222716979019536 0.025598188112943711 -0.080058513500413681 -0.024965503099773627 -0.012433794639163795 -0.036833770383746189 0.0021893368579506182
leaf_weight=27.083100751042366 24.809737827628851 103.94544227048755 24.8723987005651 32.329663351178169 14.14750102162361 52.39235732704401 18.792409028857946 186.10577787272632 158.86254937946796 5.2939098589122286 42.612141074612737 50.317290326580405 13.810694944113491 52.874422002583742
leaf_count=127 228 448 107 163 54 291 91 860 611 31 504 324 72 220
internal_value=-0.00018469 -0.0133602 0.00232785 0.0104932 -0.00350312 -0.0210429 -0.0295313 0.00135504 0.0195152 -0.0161388 -0.0102198 0.00694838 -0.0054819 -0.0104081
internal_weight=808.249 128.755 679.494 282.75 396.744 85.3323 71.1848 311.412 197.546 74.9892 69.6952 236.423 38.6831 85.2041
internal_count=4131 676 3455 1173 2282 436 382 1846 790 662 631 1184 179 383
is_linear=0
shrinkage=0.05


Tree=80
num_leaves=15
num_cat=0
split_feature=44 25 21 50 13 52 2 13 49 43 3 40 30 1
split_gain=10.326 11.6385 17.8213 19.6016 18.2877 19.1656 14.9199 16.7143 13.8381 12.4415 12.3954 13.2971 11.3609 11.2335
threshold=0.27999739348888403 1.9000094532966616 0.22653958944281527 0.68352858502579295 0.46339116591831181 12.500000000000002 0.28564944863319403 1.0204435292273815 6.499495883354113 5.2757633688006029 0.01941930618401207 4.5604316949004877 86.500000000000014 0.22113645076751712
decision_type=2 2 2 2 2 2 2 2 2 2 2 2 2 2
left_child=12 2 3 -2 8 6 -6 13 -4 -7 -3 -12 -1 -8
right_child=1 10 4 -5 5 9 7 -9 -10 -11 11 -13 -14 -15
leaf_value=0.032140926419983833 -0.033366204490015532 -0.032530731025834189 0.030690766844020896 0.022202583108138909 -0.031746571128767949 -0.044786898645148648 0.016087372002096107 -0.042974382617079129 -0.074348917938289877 0.025844500743483254 -0.01106017778056189 0.013902816422606485 -0.036535814470941001 -0.028271419225140731
leaf_weight=6.500390049070119 16.516230508685112 39.769681522622705 49.613868981599808 179.53433250635862 80.252233562991023 6.179986745119094 66.759907184168696 20.0462402459234 2.4034765884280196 50.045994609594345 157.5161197707057 79.431522116065025 33.119064984843135 17.118032136932015
leaf_count=39 88 263 180 827 458 52 299 170 12 203 635 303 505 97
internal_value=-0.000187302 0.00111535 0.00575281 0.0173756 -0.00207229 -0.00790541 -0.0156935 -0.00311266 0.0245266 0.0174342 -0.00706207 -0.00266862 -0.0247541 0.00680809
internal_weight=804.807 765.188 488.47 196.051 292.42 240.402 184.176 103.924 52.0173 56.226 276.717 236.948 39.6195 83.8779
internal_count=4131 3587 2386 915 1471 1279 1024 566 192 255 1201 938 544 396
is_linear=0
shrinkage=0.05


Tree=81
num_leaves=15
num_cat=0
split_feature=17 55 42 55 42 53 1 3 24 31 2 31 29 2
split_gain=10.0336 11.085 12.2317 16.4089 16.8463 15.0263 11.8301 12.0627 12.0913 10.3127 9.69476 12.2769 11.1277 10.7088
threshold=0.67584541062801951 2.5316654443740849 1.3368367552757265 0.38451126217842108 0.65731662511825573 0.4919354838709678 0.17898026108741763 0.54335839598997504 3.9058864193035574 0.078023538961038974 0.27290832996368414 0.28035087719298252 123.50000000000001 0.26199968159198767
decision_type=2 2 2 2 2 2 2 2 2 2 2 2 2 2
left_child=1 2 3 -1 -5 -6 -3 8 9 -8 12 -12 13 -4
right_child=-2 6 10 4 5 -7 7 -9 -10 -11 11 -13 -14 -15
leaf_value=0.0089055819902684272 -0.028089674375978209 -0.035172887736313815 0.013207879194862025 -0.036228709733802662 0.022323751492621197 -0.015744495745340908 0.027578431817641347 0.051739943078688837 -0.05000776522226217 -0.010678131453145867 0.025442310602156466 -0.004153783542663614 -0.034763448701241005 -0.0339376428935299
leaf_weight=152.25007060915232 29.984650773927569 37.424186939373612 83.795926190912724 54.620660804212093 38.696672635152936 73.739956479519606 22.579010624438524 8.2565964907407743 13.618287561461328 68.664885276928544 140.02620889991522 46.285674449056387 18.537202034145594 13.065030101686714
leaf_count=585 171 407 370 358 170 390 155 26 102 417 600 205 115 60
internal_value=-0.000191041 0.000928121 0.00388129 -0.00293733 -0.0137193 -0.00256147 -0.0111995 -0.00302939 -0.00778981 -0.0010149 0.0110835 0.0181068 -0.000313924 0.00656687
internal_weight=801.545 771.56 621.017 319.307 167.057 112.437 150.543 113.119 104.862 91.2439 301.71 186.312 115.398 96.861
internal_count=4131 3960 2853 1503 918 560 1107 700 674 572 1350 805 545 430
is_linear=0
shrinkage=0.05


Tree=82
num_leaves=15
num_cat=0
split_feature=28 44 44 29 43 7 24 49 4 2 4 21 55 17
split_gain=10.2165 10.8192 11.8073 11.0076 15.8205 12.2138 13.187 12.5861 11.8798 10.3249 9.81444 10.7111 9.58929 10.5439
threshold=0.87812782634911069 1.4719817638397219 2.821357369422913 132.00000000000003 1.0929145110949596 0.73452958464622509 2.0993421970774881 1.6292000634895014 1.9570848345756533 0.29837463796138769 1.6550552248954775 0.23166368515205729 0.81700304150581371 0.47435897435897439
decision_type=2 2 2 2 2 2 2 2 2 2 2 2 2 2
left_child=12 3 10 5 -5 6 -2 -7 9 -8 -3 -12 13 -1
right_child=1 2 -4 4 -6 7 8 -9 -10 -11 11 -13 -14 -15
leaf_value=0.020547554561043086 0.031686130675339284 0.0014489053157451803 -0.0091774851610236016 0.028449700392899464 -0.035366303165071063 -0.035676194141689502 0.017259237979997982 0.0038486058198874472 -0.02240869618740925 -0.025739837075361489 0.034734787212081911 0.0093962344917329008 -0.058180740270048686 -0.043813211151969095
leaf_weight=14.542589511722328 38.469798687845469 162.96228456869721 97.897647306323051 11.02187531813979 53.636224063113332 42.164373390376568 72.833302829414606 37.430910646915436 43.3468381986022 16.285000974312425 63.626166138797998 120.81380503997207 13.097299817949532 9.7997161261737329
leaf_count=64 222 714 428 61 517 346 315 230 262 94 255 492 90 41
internal_value=-0.000188643 0.00108116 0.00609299 -0.00599647 -0.0242204 -0.00121556 0.00631799 -0.0172719 -0.00123149 0.00920338 0.0104102 0.0182774 -0.0253384 -0.00606922
internal_weight=797.928 760.488 445.3 315.188 64.6581 250.53 170.935 79.5953 132.465 89.1183 347.402 184.44 37.4396 24.3423
internal_count=4131 3936 1889 2047 578 1469 893 576 671 409 1461 747 195 105
is_linear=0
shrinkage=0.05


Tree=83
num_leaves=15
num_cat=0
split_feature=43 13 21 28 55 23 23 33 6 21 7 13 51 28
split_gain=9.40212 11.46 10.9332 10.8975 18.9437 11.4296 11.7103 10.4633 9.67188 8.9053 10.0295 9.17513 8.55617 8.16576
threshold=17.877906638001743 1.1638819589938174 0.12660256410256412 0.97258225324027925 0.81700304150581371 1.3276680095688158 0.28456171756570647 0.28406861424446112 0.87855148315429699 0.24509048902579902 0.81978741288185131 0.2123119606896974 0.55395010395010413 1.1107550849818895
decision_type=2 2 2 2 2 2 2 2 2 2 2 2 2 2
left_child=3 9 -3 4 7 6 -5 -1 13 -2 11 -11 -7 -8
right_child=1 2 -4 5 -6 12 8 -9 -10 10 -12 -13 -14 -15
leaf_value=0.018554772766462824 0.025774610113912473 0.025186666339693204 -0.051390656037711417 -0.017463877870984589 -0.054324832299949125 -0.054066876796854152 0.012542229283770148 -0.036482370737635265 -0.039933918399370175 -0.055946888107183672 -0.069617098461838917 0.0096433105136794553 0.0051610632593665296 -0.0016511691583594825
leaf_weight=25.209962040185928 74.968392409384251 6.1841278225183514 13.281842237338422 74.590533101931214 26.491922102868557 16.136089021340016 195.8752200268209 11.879334729164837 11.213863003998993 4.6025920435786238 3.475170971825718 113.84620009176433 9.214382238686083 208.3987701293081
leaf_count=94 330 29 84 701 202 89 895 65 59 20 20 461 37 1045
internal_value=-0.000185369 0.00868404 -0.0270209 -0.00350885 -0.0228711 -0.00108074 0.000642769 0.000431912 0.00392749 0.0123328 0.0039252 0.00664762 -0.0331599 0.00523967
internal_weight=795.368 216.358 19.466 579.01 63.5812 515.429 490.078 37.0893 415.488 196.892 121.924 118.449 25.3505 404.274
internal_count=4131 944 113 3187 361 2826 2700 159 1999 831 501 481 126 1940
is_linear=0
shrinkage=0.05


Tree=84
num_leaves=15
num_cat=0
split_feature=22 3 4 33 53 32 9 25 2 1 40 7 33 50
split_gain=9.2623 10.2873 10.172 9.62562 10.7904 17.7176 15.9591 14.1112 12.794 12.2213 10.3228 9.62458 9.12278 11.0954
threshold=0.066551861429267875 0.4777667984189724 1.6825299263000491 1.3211787939071657 0.59629629629629644 0.1623310810810811 0.26138716356107666 1.8764663338661196 0.19612155854701999 0.12515199184417727 0.34724994754236166 0.73452958464622509 0.15458725392818454 9.0802411768859059
decision_type=2 2 2 2 2 2 2 2 2 2 2 2 2 2
left_child=1 2 -1 4 7 -6 8 10 -7 -8 -2 -10 -11 -14
right_child=3 -3 -4 -5 5 6 9 -9 11 12 -12 -13 13 -15
leaf_value=-0.051203914229362713 -0.051246498515280653 0.010761458672415328 -0.0067726903407880346 -0.033495699545338591 -0.037602545143143075 -0.036186940112420914 0.021143080540403196 -0.0096557491524023355 0.017702596143283181 0.0087566669975274094 0.019878579192016323 -0.0032181388546429347 -0.031412077037105315 0.0073966530601495264
leaf_weight=25.173625148832798 4.3179801702499381 22.712999150156975 26.058757981285453 18.081814402714372 31.526712479069829 14.317713329568504 23.402405999600887 61.357859306037426 168.685043040663 26.6007444486022 178.07753940857947 80.919418849050999 89.030381388962269 22.732056546956301
leaf_count=182 37 92 159 367 301 70 108 265 690 99 769 381 509 102
internal_value=-0.000194307 -0.0169225 -0.0291668 0.0015471 0.00249747 -0.00203403 0.000682151 0.0109709 0.00825124 -0.0116417 0.0179245 0.0109345 -0.0172988 -0.0235229
internal_weight=792.995 73.9454 51.2324 719.05 700.968 457.214 425.688 243.753 263.922 161.766 182.396 249.604 138.363 111.762
internal_count=4131 433 341 3698 3331 2260 1959 1071 1141 818 806 1071 710 611
is_linear=0
shrinkage=0.05


Tree=85
num_leaves=15
num_cat=0
split_feature=17 13 55 50 4 4 51 21 7 5 22 22 25 55
split_gain=8.92565 12.743 9.51264 11.0957 13.1042 13.6358 14.7836 14.0951 12.606 12.1957 11.904 12.1785 12.2104 11.9318
threshold=0.67584541062801951 0.43978150970465152 2.5316654443740849 23.301036382321396 3.6105476617813115 1.6550552248954775 0.66465863453815277 0.36899313501144165 0.73873180150985729 0.90381374955177318 0.066551861429267875 0.40007966755441277 2.0597900152206425 0.34672920405864721
decision_type=2 2 2 2 2 2 2 2 2 2 2 2 2 2
left_child=2 -2 3 4 5 6 10 8 -7 -10 13 -12 -13 -1
right_child=1 -3 -4 -5 -6 7 -8 -9 9 -11 11 12 -14 -15
leaf_value=0.010314850547960192 0.028506073897438991 -0.044761710402811267 -0.010487696009077237 0.028981006103330022 -0.025935810520496119 0.034251125047250405 0.022908821533718454 -0.01015237198577393 -0.071634589493247511 0.010822792478216407 0.011481389312106967 -0.0035920195458996372 -0.034985330407662135 -0.058864077853054801
leaf_weight=8.7451488897204417 7.1768203079700497 22.449853269383311 147.52268663048744 39.285315943881869 38.5855349060148 85.356145842000842 49.450363930314779 44.062024487182498 3.8507453054189673 58.920238193124533 92.509149961173534 133.93963095359504 39.403424130752683 18.627901440486312
leaf_count=34 22 149 1107 172 202 357 208 197 27 256 408 692 186 114
internal_value=-0.000196979 -0.0266619 0.000868009 0.00361465 0.00182945 0.00387712 -0.00210582 0.0145005 0.0218526 0.00472038 -0.00638788 -0.00309017 -0.0108879 -0.0371782
internal_weight=789.885 29.6267 760.258 612.736 573.45 534.865 342.676 192.189 148.127 62.771 293.225 265.852 173.343 27.3731
internal_count=4131 171 3960 2853 2681 2479 1642 837 640 283 1434 1286 878 148
is_linear=0
shrinkage=0.05


Tree=86
num_leaves=15
num_cat=0
split_feature=28 44 13 53 13 51 7 43 29 44 27 7 21 34
split_gain=8.72887 9.42014 10.4557 17.1917 16.9585 19.5029 10.5517 10.4023 11.0654 10.3856 10.297 10.6648 12.8969 9.91533
threshold=0.87812782634911069 1.4719817638397219 0.48195256175220674 0.48331479421579543 0.15914812085114768 0.5187529301453353 0.70322775840759288 2.3096157291639829 132.00000000000003 2.821357369422913 0.47437308511778287 0.59935593605041515 0.24068965517241384 7.7989212501083687
decision_type=2 2 2 2 2 2 2 2 2 2 2 2 2 2
left_child=-1 2 4 -4 5 -2 -7 -5 10 -3 13 -12 -13 -9
right_child=1 9 3 7 -6 6 -8 8 -10 -11 11 12 -14 -15
leaf_value=-0.023615228815423672 -0.030110936868226419 0.009771510724854722 0.012263367894136368 0.026612317441174482 0.031351538458141169 0.025993432119126133 -0.025027620118655891 -0.044495219772664907 -0.064481659111112741 -0.0086683203275600765 0.06231078638711153 0.027440077786516304 -0.036880473165805575 -0.0010233757425572657
leaf_weight=36.871781708672643 46.274197902530432 342.91488304920495 45.2512834854424 8.8461464289575797 40.392092764377594 40.899354597553611 12.491791654378174 46.499966908246279 16.445778984576464 97.3076904527843 4.9540191628038874 12.30367783457041 17.972826272249222 18.187018271535635
leaf_count=195 432 1461 232 58 150 246 98 354 139 428 17 61 162 98
internal_value=-0.000193767 0.000986435 -0.00567178 -0.0139539 0.00443561 -0.00667588 0.0138155 -0.023451 -0.0274512 0.00568512 -0.0207777 0.00100266 -0.0107005 -0.0324746
internal_weight=787.613 750.741 310.518 170.461 140.057 99.6653 53.3911 125.209 116.363 440.223 99.9175 35.2305 30.2765 64.687
internal_count=4131 3936 2047 1121 926 776 344 889 831 1889 692 240 223 452
is_linear=0
shrinkage=0.05


Tree=87
num_leaves=15
num_cat=0
split_feature=44 31 33 5 25 7 14 17 40 25 44 30 40 23
split_gain=8.56594 11.7495 14.7498 16.1158 15.755 13.1753 15.1547 12.6853 12.0217 9.68012 9.18144 11.0999 10.4255 9.44642
threshold=0.34569990634918218 0.15034246575342466 0.28256368637084966 0.87843811511993419 0.55341276526451122 0.69195780158042919 0.30701594932180137 0.17486860965121839 5.0275631581590803 1.9612635374069216 2.5856815576553349 165.00000000000003 2.2868468034673612 1.4243032364769188
decision_type=2 2 2 2 2 2 2 2 2 2 2 2 2 2
left_child=-1 -2 3 -3 -4 9 7 -7 -8 -6 13 12 -12 -5
right_child=1 2 4 10 5 6 8 -9 -10 -11 11 -13 -14 -15
leaf_value=-0.020368983579171579 0.010760120188261852 -0.028397846606147012 -0.056312837089690287 0.017004137457861983 0.015308160155736146 -0.053185645895547209 -0.057522682149680975 0.0010467032441249129 0.0080683613624975541 -0.01773825497280752 -0.047356920756132181 0.026455662687414495 0.0028181227390074465 -0.044332575237646145
leaf_weight=48.290400147438049 221.60465461947024 30.787277691066265 17.443798711523414 177.29625967517495 70.848683021962643 11.613107394427059 31.895163405686617 74.049920327961445 8.5817762091755849 31.093490617349744 19.383333787322044 15.69090414047241 20.82366294041276 5.5693836212158194
leaf_count=646 991 134 226 714 298 64 218 396 40 146 88 63 83 24
internal_value=-0.000188737 0.00115992 -0.00298328 0.00508453 -0.0118252 -0.00819183 -0.0189334 -0.0068343 -0.0437571 0.00515424 0.00950234 -0.0081237 -0.0219329 0.0149051
internal_weight=784.972 736.681 515.077 269.551 245.526 228.082 126.14 85.663 40.4769 101.942 238.764 55.8979 40.207 182.866
internal_count=4131 3485 2494 1106 1388 1162 718 460 258 444 972 234 171 738
is_linear=0
shrinkage=0.05


Tree=88
num_leaves=15
num_cat=0
split_feature=33 45 44 13 21 36 50 51 50 22 21 26 21 4
split_gain=8.38476 9.58902 10.0625 9.00497 8.53921 8.46581 8.79659 12.2306 9.40063 9.18957 8.12798 8.37337 8.03376 8.60217
threshold=2.1355429887771611 0.38035823637477045 1.0964261889457705 0.53034422636140321 0.037087912087912095 12.239667802486141 1.4438607861372093 0.52316636851520582 2.9781109265276084 1.23119149324041 0.22335600907029482 1.288096142817089 0.3406673114119923 0.37302599847316747
decision_type=2 2 2 2 2 2 2 2 2 2 2 2 2 2
left_child=1 2 3 -1 -5 10 7 12 9 -8 -4 -12 13 -7
right_child=-2 -3 5 4 -6 6 8 -9 -10 -11 11 -13 -14 -15
leaf_value=0.0035737140432076523 -0.041986370851761906 0.0041619400468843907 0.028245370222989893 0.059183905756333303 -0.05543262879860076 -0.071465576759477456 -0.067063341780656774 0.03061115723351894 -0.0065645857866876286 0.0014466258841688267 -0.035785507748359223 0.0050839087483409888 -0.07400575505547137 0.014123462137482693
leaf_weight=11.991122160106896 10.821956221014259 533.51885507442057 28.517202589660883 0.9435753040015723 23.240042084828019 2.7451146692037609 18.325854655355219 19.204660184681416 25.258697185665369 6.4991669580340377 14.274655608460305 68.909603817388415 4.7903101630508891 12.641218438744543
leaf_count=73 255 2502 126 6 321 14 99 71 109 30 131 319 26 49
internal_value=-0.0001968 0.000443512 -0.00789753 -0.0318021 -0.0487881 -0.00346285 -0.0148411 0.00284751 -0.0285333 -0.049766 0.00570114 -0.00227118 -0.0237763 -0.0045761
internal_weight=781.682 770.86 237.341 36.1747 24.1836 201.166 89.465 39.3813 50.0837 24.825 111.701 83.1843 20.1766 15.3863
internal_count=4131 3876 1374 400 327 974 398 160 238 129 576 450 89 63
is_linear=0
shrinkage=0.05


Tree=89
num_leaves=15
num_cat=0
split_feature=17 26 49 4 8 13 31 49 32 55 53 17 17 22
split_gain=8.30559 10.955 10.7886 14.3935 12.5618 10.3482 10.0888 15.1197 10.3922 10.1947 9.85477 9.83315 9.11808 8.85989
threshold=0.50274725274725285 1.9127002954483034 1.5860279392001819 4.1989033222198495 0.30097661912441259 0.44643722098894673 0.30320054477357855 1.338776344401849 0.12058579144162861 0.091862510889768614 0.38585607940446659 0.67584541062801951 0.57375776397515532 0.43341963985061382
decision_type=2 2 2 2 2 2 2 2 2 2 2 2 2 2
left_child=2 -2 6 4 -4 12 7 8 -1 -8 -9 13 -3 -7
right_child=1 5 3 -5 -6 11 9 10 -10 -11 -12 -13 -14 -15
leaf_value=-0.021885319450549119 -0.038263128713860478 -0.019745718838414066 -0.036092783277821353 -0.027265442146819353 0.014585431968427385 0.023918609170127197 0.029965081567841334 0.034190049373485541 0.0094516295596380282 -0.02254989434680341 -0.048483216886365477 -0.047255104491894934 0.040651976201382611 -0.018318528827250397
leaf_weight=29.454327004030347 29.164343673735857 8.4100461676716822 11.883828353136776 24.158050680533051 263.95004824921489 18.37129501067102 9.4240692406892759 3.5818390455096987 202.26574948616326 89.66071356087923 20.623384090140462 15.842882933095096 18.777191177010536 33.623932685703039
leaf_count=336 261 35 62 132 1260 72 32 17 962 532 122 90 61 157
internal_value=-0.000203095 -0.0120045 0.00204937 0.00901503 0.0122796 -0.00363095 -0.00384556 0.00141275 0.00539141 -0.0173056 -0.0353783 -0.0140451 0.021931 -0.00322529
internal_weight=779.192 124.19 655.002 299.992 275.834 95.0253 355.01 255.925 231.72 99.0848 24.2052 67.8381 27.1872 51.9952
internal_count=4131 676 3455 1454 1322 415 2001 1437 1298 564 139 319 96 229
is_linear=0
shrinkage=0.05


Tree=90
num_leaves=15
num_cat=0
split_feature=43 13 5 28 23 6 50 6 12 9 36 7 44 22
split_gain=8.19158 10.0984 10.9412 9.54948 9.72403 10.061 9.12903 9.12657 14.0075 11.6489 13.8433 10.0242 8.96483 8.82756
threshold=17.877906638001743 1.1638819589938174 1.5965663194656374 0.97258225324027925 1.3276680095688158 0.88069617748260509 1.0624613317883298 0.72148483991622936 2.2965902090072636 0.40238095238095245 7.5086173253970054 0.79001843929290783 0.41961118578910833 0.19976110466029687
decision_type=2 2 2 2 2 2 2 2 2 2 2 2 2 2
left_child=3 -2 -3 6 5 7 -1 8 13 10 -10 12 -12 -5
right_child=1 2 -4 4 -6 -7 -8 -9 9 -11 11 -13 -14 -15
leaf_value=0.0045165847147296337 0.011625089774323895 0.0090718620986167241 -0.064457634427651539 0.0063115711537355748 -0.030824285231035933 -0.041806499466931407 -0.035445371562089212 0.010722619309869385 -0.015198103066287341 -0.021535441243731225 -0.016903596700260357 -0.0469004819553741 0.026895132260157502 -0.027644912350293552
leaf_weight=21.511002458631992 192.47797480784357 10.295523593202235 8.5575237236917001 25.390661725774407 24.998628543689847 12.608493713662027 40.397455887869 176.81870541721582 39.523951528593898 34.761998677626252 12.543897245079277 4.6417290512472382 99.134109826758504 72.902503637596965
leaf_count=92 831 52 61 126 126 75 269 909 436 198 125 29 422 380
internal_value=-0.000201412 0.0081741 -0.0258693 -0.00334178 -0.00104407 0.000573387 -0.0217089 0.00180787 -0.00366652 0.00424592 0.0100973 0.0187486 0.0218692 -0.0188982
internal_weight=776.564 211.331 18.853 565.233 503.325 478.326 61.9085 465.718 288.899 190.606 155.844 116.32 111.678 98.2932
internal_count=4131 944 113 3187 2826 2700 361 2625 1716 1210 1012 576 547 506
is_linear=0
shrinkage=0.05


Tree=91
num_leaves=15
num_cat=0
split_feature=22 3 35 31 55 43 21 7 33 4 29 14 52 44
split_gain=8.23901 9.11143 8.86687 9.618 17.0426 10.6468 11.6507 11.2257 14.8948 9.1953 9.12185 9.72026 12.8424 11.785
threshold=0.066551861429267875 0.4777667984189724 3.1782094042056261 0.19204425711275028 0.12568801641464236 18.254197834839935 0.35917467948717957 0.71856161952018749 0.23780304938554767 2.6743121147155766 183.00000000000003 0.56754542650488016 11.500000000000002 1.0094977021217348
decision_type=2 2 2 2 2 2 2 2 2 2 2 2 2 2
left_child=1 -1 3 10 -5 7 -7 -6 9 -9 11 -2 -13 -14
right_child=2 -3 -4 4 5 6 -8 8 -10 -11 -12 12 13 -15
leaf_value=-0.027882322776724033 0.018383106115063431 0.010133981879183728 -0.016417032889308399 0.023015872166742734 -0.00024337794103221127 0.018765410030071147 -0.021821540149676813 0.0062727000420551493 -0.03746102974053684 -0.051503502904775934 -0.032909776883196892 -0.035481195254269876 -0.039135931076842989 0.021654969950534335
leaf_weight=49.858209609985352 185.0593697167933 22.216374043375254 62.209424234926701 56.806364297866821 105.64803433790803 65.901100240647793 23.106315791606903 45.656874962151051 69.652327172458172 7.0812915675342074 10.680938566103576 20.741851693019271 8.861657811328767 41.407439358532429
leaf_count=341 940 92 401 205 522 288 108 190 527 34 146 119 75 143
internal_value=-0.000206153 -0.0161858 0.00145325 0.00321153 -0.0019644 -0.00649851 0.00810366 -0.0122085 -0.0224512 -0.00229912 0.0104459 0.0123752 -0.0033195 0.0103842
internal_weight=774.888 72.0746 702.813 640.604 373.852 317.046 89.0074 228.039 122.39 52.7382 266.751 256.07 71.0109 50.2691
internal_count=4131 433 3698 3297 1874 1669 396 1273 751 224 1423 1277 337 218
is_linear=0
shrinkage=0.05


Tree=92
num_leaves=15
num_cat=0
split_feature=25 23 53 49 3 5 37 29 55 36 31 42 27 42
split_gain=8.21461 12.18 11.3346 12.0326 10.2649 9.78274 12.0424 10.6909 10.1267 16.6174 12.3879 10.0973 8.26976 9.91047
threshold=1.9000094532966616 0.4525840953509363 0.95916666666666683 0.92985169770379217 0.01941930618401207 0.98098337650299083 7.7894103810050801 108.50000000000001 0.38451126217842108 14.826447271587938 0.13712060166532369 0.95055782794952404 0.47764827942668203 0.7825782597064973
decision_type=2 2 2 2 2 2 2 2 2 2 2 2 2 2
left_child=1 2 -1 -4 -2 8 11 -8 9 -6 -10 -7 -3 -14
right_child=4 12 3 -5 5 6 7 -9 10 -11 -12 -13 13 -15
leaf_value=-1.7155104403392321e-05 -0.03082696132052843 0.0021503011203289663 0.010339010178337592 -0.053750591105540972 -0.069053756768292104 -0.027060137631715903 -0.013706483508680051 0.031128521733652159 -0.0021175355813619549 0.032665303738828103 -0.056465584979046884 0.0046407842229283817 -0.0023857448214386913 0.029303064096948713
leaf_weight=228.13421938940883 38.314006825909019 117.61940006539226 10.765844164416196 20.169723989441991 4.2777896821498897 39.834097426384687 17.400730919092894 49.419829163700342 18.177486766129732 15.910090886056421 24.038873586803675 64.653566114604473 33.737482221797109 89.40846898779273
leaf_count=1483 279 551 83 167 19 173 74 184 103 61 116 255 164 419
internal_value=-0.00020727 0.00359653 -0.00392267 -0.0318215 -0.00718414 -0.00319339 0.0030004 0.0194231 -0.0199753 0.00886932 -0.0336549 -0.0075866 0.0116701 0.0206722
internal_weight=771.862 499.835 259.07 30.9356 272.026 233.712 171.308 66.8206 62.4042 20.1879 42.2164 104.488 240.765 123.146
internal_count=4131 2867 1733 250 1264 985 686 258 299 80 219 428 1134 583
is_linear=0
shrinkage=0.05


Tree=93
num_leaves=15
num_cat=0
split_feature=38 36 51 26 21 42 27 50 16 45 13 24 55 29
split_gain=7.73563 8.75648 13.5015 11.1971 11.0961 10.8844 11.4307 9.94901 10.3444 9.33949 14.876 10.3263 9.48856 8.82143
threshold=0.75930752028292092 12.665254219656637 0.66465863453815277 1.3617463111877444 0.24509048902579902 0.61779135465621959 0.47437308511778287 1.4583585053478385 1.0000000180025095e-35 0.45027472527472534 0.20406178035963365 2.291863440112643 0.17793201655149463 105.00000000000001
decision_type=2 2 2 2 2 2 2 2 2 2 2 2 2 2
left_child=-1 3 9 -2 -5 -6 -7 -4 -9 11 12 -3 -11 -13
right_child=1 2 7 4 5 6 -8 8 -10 10 -12 13 -14 -15
leaf_value=-0.043819415120363005 -0.010463798321353555 -0.0012419731044368786 0.046158472401223546 0.018574372978793625 -0.023432045973577075 -0.0036269233481988671 0.023227241465678033 -0.023189883221542779 0.057180450814472907 0.020751987370151017 0.010173750720244729 -0.063593964820442828 -0.032161533285366806 -0.022072335289209082
leaf_weight=9.0345541741698963 95.264547910541296 42.812172144651413 18.762857031077147 159.07941467873752 36.375913184136152 105.82982161454856 62.135236041620374 15.478879040107133 4.2922678776085368 9.6795905306935293 93.351900847628713 16.409307288005948 44.518990619108081 56.841751014813781
leaf_count=119 847 204 68 796 201 474 270 77 13 41 390 86 243 302
internal_value=-0.000205483 0.000369252 -0.0062279 0.00471906 0.00871679 0.000989572 0.0063859 0.0210627 -0.00382882 -0.0102817 -0.00190121 -0.0208284 -0.0225067 -0.032105
internal_weight=769.867 760.833 302.148 458.685 363.42 204.341 167.965 38.534 19.7711 263.614 147.55 116.063 54.1986 73.2511
internal_count=4131 4012 1424 2588 1741 945 744 158 90 1266 674 592 284 388
is_linear=0
shrinkage=0.05


Tree=94
num_leaves=15
num_cat=0
split_feature=44 4 17 49 9 14 39 44 13 35 55 13 53 37
split_gain=7.53087 12.7755 12.3135 14.5295 11.8273 13.2128 11.8107 10.8345 10.2639 9.67081 9.10229 9.07806 8.70712 9.43738
threshold=1.7378271222114565 1.1686016321182253 0.49725274725274732 5.6807797855309152 0.40824915824915831 0.10772673911723031 6.2312936265458223 3.525296807289124 0.73007218313819067 1.3570942101677583 0.51503643393516552 0.67769406584626524 0.50806451612903236 16.818958069131096
decision_type=2 2 2 2 2 2 2 2 2 2 2 2 2 2
left_child=4 9 6 8 -1 -6 7 -3 -4 -2 -11 -9 -7 -14
right_child=1 2 3 -5 5 12 -8 11 -10 10 -12 -13 13 -15
leaf_value=-0.00026193677954369418 -0.084580797182996104 0.027546858237637598 0.014608067080396464 -0.072599550436364332 0.012491137439903675 0.0017511640294234757 -0.021844053951477517 -0.040140215673068629 -0.039875468623931598 0.008187057636964843 -0.02061554450894439 0.020349088655163192 -0.048253931557388482 0.014776418383077517
leaf_weight=335.40999088808894 3.0360286794602862 139.09055620059371 34.986781112849712 6.7242850363254538 22.353534147143364 15.47213522903621 15.892306569963692 11.021792434155943 10.378315040841697 56.401293866336346 51.674464700743556 11.908879913389681 47.005929352715611 6.3143050074577323
leaf_count=2120 18 569 128 33 101 76 74 55 67 219 276 49 317 29
internal_value=-0.00019762 0.0053317 0.0120405 -0.00920708 -0.00462152 -0.0204875 0.018278 0.0223234 0.0015525 -0.00853912 -0.00564713 -0.00918793 -0.0312291 -0.0406551
internal_weight=767.671 341.115 230.003 52.0894 426.556 91.1459 177.914 162.021 45.3651 111.112 108.076 22.9307 68.7924 53.3202
internal_count=4131 1488 975 228 2643 523 747 673 195 513 495 104 422 346
is_linear=0
shrinkage=0.05


Tree=95
num_leaves=15
num_cat=0
split_feature=33 31 55 29 33 17 26 26 44 32 49 49 42 40
split_gain=7.48224 7.82367 15.7103 11.919 10.2619 13.4574 18.2395 13.599 11.5678 10.6282 9.91918 12.9197 11.2641 13.6311
threshold=2.1355429887771611 0.19586530264279628 0.13884103298187259 178.00000000000003 0.28256368637084966 0.31694935499283333 4.3183305263519296 2.0306433439254765 1.6942024827003481 0.37979601748421571 0.26822756381756224 0.57919957518453014 1.0362066030502322 1.3447695507567026
decision_type=2 2 2 2 2 2 2 2 2 2 2 2 2 2
left_child=1 10 3 -3 -4 6 7 8 -6 -10 -1 -12 13 -13
right_child=-2 2 4 -5 5 -7 -8 -9 9 -11 11 12 -14 -15
leaf_value=-0.016383409755306316 -0.040963566623275653 0.024979943287546023 -6.47499831002634e-05 -0.045545048631838253 -0.05344475622395968 -0.032730812594582478 -0.048612572778537338 0.020329722151817345 0.042024351687615882 -0.049923010305799188 0.032145135131990403 -0.045867513425751134 0.01121202669464335 0.002274705445027891
leaf_weight=41.903524290770292 10.095265286043285 59.712116025388241 184.43208032101393 5.7277892604470244 13.561094203963878 75.245325529947877 17.963712444528937 52.979424960911274 8.3658023886382562 3.7651389241218558 50.408597219735384 20.344049410894513 174.20966441556811 46.978518081828952
leaf_count=251 255 218 795 25 136 614 107 226 39 21 230 133 859 222
internal_value=-0.000201761 0.000396265 -0.00412632 0.0182145 -0.00826889 -0.0170208 -0.00457827 0.00596041 -0.023322 0.0118576 0.006105 0.00937777 0.00451319 -0.0127317
internal_weight=765.692 755.597 421.752 65.4399 356.313 171.88 96.6352 78.6715 25.692 12.1309 333.844 291.941 241.532 67.3226
internal_count=4131 3876 2181 243 1938 1143 529 422 196 60 1695 1444 1214 355
is_linear=0
shrinkage=0.05


Tree=96
num_leaves=15
num_cat=0
split_feature=28 33 3 53 12 22 6 28 45 34 35 30 36 6
split_gain=7.45589 8.31901 7.42579 13.2554 13.4588 10.6938 10.0008 9.73505 9.49266 8.57124 9.71419 8.26339 8.72776 8.21425
threshold=0.87812782634911069 0.22661898285150531 0.27346041055718479 0.72902097902097907 1.0917342901229861 0.066586275271486667 0.87366262078285228 1.1612697603263642 0.61492122335495847 7.4916665863924896 1.9242125820792837 83.500000000000014 11.562780299270246 0.49336998164653784
decision_type=2 2 2 2 2 2 2 2 2 2 2 2 2 2
left_child=1 -1 3 5 13 -2 -4 -7 11 10 -9 12 -6 -5
right_child=2 -3 6 4 8 7 -8 9 -10 -11 -12 -13 -14 -15
leaf_value=0.0018062346415593123 -0.02988677332479682 -0.045490249045409797 0.0083309348635864887 -0.043291235888583648 -0.027387355054110215 0.013803258778087697 -0.036395343378503107 0.023674641451421077 0.0047123875814551203 -0.04058135139432497 -0.019814817113556149 -0.02976222307560435 0.075457176912966231 0.038753568666865107
leaf_weight=18.292629174888134 20.475563803687692 17.753374435007572 310.56063427217305 2.8605155050754574 3.3654219135642043 156.24181653186679 12.043748963624237 23.832659389823675 30.839419420808554 15.297070628032087 25.59218917787075 106.84351017326117 3.1107358336448669 15.707395633682607
leaf_count=73 154 122 1347 15 32 848 55 134 205 92 168 812 14 60
internal_value=-0.000206592 -0.0220874 0.000907498 -0.00360447 -0.0145892 0.00382876 0.00655387 0.00707358 -0.0197645 -0.00913504 0.00120942 -0.0264087 0.025498 0.0245476
internal_weight=762.817 36.046 726.771 404.166 162.727 241.439 322.604 220.964 144.159 64.7219 49.4248 113.32 6.47616 18.5679
internal_count=4131 195 3936 2534 1138 1396 1402 1242 1063 394 302 858 46 75
is_linear=0
shrinkage=0.05


Tree=97
num_leaves=15
num_cat=0
split_feature=5 44 31 27 25 13 43 26 53 30 30 17 32 53
split_gain=7.41051 11.7127 14.0937 10.4702 13.8541 10.7863 10.0045 9.82317 12.681 9.40671 9.7846 9.28685 9.12881 8.85137
threshold=0.89248007535934459 0.24562826007604602 0.085960591133004943 0.47437308511778287 1.8764663338661196 0.44643722098894673 2.3096157291639829 2.2659220157728446 0.61414392059553358 105.50000000000001 142.50000000000003 0.49181796464405164 0.43920916481892097 0.40370370370370373
decision_type=2 2 2 2 2 2 2 2 2 2 2 2 2 2
left_child=1 -1 9 5 7 13 -4 8 12 -3 -11 -10 -5 -2
right_child=3 2 6 4 -6 -7 -8 -9 11 10 -12 -13 -14 -15
leaf_value=-0.04402299581499225 -0.031415597919399817 -0.030029424717666266 0.032343604642371564 0.04577663070241865 -0.0084733742114280128 -0.0075281217448757015 -0.020980462266914999 0.032764699382361089 0.0029598603099697477 0.031349471573971881 -0.036011245953686294 -0.047678018686897569 -0.0074374390821888544 0.017805562127386008
leaf_weight=20.21889597736299 9.3729730416089279 8.9014076739549619 8.8539337031543237 24.861460233107209 63.156378740444779 276.85300617665052 89.254084344953299 70.869924457743764 36.602135006338358 43.916782164946198 5.2814592514187089 10.985601041465996 11.343853838741778 80.048923289403319
leaf_count=385 43 59 43 115 284 1456 439 301 233 213 74 100 59 327
internal_value=-0.000204585 -0.00915533 -0.00439088 0.00251003 0.0111648 -0.00265322 -0.0158903 0.0191869 0.00745216 0.0149676 0.0235449 -0.00947055 0.0293518 0.012356
internal_weight=760.521 176.427 156.208 584.094 217.819 366.275 98.108 154.663 83.7931 58.0996 49.1982 47.5877 36.2053 89.4219
internal_count=4131 1213 828 2918 1092 1826 482 808 507 346 287 333 174 370
is_linear=0
shrinkage=0.05


Tree=98
num_leaves=15
num_cat=0
split_feature=55 12 33 32 42 27 53 34 21 13 25 6 55 1
split_gain=7.37076 10.1233 13.5068 11.9265 10.7783 8.63934 8.62575 12.5165 10.5539 10.5651 8.91234 8.59992 8.54609 9.69103
threshold=2.4223345518112187 2.3775532245635991 0.2561939805746079 0.32583417593528824 3.2222355604171757 0.54603318581915816 0.63060428849902539 8.8057150941039826 0.24283374283374287 0.89367745537855858 0.91142520308494579 0.72425976395607006 0.46558278799057012 0.12446255236864091
decision_type=2 2 2 2 2 2 2 2 2 2 2 2 2 2
left_child=1 2 -1 11 6 -2 7 -3 -8 10 -10 -4 13 -5
right_child=5 4 3 12 -6 -7 8 -9 9 -11 -12 -13 -14 -15
leaf_value=0.0078697414434326027 -0.016964090528299496 0.033313289502643215 -0.012739868513592975 0.017169472535111925 -0.028474208370388582 0.0095447809512440307 0.020038076542109564 -0.029044311322003271 -0.045069696197414827 -0.040568590701473034 0.0085744542898498876 0.027428264211094913 -0.034694105371112401 -0.019716615204062593
leaf_weight=150.87524072825909 113.68940692767501 68.050391148775816 24.547303399071097 23.816869955509901 16.319370118901134 41.246059934608638 73.281959852203727 8.3330784030258638 7.7031499315053216 16.23801638558507 69.359216336160898 27.042547333985567 55.22589198127389 62.868640150874853
leaf_count=635 885 319 168 91 79 314 366 40 49 123 289 134 368 271
internal_value=-0.000198915 0.00230092 -0.00331516 -0.0120318 0.00974415 -0.00989109 0.0124174 0.0262229 0.00596834 -0.00517791 0.00270353 0.00843678 -0.0194798 -0.00950192
internal_weight=758.597 603.662 344.376 193.501 259.285 154.935 242.966 76.3835 166.582 93.3004 77.0624 51.5899 141.911 86.6855
internal_count=4131 2932 1667 1032 1265 1199 1186 359 827 461 338 302 730 362
is_linear=0
shrinkage=0.05


Tree=99
num_leaves=15
num_cat=0
split_feature=38 43 13 5 7 5 38 45 3 8 6 55 20 13
split_gain=6.96867 7.82601 9.08803 9.45746 8.55119 8.98928 9.55716 8.42063 8.27129 7.94655 7.90875 7.35831 7.46196 7.0619
threshold=0.75930752028292092 17.877906638001743 1.1638819589938174 1.5965663194656374 0.79074093699455272 3.4274843931198125 10.723223244147158 0.90967365967365976 0.54335839598997504 0.30356796085834509 0.30289597809314733 0.30555227398872381 0.028043059848684861 0.48587234562577997
decision_type=2 2 2 2 2 2 2 2 2 2 2 2 2 2
left_child=-1 4 9 -4 5 6 7 10 -6 -3 -2 12 -8 -12
right_child=1 2 3 -5 8 -7 11 -9 -10 -11 13 -13 -14 -15
leaf_value=-0.042531297660423947 -0.051507636943634666 -0.012251817562037907 0.0085751091258058441 -0.06137774287371444 -0.030545593420748685 -0.035420609515123984 -0.039670630820628189 -0.034994222174444166 0.018590502588361479 0.016398490619055749 0.011788795567107907 -0.043325414066944554 0.038695285089639625 -0.0011641446956449542
leaf_weight=8.597164696082471 5.3807659745216361 27.828718353062868 9.9114444870501774 8.0498907733708602 44.31766757555306 16.936145192012191 4.1498051881790179 13.481192810460923 9.8462828099727613 156.91005237028003 188.3765541985631 19.802645016461611 6.4533706903457642 236.44458942301571
leaf_count=119 43 126 51 57 318 110 17 209 44 682 929 117 21 1288
internal_value=-0.00019565 0.000347151 0.00871078 -0.0243598 -0.00277268 -0.000674341 0.000638862 0.00252019 -0.0214382 0.0120399 0.0037742 -0.0260197 0.00724925 0.00459372
internal_weight=756.486 747.889 202.7 17.9613 545.189 491.025 474.089 443.683 54.164 184.739 430.202 30.4058 10.6032 424.821
internal_count=4131 4012 916 108 3096 2734 2624 2469 362 808 2260 155 38 2217
is_linear=0
shrinkage=0.05


Tree=100
num_leaves=15
num_cat=0
split_feature=5 14 43 51 36 32 3 27 36 42 40 25 30 4
split_gain=6.91604 9.50439 11.1262 11.4531 12.3072 9.36554 9.33164 9.2737 15.6105 9.59156 9.5349 9.31368 10.9226 10.6609
threshold=0.89248007535934459 0.20267908004958393 12.53011417870291 0.56550343249427926 12.551297066777616 0.18878406708595391 0.50490196078431382 0.47437308511778287 21.452498269640646 0.72227859497070324 1.4551719183126133 0.56054335832595836 93.500000000000014 1.0974414944648745
decision_type=2 2 2 2 2 2 2 2 2 2 2 2 2 2
left_child=1 2 3 4 6 -5 -1 11 9 -9 -11 -2 -13 -14
right_child=7 -3 -4 5 -6 -7 -8 8 -10 10 -12 12 13 -15
leaf_value=-0.026565807443175122 -0.037186184087880915 -0.029683255108479863 0.017718235470064663 -0.048842977227891854 -0.065804764562837598 0.015467417822053842 0.033558764662477904 -0.0049537655344055118 -0.058000215669162483 0.0027634401556669197 0.028652688903712892 0.016741816955224149 -0.020537280414570955 0.0011270230925514645
leaf_weight=23.776826285757128 17.3213164601475 40.88469991274178 44.783456444740295 5.6594490092247716 14.69101044628769 37.155785709619522 7.7875925898551932 53.675599122419953 7.0172386281192294 55.394165581092238 99.522141709923744 71.014397921040654 78.78064401447773 196.69850577786565
leaf_count=342 196 217 203 108 111 189 43 293 37 310 452 313 397 920
internal_value=-0.000204091 -0.00889403 -0.0023711 -0.0125563 -0.0295386 0.00604594 -0.0111568 0.00242737 0.0106192 0.0131934 0.0194724 -0.0024432 -0.00060437 -0.00512034
internal_weight=754.163 174.739 133.854 89.0707 46.2554 42.8152 31.5644 579.424 215.609 208.592 154.916 363.815 346.494 275.479
internal_count=4131 1213 996 793 496 297 385 2918 1092 1055 762 1826 1630 1317
is_linear=0
shrinkage=0.05


Tree=101
num_leaves=15
num_cat=0
split_feature=28 33 31 44 4 30 4 1 4 28 49 53 13 51
split_gain=6.67472 7.31576 6.96037 6.91534 9.40408 11.1785 10.0504 11.0241 9.17957 8.90095 10.4278 8.46979 11.5194 13.1
threshold=0.87812782634911069 0.22661898285150531 0.14048793859649125 1.4719817638397219 1.9368294477462771 83.500000000000014 1.7268705368041994 0.18563409149646762 1.3022200465202334 1.1551886792452832 2.3464721177475298 0.60357142857142865 0.41056956732783362 0.47023387668320343
decision_type=2 2 2 2 2 2 2 2 2 2 2 2 2 2
left_child=1 2 -1 4 6 -6 9 -8 -5 11 -11 -2 13 -13
right_child=3 -3 -4 8 5 -7 7 -9 -10 10 -12 12 -14 -15
leaf_value=-0.057774903840060822 0.01891081242495336 -0.043298070002441694 0.015952628582222472 -0.0046977699464488707 0.049995404250593241 -0.021692280871826904 -0.01798462689040066 0.05927309247747993 0.010566557524595791 -0.031865543722332738 0.014038566769818834 -0.047007978075156262 -0.024878609964154957 0.036424203330126394
leaf_weight=2.9939042329788235 57.629816945642233 17.373879209160805 15.137418903410433 155.09227182716131 4.8417131174355736 92.424531866796315 6.2975091151893166 13.092311974614857 266.68946709670126 40.958507711067796 16.866748480126262 5.1387349590659168 37.204070575535297 20.012965036556125
leaf_count=13 319 122 60 725 23 716 50 65 1164 345 98 35 298 98
internal_value=-0.000206175 -0.0210618 0.00139493 0.000855585 -0.00501445 -0.0176514 0.00127613 0.0345296 0.00495592 -0.00252291 -0.018465 0.00524926 -0.00747609 0.0182325
internal_weight=751.754 35.5052 18.1313 716.249 294.467 97.2662 197.201 19.3898 421.782 177.811 57.8253 119.986 62.3558 25.1517
internal_count=4131 195 73 3936 2047 739 1308 115 1889 1193 443 750 431 133
is_linear=0
shrinkage=0.05


Tree=102
num_leaves=15
num_cat=0
split_feature=22 49 29 35 35 22 45 13 44 26 42 53 21 51
split_gain=6.60812 8.21424 8.12481 8.62214 7.3342 8.06793 16.8457 18.0574 13.0929 13.4697 11.72 12.8247 11.8756 13.4893
threshold=0.066551861429267875 2.1394866011042235 118.50000000000001 4.1701335179362262 3.1782094042056261 0.29969868499850744 0.60510071474983762 0.96588157932402685 1.7048758268356325 4.1587958404620915 0.074681848287582411 0.7231800766283526 0.39879518072289161 0.6906926406926408
decision_type=2 2 2 2 2 2 2 2 2 2 2 2 2 2
left_child=1 2 -1 -4 5 6 7 -2 9 -7 -10 -12 -13 -14
right_child=4 -3 3 -5 -6 8 -8 -9 10 -11 11 12 13 -15
leaf_value=-0.047183724936443745 0.009635381282676457 0.009109511898293959 -0.018907792171524648 0.057404297284278531 -0.01518451310802414 -0.0036727474417700802 0.034665748229957029 -0.044951287968105713 -0.03156812669959351 -0.037108721090701319 0.024735201289001179 0.0082883579522672456 -0.05219685600315304 0.035163127029546562
leaf_weight=23.029213996604085 96.178812646307051 23.415638486854732 19.625515800900761 3.5181170096620908 60.352419927716255 199.06952827889472 55.051966845989227 16.949085535481572 16.118427515029907 34.554148939438164 95.704803980886936 83.714221067726612 17.405602773651484 5.0386130213737479
leaf_count=150 439 122 140 21 401 1299 253 129 76 217 388 389 89 18
internal_value=-0.000199532 -0.0147616 -0.0268038 -0.00541027 0.00130987 0.00293791 0.0122509 0.00113487 -0.000549693 -0.00875519 0.00824443 0.0115633 -0.000431476 -0.0319217
internal_weight=749.726 69.5885 46.1728 23.1436 680.138 619.785 168.18 113.128 451.605 233.624 217.982 201.863 106.158 22.4442
internal_count=4131 433 311 161 3698 3297 821 568 2476 1516 960 884 496 107
is_linear=0
shrinkage=0.05


Tree=103
num_leaves=15
num_cat=0
split_feature=17 13 7 55 2 31 4 13 45 22 9 49 1 3
split_gain=6.48498 9.40047 7.85488 7.30513 9.35679 12.1976 9.81655 10.4885 12.4139 10.5441 10.628 9.05191 8.64251 10.3789
threshold=0.67584541062801951 0.43978150970465152 0.67973566055297863 2.5316654443740849 0.27240242063999182 0.24575783721599082 4.0837790966033944 0.46339116591831181 0.83514492753623204 0.29976108542745789 0.72111111111111115 2.0398372478270339 0.17898026108741763 0.54335839598997504
decision_type=2 2 2 2 2 2 2 2 2 2 2 2 2 2
left_child=3 -2 -3 4 6 -6 7 8 -1 -9 -11 -7 -5 -14
right_child=1 2 -4 12 5 11 -8 9 -10 10 -12 -13 13 -15
leaf_value=0.016058527878175938 0.024846508047136423 -0.00072537538953876984 -0.063269612931339522 -0.03149293898371433 0.01729781015996339 -0.013966951018705471 -0.042903978526300478 0.010502729936122737 -0.03461800101057267 -0.012854751001594576 -0.060394941737826016 0.011167692692157567 -0.0070792885075158119 0.049544426849958689
leaf_weight=96.994004862383008 6.7667564749717739 8.0153894983232039 12.539002288132904 32.949001969769597 183.21527308784425 75.394070798531175 14.215527405962346 39.490872835740447 12.833590516820548 79.623073188588023 13.006387911736963 66.47243419662118 97.964422531425953 7.8156547117978326
leaf_count=433 22 41 108 407 862 394 88 170 119 418 65 304 674 26
internal_value=-0.000194059 -0.0236632 -0.0400451 0.000728121 0.003191 0.0088108 -0.00394729 -0.00149123 0.00987794 -0.0109453 -0.0201038 -0.00219422 -0.00953978 -0.00247079
internal_weight=747.295 27.3211 20.5544 719.974 581.245 325.082 256.163 241.948 109.828 132.12 92.6295 141.867 138.729 105.78
internal_count=4131 171 149 3960 2853 1560 1293 1205 552 653 483 698 1107 700
is_linear=0
shrinkage=0.05


Tree=104
num_leaves=15
num_cat=0
split_feature=25 25 27 43 50 42 29 3 12 3 40 29 51 13
split_gain=6.57542 10.2467 9.42818 11.4291 10.6475 9.31117 10.3391 8.49574 12.242 8.37299 8.94867 12.0101 9.04737 8.49662
threshold=1.9000094532966616 1.8053486943244936 0.44145363376944535 5.2757633688006029 0.40498093417247466 3.1687355041503911 123.50000000000001 0.22111111111111112 2.4996775388717656 0.01941930618401207 4.5604316949004877 103.00000000000001 0.66904761904761911 0.15914812085114768
decision_type=2 2 2 2 2 2 2 2 2 2 2 2 2 2
left_child=1 2 5 -4 -5 6 7 -1 -9 -2 12 -12 13 -11
right_child=9 -3 3 4 -6 -7 -8 8 -10 10 11 -13 -14 -15
leaf_value=-0.0082816196638788083 -0.028578753810354865 0.028915757807312342 -0.020837900893074628 -0.055449246558958103 0.015914996013031795 -0.049133650994587941 -0.019930510481597781 -0.0032289775050812521 0.033941996363991922 -0.036062798470703886 -0.031883796094585519 0.020126211341036045 0.028676403843365846 -0.0068020355766734977
leaf_weight=80.923460853286088 36.060093272477388 35.056644244119525 26.60339352954179 4.4299986511468878 171.10108427051455 10.596322251483796 65.369383699260652 47.380028173327446 40.340109260752797 31.529660238884389 12.522950332611797 62.374970063567162 12.942677196115254 107.48016446083784
leaf_count=564 279 144 300 26 915 67 475 210 166 162 55 258 53 457
internal_value=-0.000194065 0.00327516 0.00120302 0.0091698 0.01381 -0.00539091 -0.00320955 0.00335108 0.0140548 -0.00653997 -0.00292664 0.0111246 -0.00988 -0.013649
internal_weight=744.711 481.8 446.744 202.134 175.531 244.609 234.013 168.644 87.7201 262.911 226.85 74.8979 151.953 139.01
internal_count=4131 2867 2723 1241 941 1482 1415 940 376 1264 985 313 672 619
is_linear=0
shrinkage=0.05


Tree=105
num_leaves=15
num_cat=0
split_feature=33 31 55 30 28 2 28 22 14 32 35 51 44 45
split_gain=6.19815 7.11299 13.3209 10.7458 8.55763 10.772 10.3611 13.9917 12.8621 9.95325 9.97286 10.1582 9.7612 8.77321
threshold=2.1355429887771611 0.19586530264279628 0.13884103298187259 133.50000000000003 1.1646341463414636 0.30870452523231512 1.021779641276497 0.066551861429267875 0.51160133019399978 0.78474903474903479 2.3744217529055245 0.59280792420327322 1.4152917861938479 0.47402159244264513
decision_type=2 2 2 2 2 2 2 2 2 2 2 2 2 2
left_child=1 4 3 -3 6 -6 7 -1 13 10 -8 12 -12 -9
right_child=-2 2 -4 -5 5 -7 9 8 -10 -11 11 -13 -14 -15
leaf_value=-0.067249500407949622 -0.03938573613243717 0.023867508206972643 -0.0079157511976147826 -0.040256268124119733 -0.030234368459016586 0.011648808307716509 0.027416345088001687 -0.015705157998447957 -0.030541535404840909 -0.0282449541929654 -0.015682247245948241 -0.04615483751113391 0.030295010125120071 0.027536961854455907
leaf_weight=7.1381253227591506 8.9523647623136622 57.066386960446835 345.61305795051157 6.4480545818805686 32.36626248434186 27.670313473790884 117.625642914325 16.008403094485402 21.04189839400351 10.883067095652221 19.179666226729751 8.3457992747426015 26.282668717205524 37.991721525788307
leaf_count=42 255 215 1938 28 221 149 548 95 111 55 133 60 103 178
internal_value=-0.00019227 0.00033894 -0.00404175 0.0168345 0.00585697 -0.0110562 0.00972317 -0.00497576 0.0017543 0.0163398 0.0193175 0.00143614 0.0109781 0.0146653
internal_weight=742.613 733.661 409.127 63.5144 324.534 60.0366 264.497 82.1801 75.042 182.317 171.434 53.8081 45.4623 54.0001
internal_count=4131 3876 2181 243 1695 370 1325 426 384 899 844 296 236 273
is_linear=0
shrinkage=0.05


Tree=106
num_leaves=15
num_cat=0
split_feature=17 25 5 27 44 43 25 2 8 44 4 2 9 44
split_gain=6.15598 9.17775 8.00486 12.1444 11.2191 12.2101 8.98906 8.80961 8.63082 10.9484 10.6189 11.3774 10.3651 8.01883
threshold=0.50274725274725285 0.95186045765876781 0.94149911403656017 0.48535735956290088 0.24562826007604602 0.96001270482342693 1.8764663338661196 0.21699605882167819 0.40358050167560583 1.7378271222114565 1.073183596134186 0.28670834004879003 0.059714795008912663 1.7048758268356325
decision_type=2 2 2 2 2 2 2 2 2 2 2 2 2 2
left_child=2 -2 4 8 -1 -6 7 -5 9 12 11 -11 -4 -8
right_child=1 -3 3 6 5 -7 13 -9 -10 10 -12 -13 -14 -15
leaf_value=-0.043013795150471199 -0.039964451023599572 -0.0039916289185638922 0.0053908214893857876 -0.016533919503029463 0.051454274649496062 -0.0064977135188104829 -0.032410403325103962 0.028140269229255062 -0.030692557749323869 -0.047332652108103578 0.02092305933800119 0.01516630163312758 -0.020535493589265125 0.011726186147249663
leaf_weight=18.653853785246611 20.796915774233639 96.597770409658551 78.582018865272403 11.672316690906881 8.7118488140404207 141.32870923634619 14.283929089084266 104.25449956022203 21.342924879863858 12.566131278872492 92.58844506368041 14.948223777115343 74.062637026421726 30.536409478634596
leaf_count=389 228 448 391 69 38 768 78 524 131 63 387 66 427 124
internal_value=-0.000194943 -0.0106481 0.00178701 0.00523547 -0.00748688 -0.00281444 0.0162402 0.0235392 -0.00081428 0.00162732 0.0128644 -0.0140366 -0.00724032 -0.00274019
internal_weight=740.927 117.395 623.532 454.838 168.694 150.041 160.747 115.927 294.09 272.747 120.103 27.5144 152.645 44.8203
internal_count=4131 676 3455 2260 1195 806 795 593 1465 1334 516 129 818 202
is_linear=0
shrinkage=0.05


Tree=107
num_leaves=15
num_cat=0
split_feature=28 55 37 31 55 31 29 44 29 9 43 51 4 53
split_gain=5.85198 6.78771 6.30598 5.96552 11.4397 11.7817 11.2618 10.3176 10.5049 12.3034 12.5993 11.6227 8.34039 9.19933
threshold=0.87812782634911069 0.81700304150581371 5.5883055425585271 0.31057781919850891 0.92402186989784252 0.35574387947269309 116.50000000000001 1.7378271222114565 183.00000000000003 0.40824915824915831 2.3096157291639829 0.58287545787545803 1.7268705368041994 0.89379699248120315
decision_type=2 2 2 2 2 2 2 2 2 2 2 2 2 2
left_child=1 2 -1 7 5 6 12 8 9 -2 -11 -12 13 -5
right_child=3 -3 -4 4 -6 -7 -8 -9 -10 10 11 -13 -14 -15
leaf_value=0.015877656319691312 0.0049558660849214403 -0.048989717638297521 -0.036137923540576052 -0.062269964674733218 -0.022714002358152879 0.0099939338363324668 -0.061979100811524794 0.012176996361046213 -0.055664794355376447 0.038489681857563907 -0.016627212801034272 -0.074800373440832096 0.042266453931363468 0.029648482114532571
leaf_weight=14.782627543434502 221.69883585162461 11.863824042491613 8.2476718425750715 5.8587090969085711 69.446953721344471 103.59533969685435 11.443534553050993 209.14401356130838 7.9499621074646702 7.3270217049866906 47.501823499798775 9.7631401326507312 6.3472597971558562 3.7351511716842651
leaf_count=67 1368 90 38 26 534 434 56 923 178 38 274 65 25 15
internal_value=-0.000192845 -0.0198861 -0.00347896 0.000810354 -0.00646493 0.00225732 -0.0263311 0.00371414 -0.00232205 -0.000652186 -0.0196828 -0.0276588 0.00140729 -0.027063
internal_weight=738.706 34.8941 23.0303 703.812 200.427 130.98 27.3847 503.385 294.241 286.291 64.592 57.265 15.9411 9.59386
internal_count=4131 195 105 3936 1090 556 122 2846 1923 1745 377 339 66 41
is_linear=0
shrinkage=0.05


Tree=108
num_leaves=15
num_cat=0
split_feature=6 25 25 8 53 4 12 22 8 3 4 17 42 7
split_gain=5.92763 6.29116 10.1443 9.30881 8.50977 11.4669 9.58967 8.31686 8.4682 8.03523 11.395 8.62522 8.46984 7.88385
threshold=0.30452764034271246 1.9000094532966616 1.8161730766296389 0.48227371275424963 0.63818181818181829 3.7129892110824589 0.70400524139404308 0.033277015192398736 0.31004194915294653 0.29603547209181019 1.6444715261459353 0.45903010033444819 0.47121040523052221 0.67973566055297863
decision_type=2 2 2 2 2 2 2 2 2 2 2 2 2 2
left_child=-1 2 4 -3 7 6 -6 -2 -9 10 -8 -12 -11 -4
right_child=1 3 13 -5 5 -7 9 8 -10 12 11 -13 -14 -15
leaf_value=-0.038132163616074306 -0.032703478498321864 -0.0044871746147804314 0.05893903614697546 -0.069353734309665502 0.044967843600903668 -0.037761299812871602 -0.027911137932783204 -0.0043949894572712783 0.018421501952246962 -0.060593598698467005 0.017079443428591787 -0.029721191381994139 0.010025923781564441 0.0080685640298204398
leaf_weight=9.1571152321994287 10.224724842235444 253.79333052318543 13.150439932942392 4.6622531674802294 9.783205855637787 22.557199889793992 56.883306507952511 57.403704800643027 135.75537511892617 3.4555208534002295 36.33051607850939 12.39017153624445 93.729053128510714 17.306148706004024
leaf_count=76 86 1219 46 29 33 165 535 352 740 25 229 109 408 79
internal_value=-0.000199282 0.000329926 0.00377966 -0.00592009 0.00180793 -0.00466211 -0.000989403 0.00927406 0.0116531 -0.00341632 -0.0129074 0.00481917 0.00692339 0.0312086
internal_weight=736.582 727.425 468.969 258.456 438.513 235.129 212.572 203.384 193.159 202.789 105.604 48.7207 97.1846 30.4566
internal_count=4131 4055 2807 1248 2682 1504 1339 1178 1092 1306 873 338 433 125
is_linear=0
shrinkage=0.05


Tree=109
num_leaves=15
num_cat=0
split_feature=36 51 26 50 5 13 5 29 39 24 44 36 23 27
split_gain=6.02566 11.3476 10.6448 8.6272 8.33881 10.4853 8.32983 7.86317 9.89115 8.52991 7.80864 7.71553 7.71463 7.58258
threshold=12.665254219656637 0.66465863453815277 1.3617463111877444 1.4583585053478385 3.2681007385253911 0.72720301227134476 0.22585575282573703 105.00000000000001 4.5764259452765206 2.8370849801547999 1.042470455169678 13.317067213967862 0.87927128329087367 0.47764827942668203
decision_type=2 2 2 2 2 2 2 2 2 2 2 2 2 2
left_child=2 7 -1 -3 13 -6 -5 9 10 11 -9 -2 -13 -4
right_child=1 3 4 6 5 -7 -8 8 -10 -11 -12 12 -14 -15
leaf_value=-0.011161418614217683 -0.064294719512573387 0.043903363542953051 0.0041161692643174484 -0.062741590568223177 0.012441276821723062 -0.054525178386181074 0.013219280570413112 -0.02595467022255514 -0.020199263243937882 -0.054126292553151927 0.0081152567743963573 0.016584431058320925 -0.033710513805184479 0.020259299177295041
leaf_weight=96.522826128639281 4.8898083232343188 17.740375954657793 217.55279186367989 3.6353343818336752 10.956659991294147 10.830529017373918 15.348450626246629 18.752362878993154 68.648400136269629 17.493114612996578 112.57778618298471 19.932289540767673 10.99567276239395 108.8148101568222
leaf_count=959 25 68 1067 23 44 68 67 140 363 99 499 88 52 569
internal_value=-0.000199883 -0.00579569 0.00345445 0.0198295 0.00752694 -0.02178 -0.00373871 -0.00957443 -0.00496471 -0.0264565 0.00309111 -0.0118398 -0.00179248 0.00954392
internal_weight=734.691 290.014 444.678 36.7242 348.155 21.7872 18.9838 253.289 199.979 53.3109 131.33 35.8178 30.928 326.368
internal_count=4131 1424 2707 158 1748 112 90 1266 1002 264 639 165 140 1636
is_linear=0
shrinkage=0.05


Tree=110
num_leaves=15
num_cat=0
split_feature=2 43 44 7 52 55 31 45 50 28 51 8 4 44
split_gain=5.70102 6.84807 8.68607 8.51146 8.95957 11.9956 10.1712 8.49707 8.45383 6.95494 6.83105 8.58279 10.0064 6.75434
threshold=0.40799759328365331 23.249257019608514 2.854890108108521 0.74090495705604564 2.5000000000000004 0.92402186989784252 0.19204425711275028 0.60128205128205137 33.180037942313668 1.1048353040540542 0.42330316742081453 0.32045100629329687 1.4210318326950075 2.0491560697555546
decision_type=2 2 2 2 2 2 2 2 2 2 2 2 2 2
left_child=1 3 -3 10 5 9 -6 8 -8 -5 11 12 -1 -11
right_child=-2 2 -4 4 6 -7 7 -9 -10 13 -12 -13 -14 -15
leaf_value=-0.050277619501536558 -0.030123160151795253 0.022242897243962619 -0.012684961876603394 0.056914889438357208 0.0029501489452536996 -0.037499451135597599 -0.030525819196560749 0.013751835121918486 0.042116437491037564 -0.040502832230318996 0.005567984654157347 0.0084290632482636931 -0.0035954179869603395 0.040544227375802488
leaf_weight=19.842147319577634 14.583522929809986 67.318202123045921 23.331361290067434 12.477813780307775 57.413428132422268 6.8938482739031306 97.328731911256909 13.439200976863502 3.3322382029145947 4.2796612046658975 349.06410531140864 33.698248934000731 25.92638165038079 4.0108115673065186
leaf_count=155 112 300 110 48 348 65 647 61 16 27 1883 190 155 14
internal_value=-0.000203523 0.000444913 0.0132129 -0.00141704 -0.00993038 0.0160627 -0.0141914 -0.0227675 -0.0277305 0.0347481 0.00255376 -0.0105911 -0.024476 -0.00114975
internal_weight=732.94 718.356 90.6496 627.707 199.176 27.6621 171.514 114.1 100.661 20.7683 428.531 79.4668 45.7685 8.29047
internal_count=4131 4019 410 3609 1226 154 1072 724 663 89 2383 500 310 41
is_linear=0
shrinkage=0.05


Tree=111
num_leaves=15
num_cat=0
split_feature=17 13 7 17 17 26 55 55 2 32 26 4 1 25
split_gain=5.60709 8.6275 7.16834 6.52806 9.27827 8.74424 7.09371 10.1948 9.96814 13.182 10.703 9.37994 8.4986 8.29341
threshold=0.67584541062801951 0.43978150970465152 0.67973566055297863 0.62089371980676333 0.51099033816425132 3.855405263111328 2.5316654443740849 6.5497822761535653 0.27240242063999182 0.65039682539682553 5.8577733039855966 4.0837790966033944 0.17898026108741763 2.084284901618958
decision_type=2 2 2 2 2 2 2 2 2 2 2 2 2 2
left_child=3 -2 -3 4 6 -5 8 13 11 10 -10 -1 -9 -8
right_child=1 2 -4 5 -6 -7 7 12 9 -11 -12 -13 -14 -15
leaf_value=-0.0014687231624340409 0.0241220720629176 -0.00084219703192677051 -0.061437313676993593 -0.0017414666951243796 -0.018973487603168675 0.058480385095886149 -0.011867118792057688 -0.043342090066015498 0.020473455699974191 -0.006602429088519041 -0.021598281625559403 -0.049140076133064141 0.017706091554402493 -0.053027476820229694
leaf_weight=209.99125162977725 6.7105420231819179 7.8930798824876574 11.909082178957759 12.8867972958833 59.236572910100222 10.233226289972661 58.678243706934154 5.6701766503974786 187.05346273630857 81.385349508374929 15.633878445252774 9.8563608443364483 39.316267257556319 14.79438403341919
leaf_count=1067 22 41 108 86 350 34 498 125 918 372 89 71 237 113
internal_value=-0.000194232 -0.0223386 -0.0384859 0.000669328 -0.000234937 0.026233 0.00157613 -0.00938398 0.00416606 0.0103374 0.0171382 -0.00381879 0.00923629 -0.0207559
internal_weight=731.249 26.5127 19.8022 704.736 681.616 23.12 622.379 118.459 503.92 284.073 202.687 219.848 44.9864 73.4726
internal_count=4131 171 149 3960 3840 120 3490 973 2517 1379 1007 1138 362 611
is_linear=0
shrinkage=0.05


Tree=112
num_leaves=15
num_cat=0
split_feature=38 36 19 55 21 44 14 52 13 2 33 50 5 39
split_gain=5.5865 6.25053 9.97673 10.2036 8.80575 16.119 12.9486 9.94409 12.5452 16.5313 8.92395 8.80046 8.54269 8.90975
threshold=0.75930752028292092 12.665254219656637 1.2014958110153582 0.38451126217842108 0.23166368515205729 0.27999739348888403 0.099892464512690585 12.500000000000002 0.47447046635713597 0.27125865221023565 0.17756906151771548 0.68352858502579295 1.0925334095954897 0.99383609694412556
decision_type=2 2 2 2 2 2 2 2 2 2 2 2 2 2
left_child=-1 4 -3 -4 5 -2 -6 8 -8 -10 -9 -7 13 -5
right_child=1 2 3 12 6 11 7 10 9 -11 -12 -13 -14 -15
leaf_value=-0.03981740945287289 -0.034265566131354425 -0.012416433009170363 0.022976639793358167 -0.086290612905028707 0.0241236410561276 -0.01944492691626401 0.014365357217903517 -0.040674597827531071 -0.049154615016540205 -0.0087356224281519568 0.016669843308308493 0.020488386609219505 0.0061216895316237212 -0.011506707029245241
leaf_weight=7.7892483156174412 15.956592460162936 183.41209040395916 49.985541053116322 4.8924672063440111 38.853669223375618 14.368084648624061 30.495861131697893 6.7587741762399665 35.747005570679903 83.071473198011518 54.919393304735422 153.31869903858751 36.425582740455866 13.491619477048514
leaf_count=119 334 958 186 27 198 80 121 32 252 531 272 768 171 82
internal_value=-0.000195361 0.000286783 -0.00540917 0.00685635 0.00407749 0.0123583 -0.00203413 -0.00694208 -0.0138926 -0.0212046 0.00983728 0.0169717 -0.00799338 -0.0348335
internal_weight=729.486 721.697 288.207 104.795 433.49 183.643 249.846 210.993 149.314 118.818 61.6782 167.687 54.8097 18.3841
internal_count=4131 4012 1424 466 2588 1182 1406 1208 904 783 304 848 280 109
is_linear=0
shrinkage=0.05


Tree=113
num_leaves=15
num_cat=0
split_feature=16 14 24 7 38 44 9 53 37 51 36 36 40 51
split_gain=5.31106 8.03604 7.2587 6.706 6.99174 8.3913 12.2853 10.692 9.14918 8.3032 8.80143 11.8682 8.46258 7.93176
threshold=1.0000000180025095e-35 0.2691752055189876 1.5713692902208354 0.79410949349403392 10.723223244147158 1.7378271222114565 0.45916666666666672 0.4919354838709678 19.651142140084698 0.5317802316186373 12.620377644089702 18.827205129057447 1.8707973534012263 0.5187529301453353
decision_type=2 2 2 2 2 2 2 2 2 2 2 2 2 2
left_child=2 -2 -1 4 5 6 9 -8 -9 10 -4 12 -12 -6
right_child=1 -3 3 -5 13 -7 7 8 -10 -11 11 -13 -14 -15
leaf_value=-0.035618302597813213 0.022874238937906154 -0.0062864614432345412 0.0020259824540475604 -0.017936921698145699 0.003013241839232671 0.0093624124581852177 0.013932150364027738 -0.044617527580842725 0.036882900300337036 0.012172109202501502 -0.073383054584956003 0.022506523205305065 -0.020024618811877976 -0.039649782322176801
leaf_weight=14.538164895027874 55.523785216733813 39.989614628255367 95.991171218454838 52.478963376954198 21.190367934294045 228.0761167537421 12.761850351467727 36.706756195984781 3.0430862866342059 102.15003452077508 10.729637314565478 9.6405416466295701 23.510789590887725 21.140076609328389
leaf_count=157 249 192 727 360 106 1026 61 238 15 645 72 52 129 102
internal_value=-0.00019943 0.0107266 -0.00186511 -0.00101403 0.000586905 0.00218318 -0.00338901 -0.0250698 -0.0376262 0.00139889 -0.00649945 -0.0247787 -0.038353 -0.0187163
internal_weight=727.471 95.5134 631.958 617.419 564.94 522.61 294.534 52.5117 39.7498 242.022 139.872 43.881 34.2404 42.3304
internal_count=4131 441 3690 3533 3173 2965 1939 314 253 1625 980 253 201 208
is_linear=0
shrinkage=0.05


Tree=114
num_leaves=15
num_cat=0
split_feature=33 31 55 30 33 10 26 26 44 42 7 23 43 31
split_gain=5.30237 6.18968 11.3435 10.0439 7.94363 9.78001 10.4591 13.8527 10.3945 10.015 8.66644 11.2839 7.93373 7.8147
threshold=2.1355429887771611 0.19586530264279628 0.13884103298187259 133.50000000000003 0.29228889942169195 1.5000000000000002 4.4565079474922742 1.9982435654832884 2.0755562782287602 0.65731662511825573 0.77196210622787487 0.76574351232254212 23.249257019608514 0.30816714150047492
decision_type=2 2 2 2 2 2 2 2 2 2 2 2 2 2
left_child=1 -1 3 -3 10 6 7 12 -7 -9 11 -4 -6 -10
right_child=-2 2 4 -5 5 8 -8 9 13 -11 -12 -13 -14 -15
leaf_value=0.0054933585892984263 -0.038000963069232806 0.022584979646007947 0.016964937937204421 -0.039474418350212231 -0.045267501210220586 -0.044310617114948186 -0.039355866536206006 -0.022644146646254141 0.018351466985333735 0.027467459974793031 -0.02093469713375435 -0.010998707818630275 0.03726948602324006 -0.049070381266058595
leaf_weight=317.17707705311477 8.1589135676622373 55.723352357745171 84.342508044093847 6.4461717605590811 16.490824567154053 43.11497498024255 17.026102215051651 12.144335955381392 14.473430266603829 42.072965266183019 39.580936281010509 61.593116443604231 2.7059558928012839 4.9507527127861968
leaf_count=1695 255 215 371 28 162 450 108 67 67 185 204 265 11 48
internal_value=-0.000197539 0.000284396 -0.00384256 0.0156272 -0.00745395 -0.015849 -0.00522327 0.00311521 -0.0308913 0.016036 -0.000483403 0.00516816 -0.0323639 -0.000393923
internal_weight=726.001 717.843 400.665 62.1695 338.496 152.979 90.4402 73.4141 62.5392 54.2173 185.517 145.936 19.1968 19.4242
internal_count=4131 3876 2181 243 1938 1098 533 425 565 252 840 636 173 115
is_linear=0
shrinkage=0.05


Tree=115
num_leaves=15
num_cat=0
split_feature=22 28 49 45 22 13 25 2 9 13 32 33 3 55
split_gain=5.30465 7.694 11.2096 7.00531 6.66333 17.567 15.8741 10.6668 14.0394 8.60034 8.45897 9.87785 7.01612 8.14899
threshold=0.066551861429267875 1.1476034858387802 2.1626682702832798 0.40642170329670335 0.43341963985061382 0.99591100781751296 2.7371727228164677 0.27240242063999182 0.94201680672268917 5.8356496960517825 0.65039682539682553 0.33507867157459265 0.22767145135566189 0.23782073706388476
decision_type=2 2 2 2 2 2 2 2 2 2 2 2 2 2
left_child=1 2 -1 -3 5 -2 7 8 12 -7 11 -9 -6 -14
right_child=4 3 -4 -5 6 9 -8 10 -10 -11 -12 -13 13 -15
leaf_value=-0.045132904865562568 0.012921951996218931 -0.045938228348475989 0.012108072115204815 0.016952713509800533 -0.016218064234695694 -0.038789409738411912 -0.034797036732668131 0.024002727110353325 -0.080341966732766945 0.020729154174824453 -0.014559721808293969 0.00012401477736673284 -0.017513246237968131 0.015724567865966262
leaf_weight=26.814911512658 213.58297072071582 4.3833008510991958 11.834216939285396 24.238578595221043 82.643347582779825 25.977187905460596 34.28545933123678 88.004453362897038 5.6382069215178481 7.1363691771402946 34.139727575704455 84.377475434914231 27.014104785397649 53.113816883414984
leaf_count=185 1078 48 66 134 626 218 203 386 30 34 162 594 125 242
internal_value=-0.00020219 -0.013467 -0.0277426 0.0060956 0.00117669 0.00765074 -0.00273533 0.000281306 -0.00902878 -0.0257308 0.0078802 0.0123827 -0.00608309 0.00444112
internal_weight=723.184 67.271 38.6491 28.6219 655.913 246.697 409.217 374.931 168.409 33.1136 206.522 172.382 162.771 80.1279
internal_count=4131 433 251 182 3698 1330 2368 2165 1023 252 1142 980 993 367
is_linear=0
shrinkage=0.05


Tree=116
num_leaves=15
num_cat=0
split_feature=17 13 7 17 17 26 4 23 31 22 42 24 5 27
split_gain=5.18938 7.80228 6.3865 5.76372 8.19247 8.06145 6.93318 7.2329 8.63261 6.87749 7.66186 6.40663 6.37916 10.4688
threshold=0.67584541062801951 0.43978150970465152 0.67973566055297863 0.62089371980676333 0.51099033816425132 3.855405263111328 1.85236531496048 0.83896282981567716 0.46305060065526032 0.33275434819555488 1.7907764911651614 2.3629248427137814 0.94149911403656017 0.48535735956290088
decision_type=2 2 2 2 2 2 2 2 2 2 2 2 2 2
left_child=3 -2 -3 4 12 9 11 8 -8 -5 -11 -6 -1 -14
right_child=1 2 -4 5 6 -7 7 -9 -10 10 -12 -13 13 -15
leaf_value=-0.0068507565706308659 0.022739920563867852 -0.0018588728858371308 -0.059679576342428847 0.044406099864615634 -0.028824213310517644 0.056378068934427678 -0.066699190562362953 0.0011497785252382083 0.037729973024609169 -0.062179865510100421 0.025204282704897798 0.014628476294703638 -0.0010328453359152404 0.014951897282182082
leaf_weight=166.22073353081942 6.598225191235545 7.8658775892108705 11.421813157387076 4.2112989425659206 13.105210230685769 9.9327831864356977 15.222467226907616 8.3135603964328748 1.6034616753458966 5.0063905259594303 3.5683311335742474 20.305528023280203 290.89668103214353 156.99997105263174
leaf_count=1199 22 41 108 20 101 34 105 38 6 46 20 100 1486 805
internal_value=-0.000205247 -0.0217596 -0.0373531 0.000627212 -0.000226619 0.0248515 -0.0179343 -0.0372268 -0.0551891 -0.00195282 -0.0269809 -0.00275798 0.00148805 0.00459107
internal_weight=721.272 25.8859 19.2877 695.386 672.668 22.7188 58.5502 25.1395 16.8259 12.786 8.57472 33.4107 614.117 447.897
internal_count=4131 171 149 3960 3840 120 350 149 111 86 66 201 3490 2291
is_linear=0
shrinkage=0.05


Tree=117
num_leaves=15
num_cat=0
split_feature=2 43 14 7 3 51 3 14 32 31 21 39 42 5
split_gain=5.10911 6.15582 7.89861 7.4551 9.78857 7.55771 7.94526 7.48932 8.66375 7.67069 7.40837 8.05731 8.03718 7.00772
threshold=0.40799759328365331 23.249257019608514 0.32713699800775881 0.73452958464622509 0.22996794871794876 0.42572892040977156 0.16823899371069184 0.28947764373567386 0.62583333333333346 0.29270557029177724 0.55370417841579089 1.3393137189150945 3.2222355604171757 0.67644309997558605
decision_type=2 2 2 2 2 2 2 2 2 2 2 2 2 2
left_child=1 3 -3 5 -5 6 13 8 -6 -10 12 -12 -7 -1
right_child=-2 2 -4 4 7 10 -8 -9 9 -11 11 -13 -14 -15
leaf_value=-0.036663928201743877 -0.028839229470871194 0.024089931324868821 -0.0064036077252055601 -0.020760529071487007 0.02423295773084385 0.0098471600506256658 -0.028329654224714798 -0.015002954118006227 0.011134996164754451 -0.039187339239504793 0.040369205024161893 -0.032469563840136412 -0.030695105074754626 0.013366223188481017
leaf_weight=7.7442883783951393 14.239875738508998 55.360407322645187 33.515585927292705 94.940678130835295 44.349148608744144 288.98283264227211 35.550784442573786 45.79031178355217 17.062785845249895 12.162807293236254 3.7215608898550299 20.455163878388703 11.806414807215331 34.193222100846469
leaf_count=122 112 259 151 806 196 1567 193 208 78 55 15 120 65 184
internal_value=-0.000196453 0.000421558 0.0126474 -0.00135782 -0.00886885 0.00265385 -0.0112841 0.00068346 0.0105164 -0.0104113 0.00600179 -0.0200993 0.00815938 0.0034888
internal_weight=719.876 705.636 88.876 616.76 214.306 402.454 77.4883 119.365 73.5747 29.2256 324.966 24.1767 300.789 41.9375
internal_count=4131 4019 410 3609 1343 2266 499 537 329 133 1767 135 1632 306
is_linear=0
shrinkage=0.05


Tree=118
num_leaves=15
num_cat=0
split_feature=38 25 25 8 42 53 12 42 33 21 1 49 27 32
split_gain=5.06529 5.39313 9.35587 7.43853 7.15282 7.18658 10.0917 8.91447 9.58351 8.7819 9.63513 13.6596 9.87139 10.9795
threshold=0.75930752028292092 1.8898441791534426 1.8161730766296389 0.48227371275424963 3.1246939897537236 0.63818181818181829 0.70400524139404308 0.074681848287582411 1.3211787939071657 0.20204081632653065 0.15162779390811923 1.8880211080616478 0.44999113223054349 0.66069715382155436
decision_type=2 2 2 2 2 2 2 2 2 2 2 2 2 2
left_child=-1 2 4 -3 5 7 -7 -2 -9 -8 11 -11 -12 -14
right_child=1 3 -4 -5 -6 6 9 8 -10 10 12 -13 13 -15
leaf_value=-0.038592354335993152 -0.015180121394291791 -0.0041539595747711417 0.031873347747723123 -0.060598674470736885 -0.027802864439222991 0.044974058254247724 0.0083613638982283339 0.017155017261738827 -0.044984158314674637 -0.023227080008682548 -0.041057651369774462 0.029007793593521056 0.0044850222365902821 -0.057787064835659568
leaf_weight=7.4873246690258375 28.499035302549601 254.59451546985656 26.421057720668614 4.9830691665410987 18.56647159717977 9.4139010831713659 73.284160040318966 155.96025087311864 5.5211323872208586 22.489970159716904 39.566627915948629 25.826085173524916 38.012802273966372 7.66577424108982
leaf_count=119 194 1249 112 31 121 32 484 730 181 157 289 132 258 42
internal_value=-0.000194173 0.000263947 0.00356496 -0.00546592 0.00173359 0.00314846 -0.0030808 0.0102184 0.0147667 -0.00547372 -0.0130707 0.00471575 -0.0230896 -0.00697957
internal_weight=718.292 710.805 451.227 259.578 424.806 406.24 216.259 189.98 161.481 206.845 133.561 48.3161 85.2452 45.6786
internal_count=4131 4012 2732 1280 2620 2499 1394 1105 911 1362 878 289 589 300
is_linear=0
shrinkage=0.05


Tree=119
num_leaves=15
num_cat=0
split_feature=51 1 24 2 43 52 30 33 51 33 45 5 51 31
split_gain=5.06799 14.0829 8.38404 7.63066 7.49623 8.47702 10.4703 12.9836 9.55743 9.405 10.8932 16.2416 10.0725 8.94264
threshold=0.66465863453815277 0.17488130927085879 3.5170428302098578 0.32763713598251348 4.823495119750759 11.500000000000002 118.50000000000001 0.17756906151771548 0.51630627437079057 0.32457846403121954 0.58995376208490968 0.89248007535934459 0.53290043290043299 0.085960591133004943
decision_type=2 2 2 2 2 2 2 2 2 2 2 2 2 2
left_child=4 -2 3 -3 -1 9 7 8 -7 10 11 12 -6 -8
right_child=1 2 -4 -5 5 6 13 -9 -10 -11 -12 -13 -14 -15
leaf_value=-0.016098812466536338 0.029730323332151493 0.017062301456064768 -0.061140276105249948 -0.049264716869739461 -0.083337461104493138 0.012093271922329901 0.024282064621680213 0.032457417738847458 -0.073917930400452789 -0.010753631486693772 0.025044314182998274 0.0026549710085746817 -0.0013254708659736136 -0.027352679311303019
leaf_weight=77.368447969667614 43.776716676540673 16.501713417470462 6.388131294399499 4.7647487055510274 8.3135916478931886 7.4564895890653116 11.960834939032791 62.32695385441184 4.403081014752388 198.63031480275095 47.514661081135273 197.72217194736004 6.3153024204075328 23.019960789009929
leaf_count=722 230 83 41 30 46 31 51 271 21 1344 205 911 29 116
internal_value=-0.000197205 0.0123446 -0.0152538 0.000656629 -0.00160305 0.000397453 0.0128533 0.023386 -0.0231048 -0.00258979 0.0036676 -0.00121052 -0.050283 -0.00951325
internal_weight=716.463 71.4313 27.6546 21.2665 645.032 567.663 109.167 74.1865 11.8596 458.496 259.866 212.351 14.6289 34.9808
internal_count=4131 384 154 113 3747 3025 490 323 52 2535 1191 986 75 167
is_linear=0
shrinkage=0.05


Tree=120
num_leaves=15
num_cat=0
split_feature=6 8 32 33 22 45 33 13 43 14 43 2 33 42
split_gain=4.90986 6.31385 6.53101 5.90963 5.72894 5.51482 6.62374 6.12917 8.70455 6.24996 8.57018 8.57984 7.12268 12.0765
threshold=0.87366262078285228 0.31273397803306585 0.69920634920634928 0.32457846403121954 1.4332425842646461 0.20126582278481017 2.1355429887771611 7.7516245238409329 5.4040949606529454 0.40099414548644935 21.533696043175933 0.37724913656711584 0.27121284604072576 1.4757532477378847
decision_type=2 2 2 2 2 2 2 2 2 2 2 2 2 2
left_child=5 4 3 -3 -2 -1 7 9 -9 10 12 -12 -7 -14
right_child=1 2 -4 -5 -6 6 -8 8 -10 -11 11 -13 13 -15
leaf_value=-0.015135454326859388 -0.070580351222841051 0.02572975575202259 -0.063661949607397086 -0.037164946600189777 0.025511592882726 0.011082095964694463 -0.045689983240688098 -0.023909321661696768 0.071120443185722068 -0.0059968766987036444 0.02502216077941365 -0.052084164698106776 -0.014808964376726417 0.0077351199551029667
leaf_weight=50.211865573190153 7.0807366715744156 12.641055269166833 2.7590642049908629 4.1789271803572765 1.3753146566450594 135.82150195352733 6.2255571968853465 3.0083626918494684 6.2246546000242233 180.22986426390707 66.067280751653016 2.8953315392136565 114.747518629767 121.12142432108521
leaf_count=390 51 51 14 54 6 607 226 24 17 893 316 17 736 729
internal_value=-0.000199208 -0.020339 -0.00392646 0.00889487 -0.0539066 0.000651579 0.00191908 0.00246111 0.0408465 0.00182552 0.00503127 0.0210867 0.00200379 -0.00324853
internal_weight=714.588 28.0351 19.579 16.82 8.45605 686.553 636.341 630.116 9.23302 620.883 440.653 68.9626 371.69 235.869
internal_count=4131 176 119 105 57 3955 3565 3339 41 3298 2405 333 2072 1465
is_linear=0
shrinkage=0.05


Tree=121
num_leaves=15
num_cat=0
split_feature=6 28 22 55 31 13 21 34 43 4 13 24 4 12
split_gain=4.85474 4.96706 5.97474 8.49174 5.30892 9.39922 11.6476 8.65184 7.77757 7.66708 7.90526 9.0156 7.59805 7.0477
threshold=0.30452764034271246 0.87812782634911069 0.43341963985061382 0.43464355170726782 0.31057781919850891 0.48195256175220674 0.19478319783197837 11.493267783607207 11.354939422041637 4.0837790966033944 1.0750118593841786 1.8359039120445748 1.6550552248954775 4.134282350540162
decision_type=2 2 2 2 2 2 2 2 2 2 2 2 2 2
left_child=-1 2 3 -2 9 7 12 8 -6 10 -3 -12 -7 -13
right_child=1 4 -4 -5 5 6 -8 -9 -10 -11 11 13 -14 -15
leaf_value=-0.035604093427481873 0.036246769754559725 0.0092243873107934332 -0.036516937815821486 -0.034309423522465451 -0.0070146634195867507 -0.011090908625378933 -0.026348261686239369 -0.034909818920365196 0.027302472226528776 -0.012152346284137507 -0.064306078910319212 0.0055454079732759967 0.032450392174533431 -0.04135163232697716
leaf_weight=8.5535827996209246 8.5414417162537557 360.14479518961161 18.488604784943163 6.7260167486965647 26.527647506445646 23.39123213943094 74.659738882444799 9.4551565200090391 41.289236206561327 62.534931799396873 5.9222879009321323 41.486785620450974 16.077291540801525 8.8804356548935157
leaf_count=76 33 1982 116 45 120 144 520 45 172 380 69 243 76 110
internal_value=-0.000200724 0.000279233 -0.018152 0.0049652 0.00123298 -0.0057866 -0.0148518 0.00762106 0.0139719 0.00404428 0.00649977 -0.0107892 0.007009 -0.00336724
internal_weight=712.679 704.126 33.7561 15.2675 670.37 191.4 114.128 77.272 67.8169 478.969 416.434 56.2895 39.4685 50.3672
internal_count=4131 4055 194 78 3861 1077 740 337 292 2784 2404 422 220 353
is_linear=0
shrinkage=0.05


Tree=122
num_leaves=15
num_cat=0
split_feature=38 36 51 19 55 12 27 4 51 50 5 27 21 30
split_gain=4.61227 5.18222 9.75928 12.3335 7.52145 9.51614 10.8202 7.99565 11.1742 7.36316 7.32418 7.13754 7.00362 9.63433
threshold=0.75930752028292092 12.665254219656637 0.66465863453815277 1.2014958110153582 0.30555227398872381 1.6117638945579531 0.10908536740574551 2.7023756504058842 0.46821976838136287 1.4583585053478385 0.22585575282573703 0.33435227728406874 0.23166368515205729 130.50000000000003
decision_type=2 2 2 2 2 2 2 2 2 2 2 2 2 2
left_child=-1 12 3 -3 11 -6 -7 8 -8 -4 -11 -5 13 -2
right_child=1 2 9 4 5 6 7 -9 -10 10 -12 -13 -14 -15
leaf_value=-0.037375296243957704 0.016107993016958665 -0.017244919714189903 0.04201534120935925 0.042008616529383716 -0.049774500489102987 -0.066645065570324555 0.040660555350282949 0.03671984904769135 -0.030170767942732397 -0.058524835075259185 0.013349858797125372 0.00018365188695241647 -0.0017821260564793292 -0.016044717802227687
leaf_weight=7.2488423800095907 151.61933953687549 153.04227971471846 16.940043207257986 20.220696106553078 9.3043768610805255 3.9268688932061186 7.2879368439316776 17.106215359643102 16.06231718044728 3.564231492578986 14.893023326992987 19.658927194774151 243.2449600584805 26.665167480707169
leaf_count=119 874 842 68 71 56 25 32 71 90 23 67 79 1406 308
internal_value=-0.000204615 0.000230877 -0.00500544 -0.00854321 0.00572149 -0.00647641 0.00349721 0.0117489 -0.00730141 0.0191994 -0.00282421 0.0218996 0.00373758 0.0112364
internal_weight=710.785 703.536 282.007 246.61 93.5673 53.6877 44.3833 40.4565 23.3503 35.3973 18.4573 39.8796 421.529 178.285
internal_count=4131 4012 1424 1266 424 274 218 193 122 158 90 150 2588 1182
is_linear=0
shrinkage=0.05


Tree=123
num_leaves=15
num_cat=0
split_feature=32 53 16 43 43 36 31 25 49 7 50 21 25 13
split_gain=4.86373 8.7852 7.07402 7.83404 9.48759 8.32025 7.89657 13.63 8.92854 8.43703 8.20906 9.32285 10.3925 9.92345
threshold=0.74106002554278427 0.94590643274853814 1.0000000180025095e-35 4.2174360451679096 1.0929145110949596 6.2103028409986276 0.15034246575342466 0.52401700615882885 0.060399357899161767 0.82729285955429088 31.484269891316416 0.22335600907029482 2.7371727228164677 0.72369137881056256
decision_type=2 2 2 2 2 2 2 2 2 2 2 2 2 2
left_child=2 -2 3 4 5 -1 8 -8 -5 -10 11 12 13 -9
right_child=1 -3 -4 6 -6 -7 7 10 9 -11 -12 -13 -14 -15
leaf_value=-0.032363375055108258 -0.019067504697827441 0.010256353711292805 0.015801661741274054 -0.058403860912356997 -0.02878455117027244 0.044773732668030752 -0.049653607866135235 -0.00063737454488124756 0.015827110336546046 -0.060049730491941025 0.029691263581388017 -0.0092638094934043898 -0.031385869412823557 0.032142700864428747
leaf_weight=4.5466334009543052 77.603260373696685 37.069167841225863 75.647420461289585 3.4440202256664625 44.048776023089886 8.8434251286089403 13.682253363542257 47.342923471704125 132.64870042912662 2.8017544820904723 20.19739287160337 184.84541795402765 12.720505226403473 43.993852729909122
leaf_count=43 367 168 361 34 540 50 220 229 706 24 81 1012 79 217
internal_value=-0.000199489 -0.00958152 0.00162244 -0.00047021 -0.0177192 0.0181527 0.00170946 -0.00258354 0.0116333 0.013829 -0.000346591 -0.00254173 0.00937376 0.0153288
internal_weight=709.436 114.672 594.763 519.116 57.4388 13.3901 461.677 322.782 138.894 135.45 309.1 288.903 104.057 91.3368
internal_count=4131 535 3596 3235 633 93 2602 1838 764 730 1618 1537 525 446
is_linear=0
shrinkage=0.05


Tree=124
num_leaves=15
num_cat=0
split_feature=22 3 4 28 53 22 13 25 28 53 42 22 26 27
split_gain=4.77811 7.06331 7.47592 7.36814 6.32865 5.96318 15.8593 13.0539 8.15477 7.52913 9.0544 9.1827 8.28172 11.7232
threshold=0.066551861429267875 0.4777667984189724 1.6825299263000491 1.1476034858387802 0.56125000000000014 0.43341963985061382 0.99591100781751296 2.7371727228164677 0.87812782634911069 0.7231800766283526 0.6275041699409486 1.4649038218798622 1.9127002954483034 0.47437308511778287
decision_type=2 2 2 2 2 2 2 2 2 2 2 2 2 2
left_child=1 2 -1 -4 -5 6 -2 8 -7 10 11 -10 -11 -14
right_child=5 -3 3 4 -6 7 -8 -9 9 12 -12 -13 13 -15
leaf_value=-0.044571625029584505 0.012347432647596379 0.0106572411202143 -0.028892935366188945 -0.041762123344751143 0.0431181819555332 -0.032082552420529035 -0.024962166444200143 -0.031943151273288208 -0.022328828584208218 -0.025320997100533774 0.015531796226148979 0.029067152958534011 -0.014578805274970411 0.015197125821994732
leaf_weight=21.468064276501536 209.24618343170732 20.984084643423557 12.564683458767833 1.9725612448528398 8.7425896078348142 17.627849026583135 31.997325437143445 33.670946143567562 35.040374267846346 39.763174276798964 133.61302194278687 10.517850536853073 64.295998617075384 65.95153846219182
leaf_count=182 1078 92 92 18 49 113 252 203 215 384 760 42 330 321
internal_value=-0.000200068 -0.0129343 -0.0239884 -0.00395313 0.0252615 0.0011224 0.00731626 -0.00261762 0.000153813 0.00186818 0.00899607 -0.0100938 -0.00565246 0.000499311
internal_weight=707.456 65.732 44.7479 23.2798 10.7152 641.724 241.244 400.481 366.81 349.182 179.171 45.5582 170.011 130.248
internal_count=4131 433 341 159 67 3698 1330 2368 2165 2052 1017 257 1035 651
is_linear=0
shrinkage=0.05


Tree=125
num_leaves=15
num_cat=0
split_feature=55 12 26 26 3 35 50 4 2 2 26 4 51 17
split_gain=4.65915 7.55232 8.24516 7.50997 8.54054 8.79064 7.46894 11.0988 7.64964 7.64386 7.23944 7.20461 8.03883 7.79912
threshold=2.4223345518112187 10.446667194366457 1.9865373175777419 5.3545057773590097 1.0000000180025095e-35 1.6236890140961904 23.301036382321396 3.6105476617813115 0.13327449560165408 0.35718911886215216 1.4266745284443363 1.6550552248954775 0.66465863453815277 0.50274725274725285
decision_type=2 2 2 2 2 2 2 2 2 2 2 2 2 2
left_child=6 3 -3 4 -2 -6 7 8 -1 -9 -8 12 -10 -13
right_child=1 2 -4 -5 5 -7 10 9 11 -11 -12 13 -14 -15
leaf_value=-0.056701841597256823 -0.029580033964410793 -0.03114490280373914 0.027306031628699684 -0.05722585521821804 -0.041264856347782958 0.0079607028652789857 -0.035447865372535615 -0.039966216828475266 -0.0049256145966362179 0.013102985339729851 0.02943125295482333 0.015717128151141745 0.017988245109234028 -0.012937627145097145
leaf_weight=4.4563059639185658 35.968050941824913 7.0653469776734736 23.764412865974009 8.3843563552945835 9.7335191145539266 57.499621634371579 4.0063079055398694 25.868978033773601 268.8866381123662 8.5275171836838108 36.376623241230845 143.69919335469604 43.609966931864619 27.619878122583032
leaf_count=47 512 106 118 80 65 318 42 166 1431 40 157 697 205 147
internal_value=-0.00020026 -0.00824696 0.013353 -0.0142804 -0.0102757 0.00033387 0.00184604 0.000226641 0.00218222 -0.0268109 0.0222937 0.00284042 -0.00168073 0.0110492
internal_weight=705.467 142.415 30.8298 111.586 103.201 67.2331 563.051 522.668 488.272 34.3965 40.3829 483.816 312.497 171.319
internal_count=4131 1199 224 975 895 383 2932 2733 2527 206 199 2480 1636 844
is_linear=0
shrinkage=0.05


Tree=126
num_leaves=15
num_cat=0
split_feature=17 17 26 55 12 2 26 44 24 17 4 50 29 45
split_gain=4.54534 5.48405 6.99223 6.25756 8.60578 6.8178 8.44656 9.93359 9.86175 8.42256 8.2437 8.26827 7.48928 7.206
threshold=0.67584541062801951 0.62089371980676333 4.0765916242665083 2.5316654443740849 10.446667194366457 0.27240242063999182 4.1329786330289009 1.6434871554374697 3.1062739668390642 0.49725274725274732 4.0837790966033944 31.484269891316416 145.00000000000003 0.48089094449853947
decision_type=2 2 2 2 2 2 2 2 2 2 2 2 2 2
left_child=1 3 -3 5 -5 10 -7 8 -8 13 11 12 -1 -9
right_child=-2 2 -4 4 -6 6 7 9 -10 -11 -12 -13 -14 -15
leaf_value=-0.00015252063435820408 -0.020825406542244761 0.00041312969556245836 0.056100896988226227 -0.017350454240043691 0.014319732479602774 0.012035301520168525 -0.064620823622606779 -0.0033802299829940514 -0.0013511425809178586 -0.038590940959715714 -0.043194621892548836 0.047733955244563801 -0.027098797722133312 0.036099014155123933
leaf_weight=186.60766632203013 24.748557014390826 13.009498514235021 8.9668059181421977 96.013171033933759 26.715589785017073 221.60329661425203 11.463330257683994 26.914800414815545 12.261892881244419 8.3484622091054899 11.878001854754983 7.0502950157970181 28.922517085447907 19.057293184101582
leaf_count=958 171 89 31 864 202 1124 81 121 68 39 82 29 187 85
internal_value=-0.000204931 0.000576391 0.0245877 -0.00026313 -0.0103965 0.00208042 0.00706708 -0.00701347 -0.0332984 0.0048612 -0.00429573 -0.00203598 -0.00387696 0.0134056
internal_weight=703.561 678.813 21.9763 656.836 122.729 534.108 299.649 78.0458 23.7252 54.3206 234.458 222.58 215.53 45.9721
internal_count=4131 3960 120 3840 1066 2774 1518 394 149 245 1256 1174 1145 206
is_linear=0
shrinkage=0.05


Tree=127
num_leaves=15
num_cat=0
split_feature=32 1 28 20 3 55 27 22 51 49 52 22 5 28
split_gain=4.47936 6.6686 9.16278 7.11612 6.58647 8.25635 9.49817 8.21437 7.84221 7.70385 7.56554 7.46047 8.22776 7.22584
threshold=0.74106002554278427 0.17580305784940722 1.017542515703999 0.86824839879236826 0.51564027370478993 0.35189196467399603 0.36110000906743372 0.066586275271486667 0.54334406870638763 1.5614674329956528 7.5000000000000009 0.099993668669626473 0.89248007535934459 0.98542159180457067
decision_type=2 2 2 2 2 2 2 2 2 2 2 2 2 2
left_child=4 2 -2 -3 7 6 8 10 -6 -8 -1 -9 -13 -14
right_child=1 3 -4 -5 5 -7 9 11 -10 -11 -12 12 13 -15
leaf_value=-0.040350597045289933 0.023119481123399593 -0.036323507047435609 -0.012800737038181506 0.020709054551460659 -0.067869711703799643 0.027279240477009522 -0.037017767768385147 0.027764787332210463 0.0088932473294574283 0.032429717944978724 0.00091910881214809234 -0.014433970499725543 -0.015330739210832833 0.0058619419970220178
leaf_weight=22.763614228926599 25.56019751727581 30.224744323641062 52.550605986267328 5.9458035975694647 7.2705646157264692 49.502063415944576 4.345290973782542 24.361957390792668 5.2182145863771439 15.642395399510859 20.765087260864675 80.800094276666641 45.188632394187152 311.64417598862201
leaf_count=223 108 152 252 23 35 218 23 127 20 72 123 741 285 1729
internal_value=-0.000197944 -0.00921034 -0.000902901 -0.0266434 0.00156783 0.014624 -0.00490444 -0.000574122 -0.0375142 0.0162875 -0.0210846 0.00139972 -0.000127907 0.0031428
internal_weight=701.783 114.281 78.1108 36.1705 587.502 81.9785 32.4765 505.524 12.4888 19.9877 43.5287 461.995 437.633 356.833
internal_count=4131 535 360 175 3596 368 150 3228 55 95 346 2882 2755 2014
is_linear=0
shrinkage=0.05


Tree=128
num_leaves=15
num_cat=0
split_feature=6 33 25 27 5 17 30 30 42 5 27 44 31 21
split_gain=4.51458 5.16645 4.51738 7.68849 10.1082 7.82283 8.37517 7.77795 7.06458 6.89319 6.70681 6.55141 8.97284 8.74309
threshold=0.87366262078285228 0.32457846403121954 1.8898441791534426 0.44999113223054349 0.87843811511993419 0.37159579550883903 130.50000000000003 105.50000000000001 3.2222355604171757 1.2208632826805117 0.19197633529188793 0.93907400965690624 0.093541666666666676 0.23368794326241138
decision_type=2 2 2 2 2 2 2 2 2 2 2 2 2 2
left_child=2 -2 3 5 7 6 8 -5 -1 -6 -8 -7 -13 -14
right_child=1 -3 -4 4 9 11 10 -9 -10 -11 -12 12 13 -15
leaf_value=0.011469076661087062 -0.0056638268687606817 -0.052891348285217035 -0.0047745597082487429 -0.045936196776835463 0.036035151875047515 -0.05674171384257496 0.0083700276639334294 0.0030284494300356979 -0.038271650362037855 0.010899043508135175 -0.052033281745853012 0.028074240312724139 0.015204667503513826 -0.02665786424553912
leaf_weight=129.56758140865713 19.978760797530416 7.3248268300667396 245.02420965954661 10.663439263589678 35.347960712388158 7.2184977922588578 7.486935734748843 26.259147408418357 6.5860520061105481 115.91816745977849 9.9766179365105909 12.355167269706724 15.630753669887779 51.534762442111969
leaf_count=749 87 89 1231 96 171 121 59 260 35 679 121 47 80 306
internal_value=-0.000192142 -0.0197548 0.000628953 0.00372238 0.0112632 -0.002204 0.00457288 -0.0119512 0.00880151 0.0169709 -0.0270865 -0.0141213 -0.00959584 -0.0168355
internal_weight=700.873 27.3036 673.569 428.545 188.189 240.356 153.617 36.9226 136.154 151.266 17.4636 86.7392 79.5207 67.1655
internal_count=4131 176 3955 2724 1206 1518 964 356 784 850 180 554 433 386
is_linear=0
shrinkage=0.05


Tree=129
num_leaves=15
num_cat=0
split_feature=35 25 29 40 17 31 55 4 55 30 1 31 28 40
split_gain=4.41943 6.73904 6.62599 4.68067 4.57702 5.32023 11.6532 7.49819 8.03257 7.42575 7.35552 8.51083 10.5889 6.87016
threshold=1.3438483170545859 1.4495859742164614 122.00000000000001 1.3447695507567026 0.68683574879227061 0.31057781919850891 0.92402186989784252 3.7129892110824589 0.022837003692984584 94.500000000000014 0.21900197863578799 0.35574387947269309 1.0435245416913073 6.5319966261236564
decision_type=2 2 2 2 2 2 2 2 2 2 2 2 2 2
left_child=1 3 -3 -1 5 7 10 8 -2 13 11 12 -7 -8
right_child=4 2 -4 -5 -6 6 9 -9 -10 -11 -12 -13 -14 -15
leaf_value=-0.02841252606346616 -0.045844451416380903 -0.090917723010739152 0.007322928999016879 0.034623739803570315 -0.022629446582516911 0.018840847889130593 -0.013927254528926847 -0.010925322318181845 0.0074943462251387295 -0.035180315375489685 0.027071996135967603 0.0044280016538364832 -0.055459356052149369 0.05088465534408413
leaf_weight=5.1013053003698605 6.2003877926617852 4.3380882088094941 2.3233088068664074 4.6965952022001147 19.849180183373392 6.5601689741015461 16.868488420732323 71.125815799459815 400.60895135439932 42.040512602776289 24.301627915352583 77.765167074277997 13.468533173203467 4.302424017339944
leaf_count=46 51 29 13 31 145 25 143 438 2309 367 102 349 66 17
internal_value=-0.000195096 -0.0250357 -0.0601705 0.00221191 0.00043917 0.00116258 -0.00600871 0.00394981 0.00657096 -0.0232548 0.00303636 -0.00315003 -0.0313845 0.000945069
internal_weight=699.551 16.4593 6.6614 9.7979 683.091 663.242 185.307 477.935 406.809 63.2114 122.095 97.7939 20.0287 21.1709
internal_count=4131 119 42 77 4012 3867 1069 2798 2360 527 542 440 91 160
is_linear=0
shrinkage=0.05


Tree=130
num_leaves=15
num_cat=0
split_feature=2 16 32 35 4 23 36 53 50 34 24 19 53 30
split_gain=4.1883 4.85567 7.16625 6.35234 6.60082 5.86333 8.70439 8.05832 12.2898 10.5032 9.24672 7.96999 10.0795 7.96326
threshold=0.40799759328365331 1.0000000180025095e-35 0.78474903474903479 1.3438483170545859 0.75425422191619884 0.28456171756570647 11.777963572124758 0.90161290322580656 1.907912298343218 7.5835952401704558 2.6475274162609792 0.62817818836668782 0.72570532915360519 101.00000000000001
decision_type=2 2 2 2 2 2 2 2 2 2 2 2 2 2
left_child=1 3 -3 4 -1 -5 11 10 9 -9 -8 12 13 -7
right_child=-2 2 -4 5 -6 6 7 8 -10 -11 -12 -13 -14 -15
leaf_value=-0.067011643709454893 -0.026614849460873943 0.017184505919098227 -0.0206321218040546 -0.01192752394403097 -0.0019329059653017374 0.046022303280071744 -0.021391465265071623 -0.0098964251574533424 -0.018454871347743169 0.033578050866071803 0.0012060454163403682 -0.0064617107462200257 -0.00077183048532886915 0.014944907499010049
leaf_weight=6.39624782744795 13.687801946885882 76.068868400529027 14.08120911195874 92.037114382255822 8.3638828583061677 30.281468622386456 91.259704038500786 19.641197193413973 29.536285676062107 43.530557686462998 88.683072290848941 58.132642732933164 61.125733253546059 65.377544563263655
leaf_count=44 112 367 65 892 65 136 493 94 172 190 454 310 383 354
internal_value=-0.000196639 0.000369682 0.0111161 -0.00127621 -0.0325971 -0.000423826 0.00176767 -0.0041585 0.00776275 0.0201175 -0.0103094 0.00927023 0.0151073 0.025157
internal_weight=698.203 684.516 90.1501 594.365 14.7601 579.605 487.568 272.651 92.708 63.1718 179.943 214.917 156.785 95.659
internal_count=4131 4019 432 3587 109 3478 2586 1403 456 284 947 1183 873 490
is_linear=0
shrinkage=0.05


Tree=131
num_leaves=15
num_cat=0
split_feature=6 55 12 42 21 27 6 27 23 26 2 44 33 31
split_gain=4.18855 4.82834 12.2836 6.64564 9.84929 11.1265 8.50121 8.37685 9.80554 11.7095 11.344 8.47961 7.70381 7.75216
threshold=0.30452764034271246 0.091862510889768614 1.7022586464881899 0.72227859497070324 0.26726190476190481 0.23062172491476518 0.74878883361816417 0.37353910110646987 1.1521350670051069 1.9982435654832884 0.25136508047580725 1.7300953865051272 0.09188623353838922 0.19204425711275028
decision_type=2 2 2 2 2 2 2 2 2 2 2 2 2 2
left_child=-1 2 -2 4 6 -6 -3 -5 9 12 -10 -12 -9 -14
right_child=1 3 -4 7 5 -7 -8 8 10 -11 11 -13 13 -15
leaf_value=-0.033937467324255968 0.031789778491787879 -0.013560550867752206 -0.015851142702854485 -0.004721736883899254 0.010320935233545414 -0.034285400727223053 0.023124109298262901 0.048330407891549132 -0.089247492719031485 0.019905888896012511 -0.051680326455070563 0.018647747443722652 0.0068559655291223409 -0.024883260300893786
leaf_weight=8.075065113604067 35.331318140029907 32.324913923628628 20.780841575935483 252.76523548364639 18.156872906722128 54.57039452996105 29.058050395455211 5.5413392409682265 4.0510897058993605 143.04669861029834 5.305977156385782 12.411389606073497 39.916043118573725 35.549138425849378
leaf_count=76 134 203 103 1510 111 380 142 20 25 700 41 53 336 297
internal_value=-0.000190402 0.000253847 0.0141776 -0.00100144 -0.0108384 -0.0231602 0.00389788 0.00166091 0.00821638 0.011351 -0.0231285 -0.00404986 -0.0038143 -0.00822522
internal_weight=696.884 688.809 56.1122 632.697 134.11 72.7273 61.383 498.587 245.822 224.053 21.7685 17.7174 81.0065 75.4652
internal_count=4131 4055 237 3818 836 491 345 2982 1472 1353 119 94 653 633
is_linear=0
shrinkage=0.05


Tree=132
num_leaves=15
num_cat=0
split_feature=6 32 33 2 43 22 22 35 21 6 6 45 45 26
split_gain=4.22064 5.31467 5.96606 4.28571 5.21324 6.61611 7.09625 8.14351 9.09737 5.86405 5.63536 8.34223 8.29357 8.72815
threshold=0.87366262078285228 0.5929064657878218 0.32457846403121954 0.40799759328365331 23.249257019608514 0.23294069569627476 0.43281231598862718 2.6953916863238785 0.4160256410256411 0.40672464668750768 0.74878883361816417 0.79329085457271376 0.65345368916797497 6.4327435493469247
decision_type=2 2 2 2 2 2 2 2 2 2 2 2 2 2
left_child=3 2 -2 4 10 -6 -7 8 -8 -10 12 -12 -1 -14
right_child=1 -3 -4 -5 5 6 7 -9 9 -11 11 -13 13 -15
leaf_value=-0.0080746697791627253 0.013487905193777764 -0.050971840785988126 -0.045004647882289479 -0.026638043668508651 -0.015587041173044726 0.048245451662233721 0.029867318011397193 -0.026884698219885053 0.024929456547198223 -0.065395602802251235 0.0096431708742235195 -0.03454887008384952 0.011941184594087087 -0.053037891562338013
leaf_weight=294.09069081442431 13.750754496082669 7.9666184186935416 5.1972741363570085 13.131414000876246 15.854449538514016 15.471210166811941 35.636635379865766 10.723153119906781 2.2109015360474578 3.7394732721149921 166.71721766609699 10.432637981139122 95.486325841397047 4.4794440604746333
leaf_count=1753 59 39 78 108 83 66 162 59 10 20 919 81 666 28
internal_value=-0.000188513 -0.019237 -0.00400788 0.000606617 0.00119273 0.0127738 0.0195377 0.0103014 0.0202959 -0.0330766 -0.000522322 0.00686131 -0.00385063 0.00853302
internal_weight=694.888 26.9146 18.948 667.974 654.842 83.6358 67.7814 52.3102 41.587 5.95037 571.206 177.15 394.056 99.9658
internal_count=4131 176 137 3955 3847 400 317 251 192 30 3447 1000 2447 694
is_linear=0
shrinkage=0.05


Tree=133
num_leaves=15
num_cat=0
split_feature=33 31 33 25 52 32 49 21 53 7 44 5 30 44
split_gain=4.00052 4.88755 8.27938 11.6917 11.8433 10.3472 8.44674 8.38102 8.25631 11.5156 10.7622 8.21619 8.19834 7.30392
threshold=2.1355429887771611 0.15034246575342466 0.28256368637084966 0.55341276526451122 2.5000000000000004 0.6319659442724459 1.6070868119002293 0.24509048902579902 0.7231800766283526 0.68785139918327343 1.7048758268356325 0.87843811511993419 108.50000000000001 2.3369098901748662
decision_type=2 2 2 2 2 2 2 2 2 2 2 2 2 2
left_child=1 -1 11 -4 6 8 7 -5 10 -10 12 -3 -6 -13
right_child=-2 2 3 4 5 -7 -8 -9 9 -11 -12 13 -14 -15
leaf_value=0.0064126072998252973 -0.035570384827182659 -0.01961703575251228 -0.053456709515732163 0.014557801167217358 0.0031211552096905488 -0.04029065220693262 0.036026090893390358 -0.043307032173874438 0.0035287448287590201 -0.037622687557294171 0.027528766659480772 0.013180737943832115 -0.047803773506944945 -0.0067906086566429102
leaf_weight=216.58863253798336 6.8997333548031738 32.013232976198196 13.262818462215362 17.86617507040501 24.958456713706255 27.951766368001699 23.066326136700809 8.3782561812549812 30.412074487656355 37.100005104206502 29.221126651391387 150.69086889736354 10.491197273135183 64.833024872466922
leaf_count=1228 255 146 251 95 138 154 100 61 167 336 127 682 93 298
internal_value=-0.000191866 0.000214734 -0.00264747 -0.00962119 -0.00660454 -0.0131903 0.0146196 -0.00482647 -0.00720011 -0.0193043 0.00553744 0.00364022 -0.0128479 0.00716942
internal_weight=693.734 686.834 470.245 222.708 209.445 160.135 49.3108 26.2444 132.183 67.5121 64.6708 247.537 35.4497 215.524
internal_count=4131 3876 2648 1522 1271 1015 256 156 861 503 358 1126 231 980
is_linear=0
shrinkage=0.05


Tree=134
num_leaves=15
num_cat=0
split_feature=38 22 43 13 2 22 21 5 14 5 32 28 33 31
split_gain=3.92519 4.75428 4.46469 7.01698 7.99246 7.41463 6.61159 6.2466 6.20938 10.3717 8.05631 6.09974 10.5991 6.90655
threshold=0.75930752028292092 1.499905030044397 17.877906638001743 0.93211169872716637 0.27953985333442694 0.23305461493488722 0.11237373737373739 3.5797699689865117 0.095413284396034539 0.94149911403656017 0.74106002554278427 0.97258225324027925 0.22661898285150531 0.21676706827309242
decision_type=2 2 2 2 2 2 2 2 2 2 2 2 2 2
left_child=1 -1 7 8 6 -6 -5 11 -4 -10 -11 12 -2 -13
right_child=2 -3 3 4 5 -7 -8 -9 9 10 -12 13 -14 -15
leaf_value=-0.055065170414739545 0.0082308377633191054 0.032160711828374523 0.028557186656260353 0.014441584197702041 -0.055065380010727506 0.020131621052152965 -0.058806894049551743 -0.037155085386763924 -0.039731085993395698 0.015749809900514 -0.026229871340499547 0.0068697216859216065 -0.03595851093526338 -0.0057090473789778023
leaf_weight=5.357608087360858 23.247313383966684 1.3400311917066572 38.561629217118025 3.7156833186745635 2.9973477981984642 17.48461745493114 10.742491120472549 11.501436078920959 10.467138100415466 88.456241874024272 12.183572694659231 218.74953267909586 30.581694578751922 215.78117258800194
leaf_count=111 98 8 191 16 19 108 72 90 51 401 58 1388 247 1273
internal_value=-0.000197227 -0.0357026 0.000201777 0.00682541 -0.0130892 0.00707616 -0.0402659 -0.0022532 0.0115305 0.00541905 0.0104596 -0.00135698 -0.0170723 0.000624535
internal_weight=691.168 6.69764 684.47 184.609 34.9401 20.482 14.4582 499.861 149.669 111.107 100.64 488.36 53.829 434.531
internal_count=4131 119 4012 916 215 127 88 3096 701 510 459 3006 345 2661
is_linear=0
shrinkage=0.05


Tree=135
num_leaves=15
num_cat=0
split_feature=33 32 50 49 51 22 1 50 3 35 28 22 5 35
split_gain=3.79574 4.29731 6.32168 11.5104 9.24884 9.72239 7.1636 8.30241 11.4602 6.10546 5.77807 6.83696 5.90787 5.27134
threshold=2.1355429887771611 0.74106002554278427 1.4583585053478385 1.2356329439051752 0.39886363636363642 0.40007966755441277 0.16709408909082415 0.72853379695468445 0.76095238095238105 2.2154745811439436 1.1289077212806029 0.36673969525821171 1.311031758785248 2.3744217529055245
decision_type=2 2 2 2 2 2 2 2 2 2 2 2 2 2
left_child=1 13 4 10 9 -6 7 8 -7 -3 11 12 -4 -1
right_child=-2 2 3 -5 5 6 -8 -9 -10 -11 -12 -13 -14 -15
leaf_value=0.0049696415445249576 -0.035087291136226328 -0.065947312867132152 -0.057758175637448207 -0.084308930683781036 0.021785187539963141 -0.071078150483117497 -0.047696568922575136 0.024655039996235004 0.029600253988693367 0.0087303454205661605 -0.039813060486297319 0.048847719274711481 0.019929993868709708 -0.0056912113138535315
leaf_weight=409.38118245732039 6.7100879251956931 7.3865827023982984 3.7502992115914875 6.0810779631137839 38.901729688048363 6.0777886807918566 10.015080012381075 14.317696236073969 3.9719438888132572 3.7476841360330582 8.8101703971624357 5.4490250572562209 4.2755718342959881 160.68097518151626
leaf_count=2363 255 38 20 32 171 33 47 61 19 12 49 24 19 988
internal_value=-0.00020129 0.00019233 -0.00868098 -0.0286649 -0.00170906 0.00492215 -0.0142338 0.00085752 -0.0322094 -0.0421635 -0.0105123 0.0100722 -0.018749 0.00196001
internal_weight=689.557 682.847 112.785 28.3661 84.4185 73.2842 34.3825 24.3674 10.0497 11.1343 22.2851 13.4749 8.02587 570.062
internal_count=4131 3876 525 144 381 331 160 113 52 50 112 63 39 3351
is_linear=0
shrinkage=0.05


Tree=136
num_leaves=15
num_cat=0
split_feature=7 33 29 28 31 3 14 8 45 5 30 8 28 37
split_gain=3.82384 7.67606 11.178 9.53342 9.20179 8.00833 6.63535 8.82989 6.58856 6.50637 5.57262 7.20067 5.54865 5.93929
threshold=0.73452958464622509 0.32457846403121954 99.500000000000014 1.3042929292929295 0.15247584541062806 0.52985739750445637 0.4691828226929618 0.4179432094097138 0.37161172161172168 0.85859459638595592 107.50000000000001 0.32711446285247808 0.87812782634911069 2.0101047633009252
decision_type=2 2 2 2 2 2 2 2 2 2 2 2 2 2
left_child=12 4 8 5 -2 -4 -6 10 -3 -10 -8 -12 13 -1
right_child=1 2 3 -5 6 -7 7 -9 9 -11 11 -13 -14 -15
leaf_value=0.030572121656844878 0.028674950434559799 -0.027434565826836767 -0.044098560021167049 0.019894164537032993 0.0011847735970124866 0.0046394759671927795 -0.06643637546166313 0.034042066385307761 -0.030481116675727178 0.050872115474893634 0.020628788322267239 -0.056941130117847683 0.0034803522426891521 -0.04633366007570363
leaf_weight=2.5147114749997845 24.499389383941889 5.2909968541935113 44.511199359316379 8.4992711720988137 110.67251249868423 10.124267326667903 9.6091174520552212 4.0508535094559184 2.4016396794468156 10.539053825661538 6.1357947438955289 4.231753209605813 435.94152818620205 9.7110098134726268
leaf_count=20 105 60 523 60 562 49 54 16 17 45 22 23 2512 63
internal_value=-0.000208565 -0.00528111 -0.0176728 -0.0275418 0.00112305 -0.0351461 -0.00406251 -0.0273135 0.0161577 0.0346705 -0.0407849 -0.013257 0.00251996 -0.0293994
internal_weight=688.733 240.566 81.3664 63.1347 159.199 54.6355 134.7 24.0275 18.2317 12.9407 19.9767 10.3675 448.167 12.2257
internal_count=4131 1536 754 632 782 572 677 115 122 62 99 45 2595 83
is_linear=0
shrinkage=0.05


Tree=137
num_leaves=15
num_cat=0
split_feature=45 31 33 43 13 21 50 2 45 1 37 13 2 17
split_gain=3.77534 5.90691 8.21986 9.12397 10.6941 8.99397 8.01496 7.90153 9.26835 7.72168 7.10524 7.48958 7.13544 6.99431
threshold=0.90967365967365976 0.078023538961038974 0.35546143352985388 4.6059508181786191 5.8356496960517825 0.40946348733233989 0.59429526103243957 0.19132671505212787 0.60128205128205137 0.17404185235500338 3.182117137685498 1.1536565016030762 0.29638844728469854 0.32045177045177048
decision_type=2 2 2 2 2 2 2 2 2 2 2 2 2 2
left_child=1 6 7 -4 5 10 -1 13 -9 -7 12 -12 -5 -3
right_child=-2 2 3 4 -6 9 -8 8 -10 -11 11 -13 -14 -15
leaf_value=-0.038269267323209268 -0.024972310853694633 0.0085677985602034355 -0.038477020757599845 -0.033623931232889169 0.046890868506496278 -0.00065436280136745625 0.016989163965542359 0.00054836578927648346 0.020788465752567861 -0.054437312978953045 0.0098385634158277124 -0.029587393988828082 0.00321382003908346 -0.059541756862753405
leaf_weight=6.2088310169056049 14.050178967881946 5.9725988656282416 22.856469074264169 30.086516100913286 8.2520974036306125 10.769712287001314 79.046690837480128 293.95518864132464 69.054185941815376 16.652787057682872 86.557289546355605 12.984260100405661 22.497890690341592 8.2756654117256385
leaf_count=63 257 25 251 255 29 93 526 1399 304 141 468 122 157 41
internal_value=-0.000205003 0.000348207 -0.00144214 -0.00933024 -0.0055979 -0.00825665 0.0125679 0.00297552 0.00444511 -0.0340812 -0.0034093 0.00445269 -0.0180973 -0.032302
internal_weight=687.22 673.17 587.915 210.657 187.801 179.548 85.2555 377.258 363.009 27.4225 152.126 99.5415 52.5844 14.2483
internal_count=4131 3874 3285 1516 1265 1236 589 1769 1703 234 1002 590 412 66
is_linear=0
shrinkage=0.05


Tree=138
num_leaves=15
num_cat=0
split_feature=22 53 7 49 22 13 25 2 9 13 13 17 50 22
split_gain=3.74304 5.78991 7.42805 9.02987 5.50026 13.0406 10.5865 7.95518 10.7524 6.97117 6.73796 8.30342 7.6924 7.33076
threshold=0.066551861429267875 0.59629629629629644 0.64633271098136913 1.8335918278913914 0.43341963985061382 0.99591100781751296 2.7371727228164677 0.27240242063999182 0.94201680672268917 5.8356496960517825 0.76198380991999237 0.51099033816425132 0.69676907414662204 1.0320634319933237
decision_type=2 2 2 2 2 2 2 2 2 2 2 2 2 2
left_child=1 -1 -3 -4 5 -2 7 8 -6 -7 12 -12 13 -9
right_child=4 2 3 -5 6 9 -8 10 -10 -11 11 -13 -14 -15
leaf_value=-0.033921378560454706 0.011619928996028895 0.030624023621843022 -0.037304689253487337 0.014424120773595232 -0.0056679043942790127 -0.035249118502583443 -0.029513906215815879 0.0042161593537756109 -0.071055683215631965 0.019746066820692628 0.023509067149222438 -0.031230412517305746 0.0033645688497239328 -0.074087493649614505
leaf_weight=19.127816588617861 203.28882838599384 11.95265203155577 17.565651739947498 14.70371440798044 154.52872466715053 23.931895743589852 32.567761142738163 5.2705505993217212 5.569675398990511 6.7804743936285368 68.670132054481655 6.8277588915079823 108.72811392974108 5.6091950871050358
leaf_count=153 1078 76 127 77 993 218 203 27 30 34 405 96 580 34
internal_value=-0.00020873 -0.0116888 -0.0015349 -0.0140091 0.00097782 0.0070154 -0.00267424 -0.000137428 -0.00836963 -0.0228678 0.00662593 0.0182151 -0.000779661 -0.0389925
internal_weight=685.123 63.3498 44.222 32.2694 621.773 234.001 387.772 355.204 160.098 30.7124 195.106 75.4979 119.608 10.8797
internal_count=4131 433 280 204 3698 1330 2368 2165 1023 252 1142 501 641 61
is_linear=0
shrinkage=0.05


Tree=139
num_leaves=15
num_cat=0
split_feature=44 29 31 35 29 29 25 43 33 28 43 13 21 43
split_gain=3.75341 9.22082 6.60765 8.31178 9.40275 7.80135 7.10128 6.77648 6.71674 6.98406 7.0016 8.55287 11.896 7.1375
threshold=0.33684520423412329 85.000000000000014 0.078023538961038974 3.1782094042056261 170.50000000000003 108.50000000000001 0.60101589560508739 0.96001270482342693 0.35546143352985388 0.98542159180457067 4.0825339163649028 5.8356496960517825 0.40946348733233989 1.9216223696694754
decision_type=2 2 2 2 2 2 2 2 2 2 2 2 2 2
left_child=1 -1 3 4 5 -2 -7 -5 -4 -10 13 12 -12 -11
right_child=2 -3 8 7 -6 6 -8 -9 9 10 11 -13 -14 -15
leaf_value=0.042611142479807879 -0.013153449918063451 -0.02526969518214189 0.0027496049860282756 0.048854871632666635 -0.048699253694295806 0.079131055072013387 0.025175977095372871 -0.03763689976702092 -0.03985426076491709 0.026697010628800075 -4.844451753184337e-06 0.043589599435472463 -0.038057967502682061 -0.058460541843590279
leaf_weight=4.9524848051369181 10.482232531532643 32.439351738896221 367.8582740938291 1.8972222506999958 3.67263189703226 6.4394040349870911 48.203227799385786 10.778613368980585 15.488017036579548 2.5326456110924473 137.60436915699393 8.3180188890546543 23.141413929872215 9.9508862011134607
leaf_count=26 59 603 1730 5 51 24 214 87 140 15 864 29 188 96
internal_value=-0.000213721 -0.0154033 0.00068742 0.0139084 0.0207578 0.025352 0.0328422 -0.0220657 -0.00124063 -0.00866652 -0.00580211 -0.00301814 -0.0056845 -0.0404852
internal_weight=683.759 37.3918 646.367 81.4733 68.7975 65.1249 54.6426 12.6758 564.894 197.035 181.547 169.064 160.746 12.4835
internal_count=4131 629 3502 440 348 297 238 92 3062 1332 1192 1081 1052 111
is_linear=0
shrinkage=0.05


Tree=140
num_leaves=15
num_cat=0
split_feature=51 1 36 8 45 17 26 28 20 35 43 25 44 21
split_gain=3.79274 11.8626 6.1967 7.34487 7.75711 9.79204 11.9391 7.6558 6.85875 9.33175 8.97906 6.76563 6.54543 7.88114
threshold=0.66465863453815277 0.17488130927085879 12.748042580986459 0.30056141316890722 0.45027472527472534 0.16393932154801724 2.8398766517639165 1.0517857142857145 0.95147220251957376 1.6155983513664125 16.638689956082409 3.1278010606765752 0.44148889183998113 0.23166368515205729
decision_type=2 2 2 2 2 2 2 2 2 2 2 2 2 2
left_child=2 -2 12 -4 8 6 -6 -8 9 10 -5 -9 -1 -14
right_child=1 -3 3 4 5 -7 7 11 -10 -11 -12 -13 13 -15
leaf_value=-0.019890955167333191 0.027348327532369977 -0.014948471925657989 -0.058864613585387505 -0.025777825842934629 -0.06807972789607479 0.011804803181274866 -0.037014400593933704 0.024623202851981957 0.0091927221533064755 -0.032723015993956044 0.038812781967589853 -0.033849757578850587 0.013441717529511031 -0.0017961421852335322
leaf_weight=29.077740075066686 41.461694905068725 26.370431169867516 5.8548159021884194 9.8465587086975592 8.115697671659289 84.576617620885372 11.007511714473365 19.963790984824303 19.994098728522658 60.409312712028623 9.7168921753764135 5.5348338559269896 142.22387106763199 207.72446539718658
leaf_count=522 230 154 35 62 50 387 62 102 104 368 36 45 756 1218
internal_value=-0.000204114 0.0109267 -0.00144948 -0.00781076 -0.00625633 0.00184459 -0.016879 -0.00398489 -0.0166406 -0.023133 0.00663078 0.0111324 0.00250509 0.00441739
internal_weight=681.878 67.8321 614.046 235.02 229.165 129.198 44.6218 36.5061 99.9669 79.9728 19.5635 25.4986 379.026 349.948
internal_count=4131 384 3747 1251 1216 646 259 209 570 466 98 147 2496 1974
is_linear=0
shrinkage=0.05


Tree=141
num_leaves=15
num_cat=0
split_feature=6 8 8 22 55 27 22 50 33 1 12 6 13 55
split_gain=3.73604 5.54518 5.42989 4.95912 3.98901 7.03018 6.92558 6.65543 6.21493 6.15458 5.85002 10.2599 7.92384 9.99929
threshold=0.87366262078285228 0.31273397803306585 0.32449214160442358 1.4332425842646461 2.4223345518112187 0.54603318581915816 1.06539255818825 35.517083804618117 0.21681260317564013 0.17969961464405063 2.3775532245635991 0.58229938149452221 0.44643722098894673 0.67164385318756115
decision_type=2 2 2 2 2 2 2 2 2 2 2 2 2 2
left_child=4 3 -3 -2 10 -6 8 -8 -7 -10 11 -1 13 -13
right_child=1 2 -4 -5 5 6 7 -9 9 -11 -12 12 -14 -15
leaf_value=-0.013618040106987665 -0.066445467962981022 0.039091304298379467 -0.018488989884746666 0.024331217207949153 -0.014180084210115605 -0.020995713466149379 -0.025455870490561579 0.038271460066173157 -0.028915932570364185 0.061126318228437893 0.0085059335902253931 0.029914607339235594 -0.0021824221845076594 -0.020205749780586365
leaf_weight=116.43140275869519 6.6902697975747305 4.7068158574402359 13.510390575043855 1.320258282124996 96.30171156488359 3.4742151722312 14.514622268266978 4.6020513623952857 1.6232183245010663 11.665340832434593 228.07973112072796 48.4934305511415 117.1724808383733 11.702153258025644
leaf_count=634 51 25 94 6 852 15 160 18 42 63 1231 207 657 76
internal_value=-0.000205857 -0.0183535 -0.00235183 -0.0504442 0.000548769 -0.00717739 0.011493 -0.00897462 0.0340259 0.0488736 0.00251563 -0.00214779 0.00541587 0.0200001
internal_weight=680.288 26.2277 18.2172 8.01053 654.06 132.181 35.8794 19.1167 16.7628 13.2886 521.879 293.799 177.368 60.1956
internal_count=4131 176 119 57 3955 1150 298 178 120 105 2805 1574 940 283
is_linear=0
shrinkage=0.05


Tree=142
num_leaves=15
num_cat=0
split_feature=42 4 1 4 29 43 43 17 49 20 13 43 7 55
split_gain=3.65958 6.98134 4.76923 4.46086 4.17671 9.58335 9.17285 8.79527 6.98818 10.2477 6.45094 5.25407 6.70306 7.67401
threshold=3.1687355041503911 0.59915444254875194 0.18376564234495166 1.9227368235588076 155.50000000000003 1.7167693838938727 7.5716424264889541 0.19672718585762067 0.74806205872884923 0.86324659984107222 0.44643722098894673 17.877906638001743 0.73452958464622509 0.13884103298187259
decision_type=2 2 2 2 2 2 2 2 2 2 2 2 2 2
left_child=4 -2 -3 -4 11 -6 -7 -8 9 -9 -10 12 -1 -14
right_child=1 2 3 -5 5 6 7 8 10 -11 -12 -13 13 -15
leaf_value=0.0036887212143219441 -0.061173043660622595 -0.048053069203669765 0.030900419526865997 -0.018138466500445642 0.04224337753779088 -0.047074361978336567 -0.044015734018411426 -0.061359327744941787 0.047065759779469599 0.026695541796261452 0.0014741246732931357 0.0098145983509500285 0.018394109669799704 -0.014633809393778103
leaf_weight=270.43002471979707 6.0044828583486405 3.6625181408599046 9.1343282442539948 7.6535226143896571 7.1310629416257134 16.30926468828693 11.164285634644328 7.5560382995754463 9.5921202301979047 4.643588425591588 29.261897654272616 158.39573756000027 19.748541101813316 118.31619204161689
leaf_count=1545 45 26 46 51 42 274 68 40 35 18 163 811 80 887
internal_value=-0.000195679 -0.0180784 -0.00316335 0.0087809 0.000555855 -0.00966967 -0.0148558 -0.00579927 0.00324284 -0.0283594 0.0136281 0.00211526 -0.000886873 -0.00981125
internal_weight=679.004 26.4549 20.4504 16.7879 652.549 85.6583 78.5272 62.2179 51.0536 12.1996 38.854 566.89 408.495 138.065
internal_count=4131 168 123 97 3963 640 598 324 256 58 198 3323 2512 967
is_linear=0
shrinkage=0.05


Tree=143
num_leaves=15
num_cat=0
split_feature=38 22 20 2 24 32 2 29 43 13 20 13 7 3
split_gain=3.55554 4.37996 3.79478 4.2131 7.45502 5.55016 5.29521 5.88939 5.34239 11.9128 8.48895 6.45424 5.60683 8.66745
threshold=0.75930752028292092 1.499905030044397 8.0052582509154799 0.3807275146245957 3.6648652674250806 0.27326839826839833 0.36943006515502935 126.50000000000001 21.533696043175933 1.0750118593841786 1.4555393690793212 0.6879054635956473 0.73452958464622509 0.22996794871794876
decision_type=2 2 2 2 2 2 2 2 2 2 2 2 2 2
left_child=1 -1 3 6 5 -5 8 -8 12 10 -10 -12 -2 -14
right_child=2 -3 -4 4 -6 -7 7 -9 9 -11 11 -13 13 -15
leaf_value=-0.054437135791901861 0.0014152484986855521 0.030132954030937777 0.024473127965389405 -0.035236424615696094 -0.058501211513921007 0.01968999825320885 0.052927314993356782 -0.020856803610755325 0.023748213419705622 -0.033388523179406271 -0.058029790288290778 0.011598904305921929 -0.022437435565637834 7.1533211969037667e-05
leaf_weight=4.9793731961399308 350.14334975276142 1.3374168183654545 14.704721344634889 6.4431996075436535 7.5118445940315715 11.040876140817998 8.3604244878515583 3.1707639731466761 72.242971304804087 12.456990616396068 5.1080058962106687 6.7189139351248741 73.678639242891222 100.07328708097339
leaf_count=111 2053 8 76 74 55 52 42 19 347 77 23 31 688 475
internal_value=-0.000193935 -0.0348605 0.000183438 -0.000396616 -0.0201239 -0.00136263 0.000414228 0.0325933 -0.000235342 0.0105116 0.0173325 -0.0206531 -0.00223171 -0.00954706
internal_weight=677.971 6.31679 671.654 656.949 24.9959 17.4841 631.953 11.5312 620.422 96.5269 84.0699 11.8269 523.895 173.752
internal_count=4131 119 4012 3936 181 126 3755 61 3694 478 401 54 3216 1163
is_linear=0
shrinkage=0.05


Tree=144
num_leaves=15
num_cat=0
split_feature=16 14 24 49 27 35 36 43 27 36 52 14 55 26
split_gain=3.5218 6.48069 5.41889 5.71639 5.58543 6.96593 5.12274 5.01434 6.29196 4.96773 4.78615 4.9733 4.57953 4.80336
threshold=1.0000000180025095e-35 0.2691752055189876 1.5713692902208354 3.7384911625428487 0.76415200103062364 1.7727075349636769 24.01822104804695 20.479001964260885 0.44724752086603464 8.665265683176564 6.5000000000000009 0.3789550515172006 0.50652176141738903 3.478144764900208
decision_type=2 2 2 2 2 2 2 2 2 2 2 2 2 2
left_child=2 -2 3 -1 -4 -6 7 8 12 -7 11 -10 -3 -14
right_child=1 6 4 -5 5 9 -8 -9 10 -11 -12 -13 13 -15
leaf_value=-0.048256868851040885 0.020370331032331282 -0.073053303916849041 -0.0018163171890966581 0.027381994134136636 0.048362521100110092 -0.057598321076667493 0.051146688842987099 0.025116009985166911 0.01949780353424313 0.015618839184614512 0.036414189548368885 -0.058192475815553195 -0.042174185459768185 0.020920234183476619
leaf_weight=10.296012199018149 51.551262478344142 5.7345527634024682 554.2295457534492 2.4978432841598979 11.462918489240112 2.468373467680065 2.5271126627922049 6.4585392568260422 3.2733002267777902 6.1101834150031209 5.7084644120186567 3.2436521090567112 6.6485562138259393 4.1906560305505991
leaf_count=136 249 28 3405 21 60 33 8 30 20 35 25 19 44 18
internal_value=-0.000193209 0.00899869 -0.0016049 -0.0325748 -0.000859516 0.0244288 -0.00664125 -0.0120796 -0.0209841 -0.00926232 0.00609846 -0.021768 -0.0401714 -0.018074
internal_weight=676.401 89.3361 587.065 12.7939 574.271 20.0415 37.7848 35.2577 28.7992 8.57856 12.2254 6.51695 16.5738 10.8392
internal_count=4131 441 3690 157 3533 128 192 184 154 68 64 39 90 62
is_linear=0
shrinkage=0.05


Tree=145
num_leaves=15
num_cat=0
split_feature=5 20 20 16 38 7 24 44 9 1 14 37 44 6
split_gain=3.44187 7.96554 5.17878 4.3686 6.57779 5.76737 5.89204 5.7131 9.27227 8.34646 8.85081 8.96514 7.62598 7.65883
threshold=3.4274843931198125 3.5471956793143189 0.090841590308344114 1.0000000180025095e-35 10.723223244147158 0.79074093699455272 1.5713692902208354 1.7378271222114565 0.40824915824915831 0.1390362083911896 0.0061689107498312931 19.651142140084698 2.5856815576553349 0.61141908168792736
decision_type=2 2 2 2 2 2 2 2 2 2 2 2 2 2
left_child=3 2 -2 4 5 6 -1 8 -8 -10 -11 -12 -9 -14
right_child=1 -3 -4 -5 -6 -7 7 12 9 10 11 -13 13 -15
leaf_value=-0.033337349898333993 -0.011604191155955235 0.040307916124538226 -0.060664016691185457 0.011014933931024465 -0.020336398952433749 -0.015355642204848603 0.0027979830752058125 0.016656894201601127 0.011283297012065189 0.038119036905614453 -0.04929208366535219 0.038133080087063766 -0.022344636779249784 0.010361263560565607
leaf_weight=10.374874446075408 17.442509283311672 4.2445339420810333 7.2239707233384243 85.878195155411959 39.918526017107069 50.792694820091128 210.68301807669923 128.58788042888045 13.813010684214531 3.1119052544236174 29.785767836496234 2.5111958086490622 30.284214074723423 40.906612649559975
leaf_count=124 117 20 45 427 218 396 1508 608 82 12 208 14 163 189
internal_value=-0.000184672 -0.0167668 -0.0277759 0.000581445 -0.00103314 0.000482416 0.00222278 0.00309598 -0.00179159 -0.0211008 -0.0336967 -0.0415534 0.00943179 -0.00366846
internal_weight=675.559 28.911 24.6665 646.648 560.77 520.851 470.058 459.684 259.905 49.2219 35.4089 32.297 199.779 71.1908
internal_count=4131 182 162 3949 3522 3304 2908 2784 1824 316 234 222 960 352
is_linear=0
shrinkage=0.05


Tree=146
num_leaves=15
num_cat=0
split_feature=22 28 49 7 3 4 22 13 25 2 10 54 13 17
split_gain=3.46165 5.6163 8.39984 5.3238 7.12046 10.0331 5.11875 11.4089 9.16231 7.14472 9.84071 8.41486 6.47383 7.4205
threshold=0.066551861429267875 1.1476034858387802 2.1626682702832798 0.64828777313232433 0.44058823529411767 1.7268705368041994 0.43341963985061382 0.99591100781751296 2.7371727228164677 0.27240242063999182 1.0000000180025095e-35 1.0000000180025095e-35 0.76198380991999237 0.51099033816425132
decision_type=2 2 2 2 2 2 2 2 2 2 2 2 2 2
left_child=1 2 -1 -3 5 -5 7 -2 9 10 -8 -12 -11 -14
right_child=6 3 -4 4 -6 -7 8 -9 -10 12 11 -13 13 -15
leaf_value=-0.039596017401876772 0.011167281698573893 0.035272109145420415 0.011630645167780439 -0.072894695887982461 0.030588952401549602 0.015845314980789702 0.0024152310931765011 -0.021437894764660473 -0.027812304546574879 -0.0010256285616645721 -0.0093614606403911501 -0.046979128097230143 0.022776449536385995 -0.029910431075436856
leaf_weight=24.823045984841883 200.21553417760879 9.0041491873562354 11.04740225151181 5.8857133155688661 6.0330852419137946 5.3765797559171915 92.864492747932673 30.015470278915018 31.887475773692131 117.95887704845518 42.719711012672633 22.367686372250319 67.28338544536382 6.5461200671270481
leaf_count=185 1078 64 66 52 26 40 603 252 203 641 307 113 405 96
internal_value=-0.000178727 -0.0113228 -0.0239317 0.00612132 -0.0101533 -0.0326932 0.000970233 0.00684218 -0.00258086 -0.000207651 -0.00805508 -0.0228043 0.00626354 0.0177677
internal_weight=674.029 62.17 35.8704 26.2995 17.2954 11.2623 611.859 230.231 381.628 349.74 157.952 65.0874 191.788 73.8295
internal_count=4131 433 251 182 118 92 3698 1330 2368 2165 1023 420 1142 501
is_linear=0
shrinkage=0.05


Tree=147
num_leaves=15
num_cat=0
split_feature=55 12 51 42 21 27 6 27 38 26 7 22 46 49
split_gain=3.4846 9.81844 7.50872 5.84159 7.54198 9.68619 7.93175 7.21227 7.72977 8.9761 7.10272 6.77986 8.89639 6.74324
threshold=0.091862510889768614 1.7022586464881899 0.57924641148325373 0.72227859497070324 0.26726190476190481 0.23062172491476518 0.74878883361816417 0.37353910110646987 10.723223244147158 1.9982435654832884 0.68200561404228222 0.93327424091651368 1.0000000180025095e-35 1.5179991185506545
decision_type=2 2 2 2 2 2 2 2 2 2 2 2 2 2
left_child=1 -1 -3 4 6 10 -2 11 9 -9 -6 -5 -13 -11
right_child=3 2 -4 7 5 -7 -8 8 -10 13 -12 12 -14 -15
leaf_value=0.027441664751785028 -0.014245516578164589 -0.033154648055635109 0.031336422545159788 -0.0019512621826930036 0.03975686052375374 -0.032273347910047843 0.021359619147721127 -0.0034773795049191309 -0.023726431334016487 0.0064254236457439821 -0.020494679160562052 -0.053292104723731581 0.0079979037469058 0.028295924621214052
leaf_weight=35.124685185030103 32.769926578737795 14.991660861298444 5.3947307989001265 224.87891294015571 8.7751986579969543 52.485771287698299 28.15201236307621 78.643407238647342 17.409694133792073 70.478396678343415 8.8945336928591114 14.188903937581927 9.3221577382646501 71.052872591651976
leaf_count=159 213 80 24 1379 38 384 142 669 93 366 76 105 45 358
internal_value=-0.000178912 0.0117059 -0.0154215 -0.0012653 -0.0105901 -0.0216472 0.00228684 0.00126638 0.00747884 0.0100424 0.0099544 -0.00468199 -0.0296557 0.0175266
internal_weight=672.563 55.5111 20.3864 617.052 131.077 70.1555 60.9219 485.974 237.584 220.175 17.6697 248.39 23.5111 141.531
internal_count=4131 263 104 3868 853 498 355 3015 1486 1393 114 1529 150 724
is_linear=0
shrinkage=0.05


Tree=148
num_leaves=15
num_cat=0
split_feature=32 50 49 51 22 52 1 50 28 22 33 5 8 33
split_gain=3.41245 5.7131 9.61215 8.1744 8.81964 6.0336 6.34952 11.2335 5.39492 5.91469 5.3638 5.33615 5.23439 4.84776
threshold=0.74106002554278427 1.4583585053478385 1.2356329439051752 0.39886363636363642 0.40007966755441277 2.5000000000000004 0.16077385842800143 0.75967849867295312 1.1289077212806029 0.36673969525821171 2.1355429887771611 1.311031758785248 0.36093634366989141 0.22036557644605639
decision_type=2 2 2 2 2 2 2 2 2 2 2 2 2 2
left_child=10 3 8 12 -5 -6 7 13 9 11 -1 -3 -2 -7
right_child=1 2 -4 4 5 6 -8 -9 -10 -11 -12 -13 -14 -15
leaf_value=0.0019365046815797626 -0.064063361577451433 -0.054398239667308605 -0.077960466481802645 0.021141189608890661 0.021446120142635066 0.00063388863174673781 -0.059487542877676373 0.026843073779594492 -0.038614299055642912 0.046586719876240107 -0.044353673597944843 0.020079030646087008 0.0039447357521316308 -0.078248506206518131
leaf_weight=555.02536226902157 6.767717029899357 3.6838817875832373 6.0940855145454398 38.019046638160944 8.4028243720531446 3.0062962844967904 8.045784763991831 9.8332271575927717 8.7479688953608257 5.2599077681079507 5.3301863805390886 4.148586742579937 4.2767603192478418 4.4490479547530413
leaf_count=3351 37 20 32 173 38 13 39 43 50 25 245 19 17 29
internal_value=-0.000170632 -0.00815016 -0.0272774 -0.0014487 0.00488492 -0.0135158 -0.0254859 -0.00727466 -0.0103413 0.00994951 0.00141796 -0.0171431 -0.0395875 -0.0501269
internal_weight=671.091 110.735 27.9344 82.8007 71.7562 33.7372 25.3344 17.2886 21.8403 13.0924 560.356 7.83247 11.0445 7.45534
internal_count=4131 535 146 389 335 162 124 85 114 64 3596 39 54 42
is_linear=0
shrinkage=0.05


Tree=149
num_leaves=15
num_cat=0
split_feature=38 22 38 38 33 17 13 13 7 45 21 30 12 12
split_gain=3.25144 4.16378 3.58291 6.17463 5.7313 4.207 5.44576 5.36501 4.39154 4.16058 4.1266 4.112 4.01444 13.5617
threshold=0.75930752028292092 1.499905030044397 1.5061765588011615 1.7819196297600191 0.43000398576259619 0.68683574879227061 0.44643722098894673 5.8356496960517825 0.83138474822044384 0.82785560344827591 0.43212530712530722 89.500000000000014 2.2706034183502202 2.1784706115722661
decision_type=2 2 2 2 2 2 2 2 2 2 2 2 2 2
left_child=1 -1 4 10 11 8 -7 -8 12 -6 -4 -2 13 -5
right_child=2 -3 3 5 9 6 7 -9 -10 -11 -12 -13 -14 -15
leaf_value=-0.053630383557872689 -0.030062895811848973 0.029309740736090648 -0.05618365640266039 -0.00030512016808806005 -0.035238151285763269 0.01904816415444539 -0.062044268239768524 0.0032379043164928001 -0.033759588349844862 0.028373343297289473 0.011339861802036265 0.039194156348472044 0.0048233102329593245 -0.045304181605036881
leaf_weight=4.7490793159231535 1.6820118082687319 1.3327968288213012 7.0834177960641664 241.75543530657887 6.3834508699364942 4.8339402824640301 8.1002370016649348 4.6654418967664233 8.0854124720208329 3.0474088843911886 2.7330516930669546 17.808702082373202 340.90813175868243 16.990584590472281
leaf_count=111 9 8 86 1258 114 17 83 29 64 33 16 82 2112 109
internal_value=-0.000182387 -0.0338825 0.000176733 -0.000618843 0.0170854 2.89673e-05 -0.0233955 -0.0396837 0.000744638 -0.0139337 -0.0380738 0.0320419 0.0012653 -0.00342303
internal_weight=670.159 6.08188 664.077 635.156 28.9216 625.339 17.5996 12.7657 607.74 9.43086 9.81647 19.4907 599.654 258.746
internal_count=4131 119 4012 3774 238 3672 129 112 3543 147 102 91 3479 1367
is_linear=0
shrinkage=0.05


Tree=150
num_leaves=15
num_cat=0
split_feature=6 39 55 12 51 31 23 49 1 23 21 4 55 36
split_gain=3.28888 4.23764 3.79671 10.0117 6.83427 5.62893 6.3935 8.90639 9.11727 8.3864 7.328 7.54171 6.90535 6.47715
threshold=0.30452764034271246 5.2058139791170559 0.091862510889768614 1.7022586464881899 0.57924641148325373 0.31057781919850891 0.87078797274633601 1.8880211080616478 0.23744348436594012 0.97834436595439922 0.21913109756097562 0.68459314107894909 0.95651826262474071 17.8541960447623
decision_type=2 2 2 2 2 2 2 2 2 2 2 2 2 2
left_child=1 -1 3 -2 -5 -4 7 8 10 -8 11 -7 -10 -11
right_child=2 -3 5 4 -6 6 9 -9 12 13 -12 -13 -14 -15
leaf_value=-0.051782651200282283 0.029344497542544975 0.021927589213865568 0.0019935893595722899 -0.030958940893955508 0.031210974862459408 -0.0412417813105296 -0.062677699365936465 0.013370896809625353 0.056791114970451487 0.0065344441769552555 -0.038414280850285865 0.014174439438033688 -0.010618654636541668 -0.038344594342061812
leaf_weight=5.453816805034875 33.386407844722271 2.1297985557466745 444.74544170172885 15.155131218954923 5.1832143291831008 7.8857094496488598 10.229928985238073 48.949625859968364 6.180258207023142 19.172887023538355 31.793531079310924 18.896008746698499 7.513905924744904 12.555002239532767
leaf_count=59 134 17 2795 80 23 65 68 272 19 97 248 108 54 92
internal_value=-0.000187696 -0.0309388 0.000210923 0.0128258 -0.0143948 -0.000923144 -0.00883655 -0.00293692 -0.0140143 -0.0254158 -0.0225629 -0.00303969 0.0215983 -0.0118536
internal_weight=669.231 7.58362 661.647 53.7248 20.3383 607.922 163.177 121.219 72.2694 41.9578 58.5752 26.7817 13.6942 31.7279
internal_count=4131 76 4055 237 103 3818 1023 766 494 257 421 173 73 189
is_linear=0
shrinkage=0.05


Tree=151
num_leaves=15
num_cat=0
split_feature=6 8 32 22 44 25 25 27 3 51 25 53 1 37
split_gain=3.21641 4.98303 4.76037 4.64521 4.32368 3.72612 6.93461 6.56296 7.76686 7.80256 7.17712 6.9763 6.81999 6.55368
threshold=0.87366262078285228 0.31273397803306585 0.69920634920634928 1.4332425842646461 1.2580562829971316 1.8898441791534426 1.8161730766296389 0.44999113223054349 0.22767145135566189 0.39886363636363642 0.56054335832595836 0.72570532915360519 0.11108820512890817 12.616149297316136
decision_type=2 2 2 2 2 2 2 2 2 2 2 2 2 2
left_child=5 3 4 -2 -3 6 7 8 13 -10 -11 -12 -13 -1
right_child=1 2 -4 -5 -6 -7 -8 -9 9 10 11 12 -14 -15
leaf_value=-0.0090780309981788199 -0.063589524177776566 -0.037697922252420468 -0.054775455097099114 0.024257727757208941 0.022691140295815961 -0.0044882183525625603 0.029296676221468483 0.0091541605629697903 -0.040119215892326233 -0.05250175554903911 0.02637001764443991 0.03621300521140592 -0.010567232503279976 -0.050953396526276708
leaf_weight=104.2340049399063 6.552877948619428 2.8522800309583571 2.4776246584951869 1.3139719553291795 12.325324917212127 234.76701104873791 23.326689532957971 167.81417147256434 7.4842235515825442 3.4303098274394861 45.939270501956344 8.7943381462246162 37.104028020054102 9.368101214990018
leaf_count=880 51 42 14 6 63 1231 107 1159 52 29 219 38 176 64
internal_value=-0.000186004 -0.0172497 -0.00178741 -0.0478357 0.00971367 0.000517829 0.00340585 0.00176178 -0.00398782 0.0059453 0.00994327 0.0128161 -0.00102289 -0.0129457
internal_weight=667.784 25.5221 17.6552 7.86685 15.1776 642.262 407.495 384.168 216.354 102.752 95.2679 91.8376 45.8984 113.602
internal_count=4131 176 119 57 105 3955 2724 2617 1458 514 462 433 214 944
is_linear=0
shrinkage=0.05


Tree=152
num_leaves=15
num_cat=0
split_feature=13 13 12 33 51 52 2 5 44 28 44 35 9 53
split_gain=3.16283 6.61911 6.32743 5.2582 5.99207 4.43264 5.71623 6.40588 6.85849 9.20774 8.53637 6.69811 6.47481 11.2151
threshold=5.8356496960517825 1.5233705768671648 3.181943535804749 0.44929473102092748 0.51630627437079057 38.500000000000007 0.22088453173637393 0.9639575481414796 2.4532310962677006 1.0948987246811706 0.24562826007604602 2.0714355388849777 0.25290697674418611 0.59629629629629644
decision_type=2 2 2 2 2 2 2 2 2 2 2 2 2 2
left_child=1 5 -3 4 -2 6 -1 8 10 -10 -8 -12 -9 -14
right_child=3 2 -4 -5 -6 -7 7 12 9 -11 11 -13 13 -15
leaf_value=-0.012803477204710662 0.02651434455586359 -0.00043249118816956079 -0.060794416815221852 0.049541486247531248 -0.051241120785851996 0.031985482025659803 -0.043890219469319827 0.0098577331758760434 0.0032762813645442648 -0.069465324137617232 -0.011087704675642332 0.014248185062746803 0.015492548490872624 -0.011244274676447832
leaf_weight=80.453211450949311 5.018054682761429 8.5497057870961743 7.8509332574903956 7.299444450531154 3.2282779384404421 9.7142381458543223 10.858378639444707 235.78023826749995 7.65448806062341 8.8219149727374297 54.142714179120958 48.51229372061789 56.585903530009091 122.08960414584726
leaf_count=613 19 86 130 43 21 46 229 1258 36 49 313 267 296 725
internal_value=-0.000189432 -0.000736989 -0.0311608 0.0213994 -0.00617509 9.70569e-05 -0.00044897 0.00139679 -0.00824752 -0.0374178 -0.00372369 0.000907377 0.0044342 -0.00273772
internal_weight=666.559 651.014 16.4006 15.5458 8.24633 634.613 624.899 544.446 129.99 16.4764 113.513 102.655 414.456 178.676
internal_count=4131 4048 216 83 40 3832 3786 3173 894 85 809 580 2279 1021
is_linear=0
shrinkage=0.05


Tree=153
num_leaves=15
num_cat=0
split_feature=42 4 4 31 55 30 33 13 21 24 34 36 7 13
split_gain=3.21774 6.06744 3.90337 4.8916 9.66274 10.7835 7.17296 6.52613 7.06352 7.01109 6.81761 6.51128 8.11486 6.53239
threshold=3.1687355041503911 0.59915444254875194 5.9988920688629159 0.19586530264279628 1.0348464250564577 83.500000000000014 0.214654415845871 0.48195256175220674 0.24509048902579902 2.5330125011038267 4.4798329702436179 15.9706074148545 0.71856161952018749 1.2464356984945775
decision_type=2 2 2 2 2 2 2 2 2 2 2 2 2 2
left_child=2 -2 3 -1 6 -6 -5 -8 9 -9 -11 12 -7 -14
right_child=1 -3 -4 4 5 11 7 8 -10 10 -12 -13 13 -15
leaf_value=0.0061144036719106131 -0.057436933646360849 -0.0029745348639503844 -0.026451852665498432 0.013761544531285034 0.034785815197162867 0.0020553743690992095 0.010962873080274434 0.026903579858870198 -0.023108806326913617 0.01576031559776965 -0.036648481969511905 -0.044535159217689635 -0.035711664610997812 0.016753337228958443
leaf_weight=272.35282500786707 5.9344025896862176 19.940794871654361 12.137827017344533 93.318039085716009 9.3067972762510163 45.057093967683613 47.868454966694117 17.881817096844316 54.539029033854604 10.360774684697391 12.997588209807871 19.389925568364561 37.71515832003206 6.39594040531665
leaf_count=1767 45 123 83 415 59 312 206 85 306 45 72 152 369 92
internal_value=-0.000189062 -0.0171377 0.000522593 0.0010859 -0.00278009 -0.0144159 0.00304375 -0.00396587 -0.0114631 0.00412043 -0.0137095 -0.0189131 -0.0129093 -0.0279017
internal_weight=665.196 25.8752 639.321 627.183 354.831 117.865 236.966 143.648 95.7792 41.2402 23.3584 108.558 89.1682 44.1111
internal_count=4131 168 3963 3880 2113 984 1129 714 508 202 117 925 773 461
is_linear=0
shrinkage=0.05


Tree=154
num_leaves=15
num_cat=0
split_feature=45 22 1 31 44 26 5 50 35 31 36 5 31 44
split_gain=3.15694 4.84481 6.18566 4.74278 8.73248 7.62456 5.72275 9.78106 7.45483 12.6001 6.92933 7.2188 7.89704 7.31496
threshold=0.90967365967365976 0.13317359440681928 0.30384157598018652 0.078023538961038974 0.27999739348888403 1.152867376804352 0.89248007535934459 0.37912310214438444 2.0714355388849777 0.46720430107526884 27.968397681893002 1.2374542951583865 0.32529069767441871 1.769201993942261
decision_type=2 2 2 2 2 2 2 2 2 2 2 2 2 2
left_child=3 2 -2 4 -1 -6 7 -5 9 -9 11 12 -8 -13
right_child=1 -3 -4 6 5 -7 10 8 -10 -11 -12 13 -14 -15
leaf_value=-0.032946127513181593 -0.033328823076825227 -0.041906989542028934 0.070646791431397779 0.04681646024786279 0.053592818897957931 0.0099753641594019365 0.025069152073359226 -0.040653805602962313 -0.00017559443027421399 0.022559599262051686 0.050373410411615388 -0.010491204326484998 -0.00093914999137585968 0.0039133237394520437
leaf_weight=8.8801008895970863 2.0433312626555558 9.2597226290963572 1.810432258993387 5.5642696786671868 11.130457275547085 62.057921016588807 52.693595135584474 41.334040503948927 39.238624351564795 9.0032952828332764 5.9869515337049952 177.28731686016545 63.793445702642202 173.51626841723919
leaf_count=213 51 196 10 21 64 312 256 255 221 52 25 1223 361 871
internal_value=-0.000187613 -0.0235829 0.0200087 0.000319499 0.0114799 0.0172417 -0.00130918 -0.012431 -0.0165876 -0.0291283 0.000948071 0.000208614 0.0109391 -0.00337549
internal_weight=663.6 13.1135 3.85376 650.486 82.0685 73.1884 568.418 95.1402 89.576 50.3373 473.278 467.291 116.487 350.804
internal_count=4131 257 61 3874 589 376 3285 549 528 307 2736 2711 617 2094
is_linear=0
shrinkage=0.05


Tree=155
num_leaves=15
num_cat=0
split_feature=51 1 24 50 36 19 55 27 12 51 55 34 51 30
split_gain=3.20781 10.6308 6.69592 5.49413 5.32863 9.61821 6.42066 7.77706 7.24636 7.45756 6.21748 6.1056 5.73018 5.65958
threshold=0.66465863453815277 0.17488130927085879 3.5170428302098578 1.839138422367774 12.748042580986459 1.2014958110153582 0.38451126217842108 0.33435227728406874 1.8951874375343325 0.47402159244264513 0.93864232301712047 6.7076348797927077 0.56933760683760692 118.50000000000001
decision_type=2 2 2 2 2 2 2 2 2 2 2 2 2 2
left_child=4 -2 3 -3 13 11 7 -7 -8 -10 -11 12 -6 -1
right_child=1 2 -4 -5 5 6 8 -9 9 10 -12 -13 -14 -15
leaf_value=0.0063236283951321904 0.026015750341477045 0.028193878746817842 -0.056881242959288973 -0.022302366808474441 -0.047867911430707205 0.040169824345598876 -0.04243168610327152 -0.0019349831693452704 0.036872033505743543 0.026190864199311027 -0.027673143198885815 -0.010066827203127737 0.006314325099797501 -0.0073266913929271706
leaf_weight=262.22352959821001 40.218831471633166 8.725389547646051 5.9222405906766644 11.074554123450069 21.297693663276736 21.133138224482536 10.20931628718972 21.565124586224556 10.54365205299109 6.7454144880175617 16.87609342020005 114.03853461239487 5.9712315713986746 105.78161461325362
leaf_count=1696 230 49 41 64 145 81 71 92 50 30 98 648 36 800
internal_value=-0.000169039 0.0102105 -0.0145512 0.000235833 -0.00133185 -0.00731449 0.005718 0.0193468 -0.00753333 0.00380517 -0.0118526 -0.0153288 -0.0361997 0.00239068
internal_weight=662.326 65.941 25.7222 19.7999 596.385 228.38 87.0727 42.6983 44.3745 34.1652 23.6215 141.307 27.2689 368.005
internal_count=4131 384 154 113 3747 1251 422 173 249 178 128 829 181 2496
is_linear=0
shrinkage=0.05


Tree=156
num_leaves=15
num_cat=0
split_feature=32 53 25 21 5 6 36 23 33 35 45 33 28 51
split_gain=3.28943 5.20703 5.29529 5.16935 5.46015 5.05669 6.77879 6.11488 4.88726 4.65485 7.35273 7.05788 7.00259 6.30865
threshold=0.74106002554278427 0.94590643274853814 1.4048498272895815 0.42444997924449984 2.0459676980972294 0.44420655071735388 15.421854846035064 0.46872717506707989 2.1355429887771611 2.3744217529055245 0.3603278688524591 0.2006112411618233 1.017542515703999 0.52027397260273978
decision_type=2 2 2 2 2 2 2 2 2 2 2 2 2 2
left_child=8 2 -2 -4 -5 6 -3 -7 9 10 11 13 -13 -1
right_child=1 5 3 4 -6 7 -8 -9 -10 -11 -12 12 -14 -15
leaf_value=-0.0084035542011865003 0.002241877038804112 -0.045435128529414032 -0.033898194110678882 0.028787588863922065 -0.041898238841838728 -0.034989763828936205 0.04063686022880638 0.029331315863444375 -0.043702553441297476 -0.0054485758217724086 0.0089687165387742473 -0.04522876705257748 -0.0066215699985237315 0.040902790929842767
leaf_weight=12.199865488335492 26.857848828658462 6.9954177122563106 37.004514995962381 7.173209307715295 3.1165655702352524 3.5395230054855373 2.3236620277166367 21.657785803079605 4.9423868833109728 154.234669405967 285.48066771030426 13.228177755139766 70.283767144661397 12.20136224105954
leaf_count=74 141 36 181 30 15 21 12 99 245 988 1569 123 548 49
internal_value=-0.000163253 -0.00807419 -0.0154755 -0.0253751 0.00556345 0.00781431 -0.0221153 0.0193053 0.00140429 0.00189029 0.0047741 -0.00630306 -0.0131997 0.0168908
internal_weight=661.239 108.669 74.1521 47.2943 10.2898 34.5164 9.31908 25.1973 552.571 547.629 393.394 107.913 83.5119 24.4012
internal_count=4131 535 367 226 45 168 48 120 3596 3351 2363 794 671 123
is_linear=0
shrinkage=0.05


Tree=157
num_leaves=15
num_cat=0
split_feature=5 20 35 7 36 53 55 3 4 44 26 27 7 12
split_gain=3.19221 6.92916 5.48549 4.06732 7.20795 6.33336 7.15977 6.21555 5.73585 6.69553 8.05669 6.90534 6.54599 7.0791
threshold=3.4274843931198125 3.5471956793143189 1.6177971453418019 0.74090495705604564 8.786748292520409 0.59629629629629644 0.58991351723670971 0.069366479550922219 4.0837790966033944 2.7630797624588017 2.1309683710885259 0.090261285097270563 0.60417586565017711 1.8245581984519961
decision_type=2 2 2 2 2 2 2 2 2 2 2 2 2 2
left_child=3 2 -2 8 5 -5 -7 -8 -1 10 -10 -12 -13 -14
right_child=1 -3 -4 4 -6 6 7 -9 9 -11 11 12 13 -15
leaf_value=0.0053599304832442438 0.01647764105886286 0.037616930665919084 -0.038731387514752351 0.020772572506917913 -0.012761108024724459 0.016585678936997441 -0.051105421495333675 -0.00056837775428895379 -0.044172689513786431 -0.058740889346474624 -0.048376079878067059 -0.023188473502322237 -0.027265081566032686 0.043307816028173581
leaf_weight=382.7829531324096 5.1912422589957776 4.1222606198862186 18.92519567720592 38.483092116191983 123.33267129212618 17.380346981808543 10.692374808248134 12.732075613923369 9.0835721734911186 5.8726512193679801 3.8640639632940319 7.0557885542511967 3.70048360526562 16.975968823768198
leaf_count=2276 29 20 133 234 764 69 225 67 113 34 28 42 18 79
internal_value=-0.000163075 -0.016315 -0.0266643 0.000583303 -0.00523992 0.00647255 -0.00718813 -0.0247845 0.00333731 -0.0130569 -0.00521075 0.00700187 0.0161331 0.0300022
internal_weight=660.195 28.2387 24.1164 631.956 202.621 79.2879 40.8048 23.4245 429.335 46.5525 40.6799 31.5963 27.7322 20.6765
internal_count=4131 182 162 3949 1359 595 361 292 2590 314 280 167 139 97
is_linear=0
shrinkage=0.05


Tree=158
num_leaves=15
num_cat=0
split_feature=22 28 1 7 33 53 22 7 43 52 20 7 3 20
split_gain=3.18567 5.19841 5.74588 5.59372 7.1485 5.25728 4.54669 7.59686 5.2055 8.37608 5.72543 5.65506 6.98274 6.77323
threshold=0.066551861429267875 1.021779641276497 0.13001970946788791 0.66521948575973522 0.31637176871299749 0.59629629629629644 0.099993668669626473 0.73727816343307506 16.525939024913594 1.5000000000000002 14.082027827702104 0.77553552389144909 0.24165739710789771 0.66533826084631564
decision_type=2 2 2 2 2 2 2 2 2 2 2 2 2 2
left_child=1 2 -1 5 -5 -3 7 -2 10 -10 11 -8 13 -13
right_child=6 3 -4 4 -6 -7 8 -9 9 -11 -12 12 -14 -15
leaf_value=0.0062133373301610549 0.031330504261000029 -0.01474253502231361 -0.058293216570628609 0.0044469335006864881 -0.047313295676773844 0.035249580458592743 -0.0017915795749955316 -0.02058640533504974 0.039916707555423127 0.0032224793482699913 0.04630093482538819 -0.055104841567552132 -0.0037552943465064882 0.0071666575239046591
leaf_weight=4.9805432427674523 26.261224169749767 7.8125582877546575 9.0767418118193728 15.241339107975366 10.652609974145888 12.693064750172196 310.37586441403255 8.7204529847949726 16.0628123562783 178.62381249945611 4.6574675999581805 16.729560857173059 31.462928270921111 5.5123481424525371
leaf_count=25 139 74 62 86 105 81 2027 57 71 942 23 230 156 53
internal_value=-0.000167907 -0.0110092 -0.0365435 -0.00266551 -0.0178144 0.0164029 0.000943925 0.0181759 -0.000156272 0.00643848 -0.00364617 -0.00441019 -0.0192345 -0.0400274
internal_weight=658.863 60.4569 14.0573 46.3996 25.8939 20.5056 598.406 34.9817 563.425 194.687 368.738 364.081 53.7048 22.2419
internal_count=4131 433 87 346 191 155 3698 196 3502 1013 2489 2466 439 283
is_linear=0
shrinkage=0.05


Tree=159
num_leaves=15
num_cat=0
split_feature=32 29 1 34 31 12 24 29 24 33 51 44 35 7
split_gain=3.09626 4.69854 7.25996 6.67476 5.54313 5.06442 5.18513 5.61394 4.71584 4.60938 4.34795 4.34637 4.12811 5.99296
threshold=0.74106002554278427 116.50000000000001 0.16709408909082415 4.1947043313670465 0.59637980311209915 2.315940380096436 3.2302703643861812 92.500000000000014 4.5685129941404545 2.1355429887771611 0.61985915492957755 1.23880010843277 2.3744217529055245 0.79560810327529918
decision_type=2 2 2 2 2 2 2 2 2 2 2 2 2 2
left_child=9 2 5 -3 -4 6 7 -2 -8 12 -5 -9 -1 -14
right_child=1 3 4 10 -6 -7 8 11 -10 -11 -12 -13 13 -15
leaf_value=0.0045562872589235319 0.040182155705439447 -0.070620927094814587 -0.032892407053984309 -0.0236517190615688 0.03717154513345948 0.03460392321133126 0.050057963225753378 0.011383173836113886 -0.026552587878716546 -0.043268126532934478 0.014034104492535074 -0.03626992168047926 -0.001252559175393854 -0.030387499762076886
leaf_weight=390.99867244018242 3.4142237752676037 4.9229505890980354 18.785427924245599 24.564902372658253 2.4405208677053443 14.457879898138343 6.5845575183629972 6.3452969454228905 2.0178999230265617 4.7262593605555585 10.145292518660424 14.538741350173948 134.33750474778935 19.337601139675826
leaf_count=2363 12 39 100 118 8 67 29 30 11 245 48 73 836 152
internal_value=-0.000162193 -0.00785212 0.000128387 -0.0213255 -0.0235266 0.0109977 -9.05191e-05 -0.0119614 0.0311935 0.00136404 -0.0125521 -0.0219327 0.00182991 -0.00509149
internal_weight=657.618 108.218 68.5845 39.6331 21.2259 47.3586 32.9007 24.2983 8.60246 549.4 34.7102 20.884 544.674 153.675
internal_count=4131 535 330 205 108 222 155 115 40 3596 166 103 3351 988
is_linear=0
shrinkage=0.05


Tree=160
num_leaves=15
num_cat=0
split_feature=17 4 50 26 27 49 49 4 45 7 25 36 12 36
split_gain=3.04005 3.91627 5.98717 7.27488 6.8699 4.43941 8.92379 6.80683 6.60092 7.59739 8.41212 6.78442 7.49656 7.70904
threshold=0.68683574879227061 5.9988920688629159 34.545283234792414 1.4266745284443363 0.090261285097270563 1.5860279392001819 1.4152474515996976 4.2862946987152108 0.51042118975249684 0.72054737806320202 0.83518889546394359 11.988492088412544 1.0079343318939211 13.934283641200837
decision_type=2 2 2 2 2 2 2 2 2 2 2 2 2 2
left_child=1 2 5 -4 -5 6 8 -7 9 10 -1 -12 -13 -14
right_child=-2 -3 3 4 -6 7 -8 -9 -10 -11 11 12 13 -15
leaf_value=-0.037579632827894761 -0.019712329698326841 -0.026308539932608913 -0.028616288760133824 -0.02926091156664918 0.040861114776472751 0.0061591614898174937 -0.031150833329283034 -0.024914179299806466 0.0066331713649204335 -0.021670675575204038 0.025841993400098115 0.036931068334170737 -0.049768246289998923 0.00068521496954245117
leaf_weight=10.946680085733531 18.295849555172026 12.407556614838539 5.2475955951958886 3.3221419341862228 24.231248716823757 276.08778393641114 27.325171929318458 17.842030465602875 127.17536784941331 63.888696072623134 29.047008680179715 7.5013069398701182 10.140263316221533 23.548301999457181
leaf_count=137 147 89 57 18 108 1570 184 116 808 536 144 29 55 133
internal_value=-0.000159013 0.00043103 0.00100186 0.0214705 0.0316777 -0.000163592 -0.00443969 0.00419488 -0.00165454 -0.0089155 0.00126393 0.0077604 -0.00530099 -0.0154982
internal_weight=657.007 638.711 626.304 32.801 27.5534 593.503 299.573 293.93 272.248 145.072 81.1836 70.2369 41.1899 33.6886
internal_count=4131 3984 3895 183 126 3712 2026 1686 1842 1034 498 361 217 188
is_linear=0
shrinkage=0.05


Tree=161
num_leaves=15
num_cat=0
split_feature=35 25 29 26 33 52 53 52 50 43 42 24 27 40
split_gain=3.04827 5.86827 5.34036 4.99939 3.67587 7.8337 6.98905 14.1561 9.95342 7.97712 9.25595 9.78146 7.56279 7.60349
threshold=1.3438483170545859 1.4495859742164614 122.00000000000001 1.5240210190333388 0.214654415845871 17.500000000000004 0.7231800766283526 2.5000000000000004 11.208528704969341 4.2174360451679096 0.54679179191589367 3.6399338572894391 0.35292369218515202 9.5549134590653662
decision_type=2 2 2 2 2 2 2 2 2 2 2 2 2 2
left_child=1 3 -3 -1 5 -2 9 12 -9 -6 11 -11 13 -8
right_child=4 2 -4 -5 6 -7 7 8 -10 10 -12 -13 -14 -15
leaf_value=-0.035020473317128639 0.0096657963028715915 -0.083216792175600976 0.0073723855103712752 0.033118561544283324 -0.016972450052454843 -0.02776329416102636 -0.018549814195300687 -0.02212689194862108 0.010869479789200937 -0.021862979568152432 0.01343980281558454 0.029681910606319195 0.028477873886528029 0.055323439584817974
leaf_weight=3.6633948851376754 162.45876666344702 4.0773948645219198 2.1702790576964617 5.3931409455835819 38.460613155271858 14.322564357891677 22.1667026989162 128.91053502028808 27.094837904907763 40.972319133579731 160.08510910579935 10.858654572628437 31.704275064636022 3.1140606738626948
leaf_count=45 774 29 13 32 426 65 155 1012 172 266 894 53 183 12
internal_value=-0.000162312 -0.0215119 -0.0550731 0.00481451 0.000380855 0.00649424 -0.00196045 -0.00859817 -0.0163634 0.00369786 0.00751141 -0.0107068 0.0125759 -0.00769133
internal_weight=655.453 15.3042 6.24767 9.05654 640.148 176.781 463.367 212.99 156.005 250.377 211.916 51.831 56.985 25.2808
internal_count=4131 119 42 77 4012 839 3173 1534 1184 1639 1213 319 350 167
is_linear=0
shrinkage=0.05


Tree=162
num_leaves=15
num_cat=0
split_feature=5 19 35 16 34 24 21 53 55 7 22 44 9 51
split_gain=2.96261 5.23293 4.74993 3.73295 5.39721 5.18332 4.81115 4.64536 6.25065 4.58498 5.57302 4.8511 7.56184 6.89431
threshold=3.4274843931198125 4.5230225050653639 1.6177971453418019 1.0000000180025095e-35 11.048765818911869 1.5713692902208354 0.38014084507042262 0.62284482758620696 1.0464791655540469 0.79410949349403392 0.26620874570223835 1.7378271222114565 0.40824915824915831 0.52553237722729262
decision_type=2 2 2 2 2 2 2 2 2 2 2 2 2 2
left_child=3 2 -2 4 5 -1 7 -6 -9 11 -11 12 13 -7
right_child=1 -3 -4 -5 6 9 -8 8 -10 10 -12 -13 -14 -15
leaf_value=-0.031584091696585714 0.0154498749241694 0.022029321812185174 -0.038916261809839571 0.010365037472788901 -0.038861752473556881 -0.0059200419489859549 -0.047056699815905545 0.024042285525995966 -0.033684365487220209 -0.050012287098027408 -0.005135823918380941 0.008581790337532114 -0.019282907865836574 0.01231421987134898
leaf_weight=11.353970617521552 4.572948878631002 6.2464342359453431 17.047885198146105 83.12910944968462 7.2723750229924944 113.39400494936854 10.019227368757127 13.529248114675285 5.9439690904691806 7.7649113759398452 34.233818046282977 196.04849902540445 49.089332366362214 93.852518474683166
leaf_count=151 25 34 123 427 45 887 54 60 43 83 254 974 327 644
internal_value=-0.000156963 -0.0158179 -0.0272428 0.000564748 -0.000953286 0.000407473 -0.019187 -0.00742698 0.00563727 0.00120446 -0.0144029 0.002682 -0.00184603 0.00235691
internal_weight=653.498 27.8673 21.6208 625.631 542.502 505.737 36.7648 26.7456 19.4732 494.383 41.9987 452.384 256.336 207.247
internal_count=4131 182 148 3949 3522 3320 202 148 103 3169 337 2832 1858 1531
is_linear=0
shrinkage=0.05


Tree=163
num_leaves=15
num_cat=0
split_feature=32 3 55 34 49 22 38 20 33 22 35 45 49 52
split_gain=2.9442 4.56968 7.36844 7.87155 6.22074 5.85251 6.59673 6.35258 6.15613 5.99737 6.53273 7.22575 7.26624 7.37318
threshold=0.74106002554278427 0.51564027370478993 0.35189196467399603 2.7209554925694328 1.5860279392001819 0.066586275271486667 2.1592957015810281 2.0104479677261584 1.2397134304046633 0.099993668669626473 2.3646138473910723 0.25137362637362642 2.8099041983143551 11.500000000000002
decision_type=2 2 2 2 2 2 2 2 2 2 2 2 2 2
left_child=1 5 3 -3 -5 6 -1 -8 9 -7 11 12 13 -11
right_child=-2 2 -4 4 -6 8 7 -9 -10 10 -12 -13 -14 -15
leaf_value=0.025967357127031701 -0.0076968598874399873 -0.073813437340668156 0.02506385701008651 -0.034771846654827923 0.016590191920371707 0.026795812325990057 -0.037332460742756222 0.01623595476954711 -0.036041039973402987 -0.045377001364106252 -0.0096321654616231597 0.0073697414483273761 0.020902709476595307 0.028457656824283119
leaf_weight=6.1714008613489559 107.21947123575956 2.7991756871342686 45.849567125551403 7.0803152322769192 20.83937269449234 22.316640257369727 27.539251192007214 6.2568175476044408 9.8238384760916215 18.175225152634091 109.55276635102928 257.20501280669123 7.8560527991503468 3.3908691285178056
leaf_count=85 535 16 218 35 99 110 224 37 350 214 685 1435 69 19
internal_value=-0.000163092 0.00133082 0.0125715 -0.00627634 0.00281303 -0.000529982 -0.0185854 -0.0272335 0.00119417 0.00215207 0.000699927 0.00466875 -0.0184091 -0.0330212
internal_weight=652.076 544.856 76.5684 30.7189 27.9197 468.288 39.9675 33.7961 428.32 418.497 396.18 286.627 29.4221 21.5661
internal_count=4131 3596 368 150 134 3228 346 261 2882 2532 2422 1737 302 233
is_linear=0
shrinkage=0.05


Tree=164
num_leaves=15
num_cat=0
split_feature=6 22 43 22 7 6 33 51 13 51 52 27 26 25
split_gain=2.88195 4.03778 4.95719 4.92514 3.94837 3.46343 7.17592 9.07274 6.64021 6.11238 5.36952 6.44832 5.37895 5.98171
threshold=0.87366262078285228 1.4641191747213069 10.51872401134367 0.99826308393151153 0.79074093699455272 0.74878883361816417 0.35546143352985388 0.30495169082125612 0.96588157932402685 0.49305421570519009 9.5000000000000018 0.54603318581915816 2.856955704070292 1.1107652783393862
decision_type=2 2 2 2 2 2 2 2 2 2 2 2 2 2
left_child=5 2 -2 4 -4 -1 8 -8 -7 -10 11 12 13 -9
right_child=1 -3 3 -5 -6 6 7 10 9 -11 -12 -13 -14 -15
leaf_value=-0.0019622793204186117 -0.056773438666524324 0.029114831094740404 0.027389640243583393 -0.053270022196318205 -0.031625130107578996 0.017204707688535794 0.050812737100627475 -0.023125681540508265 0.005368208615642348 -0.065008438283175693 0.0093949229688153196 0.012491755301372346 -0.010345719102987205 -0.083434382115154707
leaf_weight=434.36372172879055 6.8208641512319508 3.2732413355261079 8.1182470219209772 3.1914130477234712 3.1643898198381057 110.23330312408507 5.2996924137696615 10.781480477657171 7.9969837814569456 3.8879047920927405 19.645526438485831 10.220643107779322 16.824712432920933 7.0022573536261907
leaf_count=2803 70 18 37 25 26 528 27 122 49 29 138 93 106 60
internal_value=-0.000161322 -0.0166157 -0.0246356 -0.00680045 0.00961081 0.000509647 0.00608621 -0.00664499 0.0133553 -0.0209127 -0.0120718 -0.021479 -0.0315804 -0.0500496
internal_weight=650.824 24.5682 21.2949 14.474 11.2826 626.256 191.893 69.7743 122.118 11.8849 64.4746 44.8291 34.6085 17.7837
internal_count=4131 176 158 88 63 3955 1152 546 606 78 519 381 288 182
is_linear=0
shrinkage=0.05


Tree=165
num_leaves=15
num_cat=0
split_feature=20 34 20 37 14 43 13 3 12 50 45 24 39 24
split_gain=2.84793 4.21108 3.86525 3.53769 3.51233 6.47824 10.2303 5.63369 5.28213 6.10694 6.25768 6.05285 11.6374 4.77625
threshold=8.0052582509154799 2.1217170261453826 6.2300817921846603 2.1075589010760178 0.39629054997708374 5.2757633688006029 5.8356496960517825 0.68237250554323736 0.42942979931831365 31.484269891316416 0.46702898550724642 2.0993421970774881 6.2312936265458223 2.5232453698980737
decision_type=2 2 2 2 2 2 2 2 2 2 2 2 2 2
left_child=2 -2 4 -4 -1 7 8 -6 -7 11 -11 12 -10 -13
right_child=1 -3 3 -5 5 6 -8 -9 9 10 -12 13 -14 -15
leaf_value=0.0020873138755970696 -0.037082777403062116 0.03156641546728061 0.021534298637788194 -0.066333246343264887 -0.042555897096793624 0.027524148940984657 0.043209238171511656 0.0289447214916175 0.024618984798550958 0.061462324570017747 0.00041604532545768205 -0.035295845885393057 -0.053560109922695255 -0.011077095847578692
leaf_weight=444.59151339810342 1.8024186985567201 12.565715346485375 1.040651325136422 3.0423407703638077 17.188645527698103 9.9586124718189222 10.296738499775527 2.5230942815542212 21.408951778896157 4.5926919020712402 16.888237798586488 28.641182823106647 5.0613260557875028 70.190436555538327
leaf_count=2956 14 66 6 19 166 34 33 9 137 22 83 173 35 378
internal_value=-0.000167011 0.0211021 -0.000680346 -0.0441074 -0.000330188 -0.00606594 -0.00277807 -0.0324482 -0.00605386 -0.00850282 0.0156213 -0.0127294 0.00826495 -0.0183789
internal_weight=649.793 14.3681 635.424 4.08299 631.341 186.75 167.038 19.7117 156.741 146.783 21.4809 125.302 26.4703 98.8316
internal_count=4131 80 4051 25 4026 1070 895 175 862 828 105 723 172 551
is_linear=0
shrinkage=0.05


Tree=166
num_leaves=15
num_cat=0
split_feature=42 4 31 28 2 55 29 55 33 33 26 10 7 38
split_gain=2.83414 5.20226 3.47426 7.63145 8.05302 7.33964 7.5078 5.79509 5.70989 7.73875 6.76886 6.6427 6.26343 7.68057
threshold=3.1687355041503911 0.59915444254875194 0.19586530264279628 1.1646341463414636 0.30870452523231512 0.13884103298187259 178.00000000000003 0.22763449698686603 0.6615203619003297 0.29228889942169195 1.9127002954483034 1.5000000000000002 0.77196210622787487 8.1201006596773322
decision_type=2 2 2 2 2 2 2 2 2 2 2 2 2 2
left_child=2 -2 3 7 -5 6 -4 -1 9 12 -10 -11 13 -7
right_child=1 -3 5 4 -6 8 -8 -9 10 11 -12 -13 -14 -15
leaf_value=-0.010823265223277999 -0.05361271878223383 -0.0028676367663314543 0.019858593085267176 -0.029247136922018427 0.0095479115195056807 0.012233108720513289 -0.03689861099231187 0.012080333478470911 -0.028606820052502986 -0.0070777987082564324 0.05989257543199597 -0.031010719178580694 -0.018863491273563751 -0.014938948226215085
leaf_weight=31.487530519254506 5.8783813915215459 19.47993744071573 50.567912716418505 29.340117726009339 23.239287129603326 95.389722876250744 5.6407241970300666 189.98598315287381 2.4686245643533749 73.255483433138579 5.7011523507535458 47.880621953401715 34.057189722545445 34.677878748625517
leaf_count=175 45 123 216 295 161 450 25 1196 59 482 36 501 196 171
internal_value=-0.000158833 -0.0162187 0.000519053 0.004725 -0.0122421 -0.00278171 0.0136174 0.00879005 -0.00595865 -0.00718412 0.0329477 -0.016714 -9.17186e-05 0.00492994
internal_weight=649.051 25.3583 623.692 274.053 52.5794 349.639 56.2086 221.474 293.431 285.261 8.16978 121.136 164.125 130.068
internal_count=4131 168 3963 1827 456 2136 241 1371 1895 1800 95 983 817 621
is_linear=0
shrinkage=0.05


Tree=167
num_leaves=15
num_cat=0
split_feature=17 4 50 26 4 35 19 5 16 35 17 25 7 5
split_gain=2.7903 3.58512 5.12192 6.59413 4.62229 3.98661 4.45711 5.03591 4.05182 5.97594 5.49697 4.57074 6.07336 5.99966
threshold=0.68683574879227061 5.9988920688629159 34.545283234792414 1.4266745284443363 3.9122462272644047 4.6986316647506392 22.262923316520858 3.4274843931198125 1.0000000180025095e-35 1.3438483170545859 0.62089371980676333 1.9000094532966616 0.74301660060882579 1.0265659093856814
decision_type=2 2 2 2 2 2 2 2 2 2 2 2 2 2
left_child=1 2 5 -4 -5 6 7 8 9 -1 11 -11 -13 -14
right_child=-2 -3 3 4 -6 -7 -8 -9 -10 10 -12 12 13 -15
leaf_value=-0.034768211386637861 -0.019051297048782001 -0.025291008412184401 -0.027789957113449365 0.049943451497466387 0.0083010989735865428 -0.029279195403611527 0.037234117538782828 -0.025244447153295792 0.011405349711572733 0.0028744245960493717 0.027959551308910799 -0.0017032138192315277 -0.052604918750587475 -0.011581022143262322
leaf_weight=11.690241267438976 17.97520402027294 12.285799337085335 5.1538018998689976 13.298194302245976 13.376593912951646 10.490154086612163 7.1255076695233575 18.183318190742284 76.610794521868229 278.30020416947082 15.950612842570989 122.03751302137971 11.576219043228773 33.554814760573208
leaf_count=100 147 89 57 58 68 111 37 121 396 1932 99 647 81 188
internal_value=-0.000160071 0.000408603 0.000960123 0.0201784 0.0301156 -0.000117198 0.000464705 -6.12799e-05 0.00081604 -0.00091913 1.17829e-05 -0.00104931 -0.00755974 -0.023016
internal_weight=647.609 629.634 617.348 31.8286 26.6748 585.519 575.029 567.904 549.72 473.11 461.419 445.469 167.169 45.131
internal_count=4131 3984 3895 183 126 3712 3601 3564 3443 3047 2947 2848 916 269
is_linear=0
shrinkage=0.05


Tree=168
num_leaves=15
num_cat=0
split_feature=31 13 13 34 50 0 17 4 35 55 23 40 55 53
split_gain=2.73805 6.42966 7.95248 6.27518 5.67844 7.94325 5.63132 5.20812 5.58011 6.52414 5.20027 5.1397 4.73728 6.06245
threshold=0.31057781919850891 0.48195256175220674 0.72720301227134476 11.493267783607207 2.0580978664807064 1.0000000180025095e-35 0.45903010033444819 3.7129892110824589 1.6295610741434297 0.49892736971378332 0.93290591794759681 7.169630793870752 0.37645593285560613 0.54919354838709689
decision_type=2 2 2 2 2 2 2 2 2 2 2 2 2 2
left_child=7 3 11 12 6 -6 -4 -1 9 -9 -10 -3 13 -2
right_child=1 2 4 -5 5 -7 -8 8 10 -11 -12 -13 -14 -15
leaf_value=0.0040741803183536925 -0.020589188358665723 -0.033155817684515171 0.024528042687460515 -0.032358957178454141 0.010005402867195057 -0.045076733920747285 -0.04537180344415527 -0.048161713384803559 -0.01091809539080423 0.032591525768399736 -0.053143124645071094 0.0070063439990807226 -0.0010331422496710463 0.035765357650419854
leaf_weight=397.21493887482211 5.175501853227618 45.337327147368342 23.892594753764573 8.4958500619977695 13.418261220213026 11.25796826556325 2.3306444436311713 2.1995126698166123 47.803935881704092 11.399669264908878 7.8116153432056299 9.2433847710490209 36.512954972684383 24.513460449874401
leaf_count=2538 22 309 139 45 116 122 33 14 333 69 49 52 182 108
internal_value=-0.000158736 -0.00537651 -0.013274 0.00580357 0.000985764 -0.0159014 0.0168771 0.00186404 -0.0106971 0.0171263 -0.0176828 -0.0263506 0.0111097 0.0255906
internal_weight=646.608 180.178 105.48 74.6978 50.8995 24.6762 26.2232 466.43 69.2147 13.5992 55.6156 54.5807 66.2019 29.689
internal_count=4131 1128 771 357 410 238 172 3003 465 83 382 361 312 130
is_linear=0
shrinkage=0.05


Tree=169
num_leaves=15
num_cat=0
split_feature=28 55 17 37 29 44 43 32 43 29 31 25 27 17
split_gain=2.71754 4.85266 5.79658 4.26988 3.87431 6.29523 7.31938 7.1478 6.77265 14.7852 6.09626 6.72504 5.73819 6.58215
threshold=0.87812782634911069 0.81700304150581371 0.47435897435897439 3.8057700958876874 92.500000000000014 0.24562826007604602 1.7167693838938727 0.13906469760900145 4.2174360451679096 110.50000000000001 0.15034246575342466 0.55341276526451122 0.51350163468313448 0.45903010033444819
decision_type=2 2 2 2 2 2 2 2 2 2 2 2 2 2
left_child=1 2 -1 -4 -2 -6 7 -7 9 -8 -10 -12 -13 -14
right_child=4 -3 3 -5 5 6 8 -9 10 -11 11 12 13 -15
leaf_value=0.021861199436314888 0.020697723633591812 -0.041127040736674572 7.4357564513339265e-05 -0.067124668236430526 -0.029548263090835997 -0.043769338892299621 0.025872246729293214 0.040838762049422439 0.0097225913297369244 -0.038723117502495304 -0.035379644461406588 -0.0052391630937561294 0.014790147529309071 -0.013780916150736953
leaf_weight=11.884767566807573 22.013301943894476 10.081268716603516 5.3716010898351652 3.2187225660309196 16.740765511989594 2.054233385249975 11.790580645203589 17.293037194758654 147.71815207740292 28.810027533676475 13.723494470119475 241.46190296299756 87.912401338573545 25.210714058950543
leaf_count=64 115 90 25 16 436 25 62 74 778 262 229 1318 475 162
internal_value=-0.00016425 -0.0144747 -4.79673e-05 -0.0294783 0.000569435 -0.000211727 0.000690677 0.0301457 -0.000385347 -0.0197934 0.00117699 -0.00226745 -0.000890019 0.00835781
internal_weight=645.285 30.5564 20.4751 8.59032 614.729 592.715 575.975 19.3473 556.627 40.6006 516.027 368.309 354.585 113.123
internal_count=4131 195 105 41 3936 3821 3385 99 3286 324 2962 2184 1955 637
is_linear=0
shrinkage=0.05


Tree=170
num_leaves=15
num_cat=0
split_feature=2 52 29 44 49 2 24 22 21 51 1 2 4 38
split_gain=2.74433 5.97539 6.48638 7.26784 7.52723 5.86217 5.77963 5.36898 5.14689 6.42344 6.66859 9.31958 6.47481 8.35244
threshold=0.29392550885677343 3.5000000000000004 146.50000000000003 1.423404395580292 2.0947850197253088 0.3807275146245957 3.1538361291196044 1.2977416694082866 0.60263157894736852 0.66465863453815277 0.18489120900630954 0.19455468654632571 4.0837790966033944 4.50275855083627
decision_type=2 2 2 2 2 2 2 2 2 2 2 2 2 2
left_child=8 5 3 4 6 -2 -3 -4 9 10 11 -1 -12 -14
right_child=1 2 7 -5 -6 -7 -8 -9 -10 -11 12 -13 13 -15
leaf_value=-0.064011131324475404 0.018184611550937327 -0.012863907312144341 -0.036045360171740842 0.010148019042051653 0.012468832994628825 -0.030697833530973235 -0.061561496536827187 0.014509041896825489 -0.036021645574663218 0.020094072710894986 0.0063972074870646102 -0.0084944607003901631 -0.0514240101580185 0.0021555926475727715
leaf_weight=7.006656016688793 79.495794246904552 18.862640237435702 20.154575589112941 99.005930409301072 16.152835699729621 5.7422258364967993 8.5562048000283522 6.3704827893525353 10.326646792702375 29.790275063831359 163.42703282553703 149.09333490068093 10.892492689657958 18.532060645520687
leaf_count=146 464 175 154 515 121 50 100 37 64 175 975 970 87 98
internal_value=-0.000167909 0.00386213 -0.00159112 0.00268101 -0.014133 0.0145738 -0.0296918 -0.0238178 -0.00280556 -0.00180743 -0.00372926 -0.011378 0.00248859 -0.018717
internal_weight=643.409 254.341 169.103 142.578 43.5717 85.238 27.4188 26.5251 389.068 378.742 348.952 156.1 192.852 29.4246
internal_count=4131 1616 1102 911 396 514 275 191 2515 2451 2276 1116 1160 185
is_linear=0
shrinkage=0.05


Tree=171
num_leaves=15
num_cat=0
split_feature=32 37 30 51 33 34 1 22 27 6 50 3 53 12
split_gain=2.72169 4.53828 4.56441 5.63821 6.36253 5.15576 5.64368 4.88322 4.66589 5.40758 4.17384 4.16461 7.61722 6.28267
threshold=0.74106002554278427 19.651142140084698 91.500000000000014 0.55395010395010413 0.17267686128616336 5.3600956697710194 0.11108820512890817 0.93171215248768124 0.51350163468313448 0.74608734250068676 0.95408568397299065 0.27346041055718479 0.81980519480519487 1.0917342901229861
decision_type=2 2 2 2 2 2 2 2 2 2 2 2 2 2
left_child=11 2 7 5 -5 6 -4 -2 9 -8 -3 12 -1 -14
right_child=1 10 3 4 -6 -7 8 -9 -10 -11 -12 -13 13 -15
leaf_value=0.0025933510806753386 0.025600373649177569 0.053360095572854239 0.03259876941902929 0.026616633738192969 -0.016143030628267972 -0.042336231877883587 -0.0044778035371685126 -0.029859573768512622 0.023015998011219434 -0.0783030572648859 -0.0098272015676818172 0.0067445540821354693 0.02492496358337239 -0.018366437798711572
leaf_weight=232.15825094562024 13.950170725584032 4.6376501843333227 5.3038538452237871 12.329119358211754 24.055711688473821 24.758494866080582 5.0991590339690429 4.4768720418214789 3.0895275846123686 4.0810696855187416 4.3802437037229538 210.20310706319287 8.4173359721899015 84.993816690519452
leaf_count=1687 65 21 29 54 122 129 27 27 16 24 21 1075 36 798
internal_value=-0.000177567 -0.00745249 -0.0106637 -0.0158783 -0.00132938 -0.0280639 -0.00675968 0.0112829 -0.0249477 -0.0417647 0.024751 0.00127514 -0.00226602 -0.0142427
internal_weight=641.934 106.162 97.144 78.7169 36.3848 42.3321 17.5736 18.427 12.2698 9.18023 9.01789 535.773 325.569 93.4112
internal_count=4131 535 493 401 176 225 96 92 67 51 42 3596 2521 834
is_linear=0
shrinkage=0.05


Tree=172
num_leaves=15
num_cat=0
split_feature=38 38 33 38 45 30 21 12 12 33 30 44 43 51
split_gain=2.64156 2.99572 6.60497 5.27219 4.2794 3.89827 3.73875 3.47352 11.4219 7.60335 6.96515 6.97693 7.03325 9.26609
threshold=0.68138136312496844 1.5061765588011615 0.43000398576259619 1.7819196297600191 0.82785560344827591 89.500000000000014 0.43212530712530722 2.2706034183502202 2.1784706115722661 0.2561939805746079 86.500000000000014 0.24562826007604602 1.9873059512711075 0.47023387668320343
decision_type=2 2 2 2 2 2 2 2 2 2 2 2 2 2
left_child=-1 2 5 6 -4 -2 -3 8 9 -5 -9 -12 -13 -14
right_child=1 3 4 7 -6 -7 -8 10 -10 -11 11 12 13 -15
leaf_value=-0.036149349730058337 -0.028440501890941036 -0.053932062299100129 -0.038516250340521738 0.0080943477209868882 0.026668098095756477 0.03876191363628393 0.011592018051351863 0.031966067645721866 -0.042553179251026044 -0.009628745630343629 -0.037539751519017929 0.034615917691012674 0.014503837161431691 -0.0047169233331230964
leaf_weight=4.0607778853736809 1.7144020153209627 6.6638660412281734 6.478986591100691 110.87229883484542 2.9477834119461477 17.706548339221627 2.6109215412288904 18.938616528175771 17.227199141867459 130.85630730120465 10.054865011945365 15.535685922019182 88.903898733668029 206.29194284230471
leaf_count=102 10 86 123 528 35 87 16 108 117 803 266 79 525 1246
internal_value=-0.000168362 0.000117401 0.0155831 -0.000640837 -0.0175301 0.0317274 -0.0361536 -3.13022e-05 -0.00438422 -0.00149994 0.00328984 0.00150277 0.00288251 0.0011012
internal_weight=640.864 636.803 28.8477 607.956 9.42677 19.421 9.27479 598.681 258.956 241.729 339.725 320.786 310.732 295.196
internal_count=4131 4029 255 3774 158 97 102 3672 1448 1331 2224 2116 1850 1771
is_linear=0
shrinkage=0.05


Tree=173
num_leaves=15
num_cat=0
split_feature=55 12 26 3 35 1 26 52 24 30 9 21 6 12
split_gain=2.7444 5.79765 5.84097 6.50202 7.76252 6.60838 5.6527 5.88644 6.48409 5.44487 6.32789 5.85157 5.5348 4.82022
threshold=2.4223345518112187 10.446667194366457 5.3545057773590097 1.0000000180025095e-35 1.6531664244605768 0.37099851667881018 1.9865373175777419 9.5000000000000018 2.3430881477546373 107.50000000000001 0.053342816500711245 0.39879518072289161 0.31966479122638708 2.3775532245635991
decision_type=2 2 2 2 2 2 2 2 2 2 2 2 2 2
left_child=13 2 3 -2 -5 9 -3 -8 -9 10 -6 12 -11 -1
right_child=1 6 -4 4 5 -7 7 8 -10 11 -12 -13 -14 -15
leaf_value=-0.0027483883200151889 -0.027187654669694986 -0.02681567962909517 -0.05280002439578705 -0.035239218445759328 0.036924487373762221 0.03660559855584649 0.053370604815995516 0.041941069211776226 -0.025983901354666855 0.032297254973274847 -0.018664201020847451 0.018784471287344003 -0.055058996441765456 0.0070211162668725458
leaf_weight=292.08722956199199 30.311786176403984 5.9792769760824767 7.2342980410903683 11.115089382976292 11.811791157349946 14.451086801011114 9.1001053787767905 4.9448899533599597 7.5946967005729675 1.4916803315281892 7.723842446692287 5.1710121063515535 9.8301468356512469 220.88312900485471
leaf_count=1667 512 106 80 80 62 64 57 23 38 9 43 28 97 1265
internal_value=-0.000166681 -0.00672471 -0.0123531 -0.00863538 0.000783004 0.00924519 0.0132047 0.0249588 0.00192113 -0.00242133 0.0151077 -0.022861 -0.0418625 0.0014638
internal_weight=639.73 126.76 99.1407 91.9064 61.5946 50.4796 27.619 21.6397 12.5396 36.0285 19.5356 16.4928 11.3218 512.97
internal_count=4131 1199 975 895 383 303 224 118 61 239 105 134 106 2932
is_linear=0
shrinkage=0.05


Tree=174
num_leaves=15
num_cat=0
split_feature=42 4 1 4 22 45 26 23 53 25 4 23 4 30
split_gain=2.66911 4.67159 4.09624 3.64427 3.02374 7.64874 6.59487 5.60319 7.12605 7.06258 6.50302 5.6255 5.94944 6.66029
threshold=3.1687355041503911 0.59915444254875194 0.18376564234495166 2.7023756504058842 0.56599003403607118 0.52419984387197516 5.5081925392150888 0.4525840953509363 0.95916666666666683 1.8764663338661196 4.5604212284088144 0.43153279377742021 1.2180351018905642 88.500000000000014
decision_type=2 2 2 2 2 2 2 2 2 2 2 2 2 2
left_child=4 -2 -3 -4 5 -1 7 8 10 -9 11 12 -6 -14
right_child=1 2 3 -5 6 -7 -8 9 -10 -11 -12 -13 13 -15
leaf_value=-0.0033960991827378046 -0.051475798380087548 -0.045459064948880197 0.025780111102905463 -0.021278550503875112 -0.014726119949259736 0.01264584618417567 -0.028906260269435876 0.012714672557686969 -0.042240008079241213 -0.00705841319086 -0.046596401032320142 -0.046371778159103871 0.055209198454934175 0.0052545358426896839
leaf_weight=157.96892601833679 5.8030200824141529 3.4626517067663398 9.9868930042721313 5.6559180766344062 30.796658731764182 138.74949791794643 21.625928678549826 107.04457692941651 13.645350888604296 76.741183933336288 7.493353073950856 5.312764939852058 6.8232110114768139 47.328138046897948
leaf_count=1053 45 26 59 38 282 839 144 614 142 416 73 39 30 331
internal_value=-0.000160416 -0.0158807 -0.00304658 0.00850908 0.000502608 0.00412261 -0.00289011 -0.000892947 -0.0096931 0.00446475 -0.00476821 -0.00082314 0.00253192 0.0124359
internal_weight=638.438 24.9085 19.1055 15.6428 613.53 296.718 316.811 295.185 111.399 183.786 97.7541 90.2608 84.948 54.1513
internal_count=4131 168 123 97 3963 1892 2071 1927 897 1030 755 682 643 361
is_linear=0
shrinkage=0.05


Tree=175
num_leaves=15
num_cat=0
split_feature=22 3 38 20 27 22 13 36 44 2 17 4 23 32
split_gain=2.7175 4.70308 6.33475 6.08298 5.34994 3.99672 9.85943 6.63702 6.25418 6.08295 6.56904 6.7123 7.01796 6.34836
threshold=0.066551861429267875 0.44562647754137119 2.1592957015810281 2.0104479677261584 0.60302022945331668 0.43341963985061382 0.99591100781751296 21.161027399254603 1.7378271222114565 0.2828060388565064 0.50274725274725285 1.386242210865021 0.45678012871599583 0.52667140825035574
decision_type=2 2 2 2 2 2 2 2 2 2 2 2 2 2
left_child=1 2 -1 4 -4 6 -2 8 -7 -10 11 12 -11 -12
right_child=5 -3 3 -5 -6 7 -8 -9 9 10 13 -13 -14 -15
leaf_value=0.025096106781420453 0.010341093176460599 0.0088958788349850233 -0.047384507236869947 0.014508520915733528 0.015953716497595905 -0.0072563925450862196 -0.020830773093256462 -0.037154130449172255 -0.0046117393571930548 -0.03862854650037166 0.0056212196481714412 0.032143048654788779 0.016548087796179986 -0.060365881513036047
leaf_weight=5.6652970258146516 189.43331706291065 20.142340200021863 23.087321833707396 6.019737576134502 3.3718278515152624 186.65335347619839 28.317710552364588 12.198366941884158 72.649821381550282 7.1031950805336264 12.472518787719311 47.33553063403815 18.955312214791775 4.0672775302082291
leaf_count=81 1078 102 195 35 20 1430 252 90 380 44 71 236 94 23
internal_value=-0.000167362 -0.0103636 -0.0205011 -0.0289667 -0.0390259 0.00087483 0.00621061 -0.00234804 -0.0010297 0.00611948 0.0147437 0.0211154 0.000635941 -0.0131221
internal_weight=637.473 58.2865 38.1442 32.4789 26.4591 579.186 217.751 361.435 349.237 162.584 89.9338 73.394 26.0585 16.5398
internal_count=4131 433 331 250 215 3698 1330 2368 2278 848 468 374 138 94
is_linear=0
shrinkage=0.05


Tree=176
num_leaves=15
num_cat=0
split_feature=2 49 52 43 44 52 49 40 7 22 7 3 29 6
split_gain=2.59388 4.0409 4.50624 3.35399 5.71423 5.35754 5.79267 5.61903 4.85932 5.37237 4.40738 5.89255 5.93824 5.8181
threshold=0.40799759328365331 4.1272609781170164 13.500000000000002 23.249257019608514 2.854890108108521 5.5000000000000009 0.68031866454882073 2.3779726223817446 0.71638727188110363 0.19975417899985506 0.73452958464622509 0.22996794871794876 98.000000000000014 0.74423232674598705
decision_type=2 2 2 2 2 2 2 2 2 2 2 2 2 2
left_child=3 2 -2 10 8 7 -7 -6 -5 -10 -1 12 -12 -14
right_child=1 -3 -4 4 5 6 -8 -9 9 -11 11 -13 13 -15
leaf_value=0.0021361071873039843 -0.062547613504746205 0.031995844781359251 0.0014447587712538403 0.0043490778049814893 -0.03442127514938715 0.017060350809228832 -0.072872007783778128 0.027447098046045077 -0.031533159417682047 0.040548849425593815 0.0097473884679601837 0.00043383803154089839 -0.039749493027836917 -0.0095160264162415555
leaf_weight=360.56431664712727 5.3204299444332701 2.0047498028725377 4.7931366013363004 30.613152083009481 4.6911853272467878 2.1630125679075709 4.5691308043897152 9.4024794176220876 2.1497900718823102 23.798996157944202 15.563416564837096 105.98075970821083 30.24237661017105 34.142772826133296
leaf_count=2266 68 12 32 166 32 10 27 41 14 120 110 537 361 335
internal_value=-0.000165494 -0.0221689 -0.0348185 0.000296694 0.00996947 -0.0120157 -0.0455076 0.00593759 0.0181324 0.0336285 -0.00108875 -0.00732055 -0.0174782 -0.0241077
internal_weight=636 12.1183 10.1136 623.881 77.3877 20.8258 6.73214 14.0937 56.5619 25.9488 546.494 185.929 79.9486 64.3851
internal_count=4131 112 100 4019 410 110 37 73 300 134 3609 1343 806 696
is_linear=0
shrinkage=0.05


Tree=177
num_leaves=15
num_cat=0
split_feature=6 8 8 22 6 33 51 13 40 53 55 51 34 40
split_gain=2.55749 4.13042 4.10332 3.68877 3.15335 6.04635 8.17063 5.99499 5.81908 5.62336 7.0795 5.20035 4.96574 5.68285
threshold=0.87366262078285228 0.31273397803306585 0.32449214160442358 1.4332425842646461 0.74878883361816417 0.35546143352985388 0.30495169082125612 0.96588157932402685 2.0146179420885431 0.4919354838709678 0.609581619501114 0.49305421570519009 8.4424366106820887 4.8105020139131964
decision_type=2 2 2 2 2 2 2 2 2 2 2 2 2 2
left_child=4 3 -3 -2 -1 7 -7 12 9 10 -8 -9 -6 -14
right_child=1 2 -4 -5 5 6 8 11 -10 -11 -12 -13 13 -15
leaf_value=-0.0019129268759227149 -0.05887361371915964 0.03678044658809658 -0.015967765194927604 0.021688514947855061 0.021870098097947405 0.049191413495916408 -0.057487730757699529 0.0044111891466899261 0.0036545853823838695 -0.041194038784748845 0.02677951027663223 -0.061317270949268622 0.010684857690085689 -0.043083633549060453
leaf_weight=424.5330324373208 6.1422261300031122 4.1304096002131727 12.109686854295431 1.220214234665036 84.484596042893827 5.1517339823767534 2.4656956754624861 7.7541410401463491 32.195396453142166 20.231401028344408 7.8947733878158033 3.7950878515839577 16.882448412477974 5.7879156507551661
leaf_count=2803 51 25 94 6 410 27 17 49 204 234 64 29 85 33
internal_value=-0.000166607 -0.0159727 -0.00119684 -0.0445247 0.000468891 0.00586783 -0.00597219 0.0126376 -0.0111986 -0.0264513 0.00342967 -0.0203523 0.0163486 -0.00428285
internal_weight=634.779 23.6025 16.2401 7.36244 611.176 186.643 67.939 118.704 62.7873 30.5919 10.3605 11.5492 107.155 22.6704
internal_count=4131 176 119 57 3955 1152 546 606 519 315 81 78 528 118
is_linear=0
shrinkage=0.05


Tree=178
num_leaves=15
num_cat=0
split_feature=6 45 12 7 31 44 26 2 30 27 17 13 36 2
split_gain=2.53309 2.88793 5.32984 6.21317 4.53912 7.76035 6.25707 5.66252 8.27829 5.29343 7.37811 7.78109 5.89794 6.21205
threshold=0.30452764034271246 0.90550595238095244 7.3915617465972909 0.66168323159217846 0.078023538961038974 0.27999739348888403 1.152867376804352 0.19132671505212787 117.00000000000001 0.48535735956290088 0.46995938843764934 0.43978150970465152 11.639720702767429 0.35206130146980291
decision_type=2 2 2 2 2 2 2 2 2 2 2 2 2 2
left_child=-1 4 -3 -4 5 -2 -7 8 -6 -9 -11 -12 13 -13
right_child=1 2 3 -5 7 6 -8 9 -10 10 11 12 -14 -15
leaf_value=-0.028057455705288989 -0.035652632273354239 -0.042633100432235997 -0.027788851242486402 0.077509235056446982 0.001518595600089904 0.050399167089173885 0.010240751245382316 -0.00342211548499047 -0.055635917093003577 0.012799260675824499 0.023326990892161774 -0.02069861235046937 -0.051331371910982471 0.047773947084006362
leaf_weight=7.0376867381855837 6.7823071093298486 8.785351488972081 2.2542074499651785 1.5807902636006472 14.159571207128467 10.852282602339981 58.366807208396494 339.27774336119182 10.390595502685754 135.07477638637647 10.676400560885666 13.819969294592743 11.406329016666858 3.2765956548973909
leaf_count=76 185 188 57 15 76 61 303 1998 71 801 47 143 89 21
internal_value=-0.000166471 0.000190936 -0.0225821 0.022669 0.000694908 0.0120497 0.0171649 -0.000928281 -0.0239022 0.000214341 0.00727375 -0.0116205 -0.0250578 -0.00566091
internal_weight=633.741 626.704 12.6203 3.835 614.083 76.0014 69.2191 538.082 24.5502 513.532 174.254 39.1793 28.5029 17.0966
internal_count=4131 4055 260 72 3795 549 364 3246 147 3099 1101 300 253 164
is_linear=0
shrinkage=0.05


Tree=179
num_leaves=15
num_cat=0
split_feature=42 4 1 26 45 43 21 51 1 28 35 12 35 51
split_gain=2.56762 4.17691 3.72762 3.51358 3.28772 3.11005 4.71166 6.726 4.9858 4.69887 4.2904 4.7814 4.24389 5.22412
threshold=3.1687355041503911 0.59915444254875194 0.18376564234495166 1.8818222303401682 0.77315608919382517 17.877906638001743 0.24509048902579902 0.4171245421245422 0.40621073544025427 1.017542515703999 3.4418002093881399 0.94704639911651622 1.6112773280418882 0.48295234405269283
decision_type=2 2 2 2 2 2 2 2 2 2 2 2 2 2
left_child=5 -2 -3 4 -4 -1 8 -8 9 -7 11 -11 -9 -14
right_child=1 2 3 -5 -6 6 7 12 -10 10 -12 -13 13 -15
leaf_value=-0.0016784042446600055 -0.04940318123490077 -0.043928970547387064 -0.052994231905607994 0.022793835203398054 0.021018777027074761 0.045641119076848931 -0.037166861014180319 0.024908597414977435 -0.04884676386718842 -0.035446647473997291 -0.025545201735769459 0.022730989152375015 0.017979526545490152 -0.010334080357637013
leaf_weight=444.73434352013282 5.7624350301921394 3.4318186636082855 2.7824390223249784 10.831700428389011 1.7774040130898354 12.891474401578305 10.037151508033274 18.417032071389258 1.8208658881485451 2.9915453121066085 5.7152717597782603 38.21612162515521 22.867155293468386 50.349858175963163
leaf_count=3061 45 26 30 58 9 70 61 91 11 13 39 224 120 273
internal_value=-0.000162159 -0.0156787 -0.00338314 0.00778572 -0.0255528 0.000489955 0.00636935 -0.000273676 0.0171568 0.0199363 0.0120692 0.0177677 0.00412502 -0.00136806
internal_weight=632.627 24.5858 18.8234 15.3915 4.55984 608.041 163.306 101.671 61.6353 59.8144 46.9229 41.2077 91.634 73.217
internal_count=4131 168 123 97 39 3963 902 545 357 346 276 237 484 393
is_linear=0
shrinkage=0.05


Tree=180
num_leaves=15
num_cat=0
split_feature=32 37 21 45 24 5 5 44 1 24 7 24 44 3
split_gain=2.51866 4.13504 3.85803 6.89666 6.6201 5.65546 6.2128 5.50051 6.81183 5.40503 5.38826 6.49032 6.67019 5.78852
threshold=0.74106002554278427 19.651142140084698 0.40946348733233989 0.63811445341159223 2.461312007404644 3.6659069061279301 1.6697986721992495 0.44148889183998113 0.093819636851549162 2.056538440555713 0.68902939558029186 2.2828824331294775 3.4015533924102788 0.22767145135566189
decision_type=2 2 2 2 2 2 2 2 2 2 2 2 2 2
left_child=2 -2 7 4 9 6 -6 8 -1 -4 11 -9 -13 -12
right_child=1 -3 3 -5 5 -7 -8 10 -10 -11 13 12 -14 -15
leaf_value=0.022765301187139892 -0.010268205369688416 0.0238529985344661 -0.010235933416801062 0.014474180293633824 -0.0156120128690808 -0.053102880174257509 0.020579817966463024 0.027229012044744996 -0.031441962444100746 -0.049562070949410092 -0.0072701273262547467 0.0085040023090115734 -0.041440642351971355 0.0084053512168574453
leaf_weight=7.0513525838032391 96.113233025651425 8.8261250928044301 18.121314056683332 27.469430500175804 21.689144391566515 3.8979687895625821 23.87724938057363 48.52224746812135 21.030294429510832 17.148101406637579 121.58200868731365 97.883716587908566 6.181901302188634 112.3532538190484
leaf_count=128 493 42 150 131 144 33 131 258 443 133 928 511 40 566
internal_value=-0.00016488 -0.00720031 0.00124755 -0.0069385 -0.013968 -0.00202817 0.00338755 0.00347429 -0.0175157 -0.0301957 0.00504051 0.0123169 0.00517091 0.000262145
internal_weight=631.747 104.939 526.808 112.203 84.7338 49.4644 45.5664 414.605 28.0816 35.2694 386.523 152.588 104.066 233.935
internal_count=4131 535 3596 722 591 308 275 2874 571 283 2303 809 551 1494
is_linear=0
shrinkage=0.05


Tree=181
num_leaves=15
num_cat=0
split_feature=35 13 55 4 44 31 22 55 32 25 2 26 13 21
split_gain=2.52768 5.45379 3.29642 3.14577 2.89662 6.68258 5.71293 8.81925 8.37066 6.85305 6.13131 7.37331 7.15456 8.27907
threshold=1.3438483170545859 0.15914812085114768 0.17793201655149463 1.1686016321182253 1.7378271222114565 0.32529069767441871 0.33275950270096344 0.30555227398872381 0.044786096256684498 1.9000094532966616 0.24321831762790683 3.5430918931961064 0.50197514828396606 0.36266924564796915
decision_type=2 2 2 2 2 2 2 2 2 2 2 2 2 2
left_child=1 2 -1 -3 6 -6 7 -2 -9 10 11 12 13 -8
right_child=4 3 -4 -5 5 -7 9 8 -10 -11 -12 -13 -14 -15
leaf_value=0.011064971235212691 0.030161121084174843 -0.024263674635366328 -0.070909109050227029 0.029900806666487763 0.0091733854446776047 -0.0077360850339659483 -0.023450304505158202 0.064856787928515625 -0.0042574830620447854 -0.023403351559565435 0.0039706185113890912 0.034331592739777851 -0.045336259090837022 0.041748920225325503
leaf_weight=1.2648551603779186 27.194025576114655 4.014416757039724 4.4873838098719716 4.7995276041328907 194.32769626984373 82.48640882410109 15.168687695637347 3.576719708275049 101.59214567299932 52.276436193380505 107.8626309891697 5.154318217188119 20.097606991184875 5.9742516651749602
leaf_count=7 128 36 38 38 995 465 203 90 736 359 806 25 177 28
internal_value=-0.000164304 -0.0200629 -0.0539147 0.00527233 0.000338216 0.00412491 -0.00275783 0.0053269 -0.00131821 -0.00793985 -0.00258242 -0.0175798 -0.0247269 -0.00397387
internal_weight=630.277 14.5662 5.75224 8.81394 615.711 276.814 338.897 132.363 105.169 206.534 154.257 46.3949 41.2405 21.1429
internal_count=4131 119 45 74 4012 1460 2552 954 826 1598 1239 433 408 231
is_linear=0
shrinkage=0.05


Tree=182
num_leaves=15
num_cat=0
split_feature=13 13 14 33 31 21 28 28 53 12 49 14 43 43
split_gain=2.44979 12.0309 7.02739 6.84262 10.0921 10.5055 9.17432 10.1559 7.74972 7.69213 7.54804 7.90413 7.34793 8.97901
threshold=0.20406178035963365 0.44643722098894673 0.082580051741198354 0.16187972575426104 0.20611577964519143 0.22335600907029482 1.021779641276497 1.1612697603263642 0.87750000000000006 3.9055632352828984 3.4215370637847826 0.27298455960183349 5.2757633688006029 9.8559697213984965
decision_type=2 2 2 2 2 2 2 2 2 2 2 2 2 2
left_child=-1 -2 -3 8 6 -6 10 12 9 -4 11 -5 -8 -14
right_child=1 2 3 4 5 -7 7 -9 -10 -11 -12 -13 13 -15
leaf_value=-0.0055955357727763434 0.019958779084377973 0.012999445491794171 0.005842399310391818 0.0086323526457633224 0.0014369856321328983 -0.027569987839233742 -0.023516963156897466 -0.024888944863579187 0.031671007505910918 -0.052471882913464135 0.020955289339082875 -0.052072011773620822 0.046035279544460142 0.0091453332667332642
leaf_weight=154.77068695053458 74.34209044277668 65.763173032319173 33.30869111046195 7.2358936318196418 47.27466321317479 90.338824057718739 9.4949590405449253 17.38985190843232 24.044582661241293 5.7772935424000016 7.3441575597971669 17.22854353254661 23.957814780529588 50.664305137936026
leaf_count=1201 338 392 172 43 314 767 100 129 104 33 36 132 104 266
internal_value=-0.000154237 0.00162988 -0.00181945 -0.00476679 -0.0082197 -0.0176667 0.00159078 0.00894489 0.00994869 -0.00387099 -0.0214349 -0.0344835 0.0161497 0.0214412
internal_weight=628.936 474.165 399.823 334.06 270.929 137.613 133.316 101.507 63.1306 39.086 31.8086 24.4644 84.1171 74.6221
internal_count=4131 2930 2592 2200 1891 1081 810 599 309 205 211 175 470 370
is_linear=0
shrinkage=0.05


Tree=183
num_leaves=15
num_cat=0
split_feature=51 1 5 24 28 55 12 35 33 14 36 31 55 12
split_gain=2.40519 9.05238 6.3792 5.08523 4.29718 8.48464 5.80123 5.3849 4.91133 5.31094 4.6091 4.51361 5.76587 10.1785
threshold=0.66465863453815277 0.17488130927085879 0.53518593311309826 2.056538440555713 0.97258225324027925 0.86675763130187999 1.6210815310478213 2.4090827303896472 0.29836167395114904 0.42496937348911273 7.0331157143233272 0.30816714150047492 0.25700588524341589 1.8364367485046389
decision_type=2 2 2 2 2 2 2 2 2 2 2 2 2 2
left_child=4 -2 3 -3 5 6 7 8 9 -1 -7 -6 13 -13
right_child=1 2 -4 -5 11 10 -8 -9 -10 -11 -12 12 -14 -15
leaf_value=0.031409434417121705 0.02411737513567451 0.0086095077218967375 0.0050844502207074253 -0.069189092867014551 0.0033028839487835452 0.0032803932096476373 0.019291809638970439 -0.07335082319759316 -0.05143911207113834 -0.036640783487472461 -0.049000324148171064 0.020535104189957215 -0.01416712324955524 -0.030897193630031967
leaf_weight=8.2102901078760642 37.912215856602415 2.72273519029841 15.572090560570357 5.9335168227553368 361.75771584757604 5.3158572989050326 19.686297237873077 2.6925490749999872 3.25684437341988 3.213036246597766 17.364105446729809 35.266553951427341 95.752006841357797 12.125765167176722
leaf_count=36 230 20 88 46 2391 61 100 18 29 14 160 144 738 56
internal_value=-0.000148565 0.00910742 -0.0144049 -0.0463609 -0.00118152 -0.0137465 0.00116076 -0.0193166 -0.0053601 0.0108603 -0.0371254 0.000329386 -0.00715609 0.00700913
internal_weight=626.782 62.1406 24.2283 8.65625 564.641 59.739 37.059 17.3727 14.6802 11.4233 22.68 504.902 143.144 47.3923
internal_count=4131 384 154 66 3747 418 197 97 79 50 221 3329 938 200
is_linear=0
shrinkage=0.05


Tree=184
num_leaves=15
num_cat=0
split_feature=22 5 52 39 13 55 2 8 1 22 8 4 5 14
split_gain=2.49706 4.41252 4.24958 5.84573 5.08309 4.04571 5.66852 6.50633 4.36057 3.69419 4.18262 3.79102 3.6303 7.27099
threshold=0.066551861429267875 1.2722032666206362 7.5000000000000009 1.244988818612655 0.2123119606896974 0.2786554247140885 0.30536167323589331 0.30779494345188146 0.30118873715400701 0.099993668669626473 0.4179432094097138 5.9988920688629159 0.89248007535934459 0.20267908004958393
decision_type=2 2 2 2 2 2 2 2 2 2 2 2 2 2
left_child=1 5 3 -3 -4 -1 7 -7 -9 10 -2 12 13 -11
right_child=9 2 4 -5 -6 6 -8 8 -10 11 -12 -13 -14 -15
leaf_value=0.030718180230292894 0.021518584130622756 0.013926367161119713 -0.048257757850885485 -0.061701381863657048 0.018099492632302667 0.016489720933338489 0.023026516935772467 -0.061692976937063743 0.010583450584909584 -0.00014053346046350134 -0.042575525917304728 -0.030585503953737089 0.0026113262590316873 -0.029007883323995953
leaf_weight=8.0259724073111993 31.258828392717987 2.9250959239434478 3.2119515566155306 9.8006308753974718 8.1860711523331684 5.7008522767573657 8.6323651573620719 8.3949087057262641 2.3436380745843044 86.683270365931094 1.8423431701958168 9.049953574780373 411.3219165422488 28.152554963715374
leaf_count=41 178 20 22 85 46 47 66 87 19 781 18 69 2480 172
internal_value=-0.000157863 -0.0100204 -0.0258221 -0.0445697 -0.00298403 0.00191637 -0.00812824 -0.02487 -0.0463612 0.000851028 0.0168073 -0.000165332 0.000414925 -0.00740683
internal_weight=625.53 57.2215 24.1237 12.7257 11.398 33.0977 25.0718 16.4394 10.7385 568.309 33.1012 535.208 526.158 114.836
internal_count=4131 433 173 105 68 260 219 153 106 3698 196 3502 3433 953
is_linear=0
shrinkage=0.05


Tree=185
num_leaves=15
num_cat=0
split_feature=2 49 52 2 52 29 36 27 40 45 35 40 21 30
split_gain=2.43644 3.61332 4.03446 3.35743 5.67529 6.76751 7.99834 6.55643 6.33382 5.83345 6.94457 5.11436 5.71848 5.03532
threshold=0.40799759328365331 4.1272609781170164 13.500000000000002 0.29392550885677343 3.5000000000000004 123.50000000000001 14.539337553203101 0.5743232993788896 0.63226783981067725 0.44023809523809526 1.8373951380418498 5.6282192014089309 0.60263157894736852 78.500000000000014
decision_type=2 2 2 2 2 2 2 2 2 2 2 2 2 2
left_child=3 2 -2 11 13 6 8 9 -6 -7 -11 12 -1 -5
right_child=1 -3 -4 4 5 7 -8 -9 -10 10 -12 -13 -14 -15
leaf_value=-0.0040841558721979518 -0.060392947453602401 0.030035225495573581 0.0010110995867368539 -0.029127479203328407 -0.027909942295329573 -0.047431776764660732 -0.018536315722703894 0.012889137183565075 0.01909763059985933 -0.046461056848628973 0.010429128689197029 0.0099400993131210386 -0.043464615328292364 0.019030907921387105
leaf_weight=304.04535593185574 5.1708257277496141 1.9518650192767371 4.6648296513594687 4.9680222403258076 7.0725546530447891 16.216620148159564 22.810995138715953 14.77350230142474 71.176247529219836 6.9638646049425033 15.628185173030941 65.885974045842886 8.5248870120849443 74.89425744023174
leaf_count=2113 68 12 32 33 52 120 162 92 448 45 101 344 58 451
internal_value=-0.000161337 -0.0217624 -0.0338647 0.000288831 0.00497794 -0.000630791 0.00697358 -0.0148382 0.0145503 -0.0254519 -0.00833298 -0.00262216 -0.00529339 0.0157119
internal_weight=624.748 11.7875 9.83566 612.96 234.504 154.642 101.06 53.5822 78.2488 38.8087 22.592 378.456 312.57 79.8623
internal_count=4131 112 100 4019 1504 1020 662 358 500 266 146 2515 2171 484
is_linear=0
shrinkage=0.05


Tree=186
num_leaves=15
num_cat=0
split_feature=38 43 44 43 29 3 52 20 53 13 13 21 29 44
split_gain=2.38435 2.74162 6.97195 6.94628 10.3593 6.45161 4.64946 4.58212 3.79466 3.77924 4.73202 6.60789 5.75219 5.08568
threshold=0.68138136312496844 1.7167693838938727 0.19327680021524432 4.2174360451679096 110.50000000000001 0.075235849056603785 28.500000000000004 0.002494255225905941 0.24068965517241384 5.8356496960517825 1.0826116543408086 0.14459930313588851 93.500000000000014 1.7832407951354983
decision_type=2 2 2 2 2 2 2 2 2 2 2 2 2 2
left_child=-1 2 -2 4 7 -4 8 -3 -6 10 -5 -12 -13 -14
right_child=1 3 5 9 6 -7 -8 -9 -10 -11 11 12 13 -15
leaf_value=-0.035185914222926648 -0.032543384941637075 -0.01091922097878955 -0.031164559228366709 0.0018956670938171307 0.0045894500409416053 0.039952174910395537 0.0098214397426781806 0.040744369732730663 -0.050313730746208957 0.027255860558140922 0.012810973873666774 0.019293458605408081 -0.049249744372366747 -0.0081520052127687318
leaf_weight=3.8233091102447352 5.0673223838675794 8.4392591854557377 3.0705348202027407 482.56810027221218 3.4429886315483662 17.68620846234262 4.4825125862844279 7.0965489894151679 22.828796395333484 12.357156233862041 15.793125587515531 5.5403394754976025 18.643819924443964 12.956488478928803
leaf_count=102 75 92 41 2754 67 79 36 35 314 50 101 34 254 97
internal_value=-0.000167229 0.000105042 0.0157414 -0.000599881 -0.0189862 0.028483 -0.0354182 0.0137169 -0.0432141 0.000985391 0.000329504 -0.0137188 -0.02504 -0.0331661
internal_weight=623.797 619.973 25.8241 594.149 46.2901 20.7567 30.7543 15.5358 26.2718 547.859 535.502 52.9338 37.1406 31.6003
internal_count=4131 4029 195 3834 544 120 417 127 381 3290 3240 486 385 351
is_linear=0
shrinkage=0.05


Tree=187
num_leaves=15
num_cat=0
split_feature=17 31 50 31 26 27 40 17 31 55 27 2 55 5
split_gain=2.38563 3.56531 3.05787 7.154 3.71176 3.6348 3.91524 4.98419 3.62734 7.49976 7.18519 6.61126 6.06935 5.23754
threshold=0.68683574879227061 0.4010869565217392 31.484269891316416 0.12974987974987975 1.4266745284443363 0.090261285097270563 1.3710458890058079 0.58468705207835658 0.15821566110397947 0.42679640650749212 0.68877328434860163 0.19823490083217624 13.224465370178224 0.94149911403656017
decision_type=2 2 2 2 2 2 2 2 2 2 2 2 2 2
left_child=2 -2 8 5 -5 -4 -7 -8 -1 -10 11 -11 13 -13
right_child=1 -3 3 4 -6 6 7 -9 9 10 -12 12 -14 -15
leaf_value=0.0052091080254724788 -0.02728775260495956 0.030317208525584893 -0.048228490396314501 -0.023320215729867581 0.038211423794615756 -0.032063181687540791 0.035964084920300031 -0.030792311993903483 0.0053630859576778659 -0.06003110242876282 0.015078758413484239 -0.028239209921472587 0.049016588358083785 -0.0075763964643811472
leaf_weight=180.2811525457073 14.724898512940856 2.3757461085915557 3.5200217291712788 2.0953790745697942 20.557778072543442 4.7701919074170318 8.7111383778974396 3.0546549810096613 149.06405459158123 6.0021692691370836 26.644556344719604 37.367128817830235 3.2461569495499125 159.9693301951047
leaf_count=1314 135 12 24 27 94 54 50 16 696 52 208 257 14 1178
internal_value=-0.000165332 -0.0180521 0.00036895 0.0131086 0.0317746 -0.00848236 0.0022462 0.0175782 -0.00061975 -0.00337493 -0.00895872 -0.0121167 -0.0103922 -0.0116117
internal_weight=622.384 17.1006 605.284 42.7092 22.6532 20.056 16.536 11.7658 562.575 382.293 233.229 206.585 200.583 197.336
internal_count=4131 147 3984 265 121 144 120 66 3719 2405 1709 1501 1449 1435
is_linear=0
shrinkage=0.05


Tree=188
num_leaves=15
num_cat=0
split_feature=20 38 20 20 2 35 44 2 25 16 32 49 49 4
split_gain=2.37473 3.96392 3.24916 3.24037 3.53594 4.91228 5.01184 4.80496 3.82571 3.78391 5.01719 3.87447 3.85961 3.73841
threshold=8.0052582509154799 2.3481549491530775 6.2300817921846603 5.3939143513392169 0.3807275146245957 1.7383259642192392 2.3159894943237309 0.36943006515502935 1.9788442850112917 1.0000000180025095e-35 0.78065486134313411 0.60296953333934 2.9170017094571858 0.94337111711502086
decision_type=2 2 2 2 2 2 2 2 2 2 2 2 2 2
left_child=2 -2 3 4 7 -6 -7 9 -9 -1 13 -12 -13 -11
right_child=1 -3 -4 -5 5 6 -8 8 -10 10 11 12 -14 -15
leaf_value=-0.0021249373448575136 -0.030271239660064939 0.032031883460440565 -0.04117270075738156 0.045289965001313708 0.01804041489403551 -0.013446864674134605 -0.072680078213727226 0.045742513692798185 -0.021056668028893832 0.030686360624097537 0.02473594946592271 -0.049871999773529706 0.014824776809145575 0.0059153337080021084
leaf_weight=490.33292379276827 2.3811131948605171 11.197430476546286 3.9046498863026491 2.8709558090195051 5.6500544978771385 11.709818447474392 4.5642320504412046 8.5919507797807437 2.1179222082719198 23.873426522128284 3.2280710786581031 7.1696708612143976 2.6790777072310448 40.919193105772138
leaf_count=3355 20 60 25 15 43 110 31 45 14 125 17 36 12 223
internal_value=-0.000163338 0.0197795 -0.000640775 -0.00031097 -0.000603754 -0.0198632 -0.0333052 0.000158619 0.0318626 -0.000493887 0.00967333 -0.0176397 -0.0325288 0.0153701
internal_weight=621.19 13.5785 607.612 603.707 600.836 21.9241 16.2741 578.912 10.7099 568.202 77.8694 13.0768 9.84875 64.7926
internal_count=4131 80 4051 4026 4011 184 141 3827 59 3768 413 65 48 348
is_linear=0
shrinkage=0.05


Tree=189
num_leaves=15
num_cat=0
split_feature=22 53 7 49 28 4 22 20 22 36 38 51 53 12
split_gain=2.35511 4.33044 5.13416 6.67227 4.69278 3.95935 3.59236 5.54142 5.66613 5.10511 5.04889 6.01811 5.95696 5.92141
threshold=0.066551861429267875 0.59629629629629644 0.64633271098136913 1.8335918278913914 1.1498031496062995 1.8634595870971682 0.56599003403607118 14.082027827702104 0.63223326614265429 21.161027399254603 3.090532633880176 0.40642170329670335 0.32795698924731187 1.9706116914749148
decision_type=2 2 2 2 2 2 2 2 2 2 2 2 2 2
left_child=1 -1 -3 4 -4 -6 -2 8 -8 10 13 -12 -13 -10
right_child=6 2 3 -5 5 -7 7 -9 9 -11 11 12 -14 -15
leaf_value=-0.030052576666187693 0.0053592070936566358 0.027895379306284981 -0.052878148998268051 0.014175127282854541 -0.030592842568986939 0.039969519532041087 -0.031231588826114078 0.045188199331997088 0.010470607398287875 -0.035758868879722558 -0.016229915041850246 0.041293824413950721 0.0038618136648372429 -0.024358556773661749
leaf_weight=17.088390062563121 245.46660009096377 10.509689556434749 9.5203141204547155 13.19243956543505 3.3191735716536632 2.6862020301632583 16.485601460561156 4.9410656830295911 16.794790527783334 9.7539525860920531 34.928569998126477 10.296954558696596 186.32114258548245 39.483760516624898
leaf_count=153 1556 76 77 77 32 18 118 23 112 74 227 59 1124 405
internal_value=-0.000155678 -0.00981312 -0.000468532 -0.011438 -0.0327426 0.00216975 0.000823474 -0.00267249 -0.0035665 -0.00193442 -0.00066832 0.00260927 0.00602118 -0.0139634
internal_weight=620.789 56.3162 39.2278 28.7181 15.5257 6.00538 564.472 319.006 314.065 297.579 287.825 231.547 196.618 56.2786
internal_count=4131 433 280 204 127 50 3698 2142 2119 2001 1927 1410 1183 517
is_linear=0
shrinkage=0.05


Tree=190
num_leaves=15
num_cat=0
split_feature=5 20 20 19 3 6 51 1 5 28 51 49 9 30
split_gain=2.29919 5.5981 4.2005 3.09447 3.04649 3.96477 2.92746 6.64466 7.58078 5.1577 4.13185 10.6341 4.48855 4.14743
threshold=3.4274843931198125 3.5471956793143189 0.090841590308344114 4.5230225050653639 0.55718954248366026 0.69747036695480358 0.66465863453815277 0.17488130927085879 0.84317946434021007 0.98941769316909312 0.63211600429645554 3.819705114406545 0.82480818414322254 119.50000000000001
decision_type=2 2 2 2 2 2 2 2 2 2 2 2 2 2
left_child=6 2 3 4 5 -2 10 -8 9 -9 13 12 -12 -1
right_child=1 -3 -4 -5 -6 -7 7 8 -10 -11 11 -13 -14 -15
leaf_value=0.0028303572505760134 -0.060066404288083186 0.035857197774013375 -0.055059776095443269 0.027697367961843918 0.024502826648346684 0.00069469229054354561 0.023661850151903419 0.017745180703401676 0.015801793097703774 -0.05835569193158692 -0.049868887784988963 0.040673792876974597 0.011701089044003642 -0.0075669968915102089
leaf_weight=385.55021579260938 4.8588648857548886 3.7411972386762491 6.5060206404887131 3.4918478513136497 2.2293899748474351 4.9139231906738132 37.14356606034562 2.4594568926841038 12.294042775407432 7.781786716543138 14.496667739469563 4.5826802588999263 3.2460918501019469 126.56459712889045
leaf_count=2476 47 20 45 21 11 38 229 13 63 66 110 23 19 950
internal_value=-0.000150212 -0.0144924 -0.0242413 -0.00874687 -0.0206645 -0.0322862 0.000494496 0.0109023 -0.0102403 -0.0401271 -0.000685893 -0.0212664 -0.0385812 0.000251005
internal_weight=619.86 25.7412 22 15.494 12.0022 9.77279 594.119 59.6789 22.5353 10.2412 534.44 22.3254 17.7428 512.115
internal_count=4131 182 162 117 96 85 3949 371 142 79 3578 152 129 3426
is_linear=0
shrinkage=0.05


Tree=191
num_leaves=15
num_cat=0
split_feature=35 13 55 4 44 31 23 49 3 13 22 55 14 45
split_gain=2.33472 4.93745 2.91578 2.9049 2.69402 5.92387 5.32568 5.81729 5.24842 5.50001 5.13008 7.29184 7.65334 8.2509
threshold=1.3438483170545859 0.15914812085114768 0.17793201655149463 1.1686016321182253 1.7378271222114565 0.32529069767441871 0.74143185736017037 1.4152474515996976 0.088562091503267992 0.56885986704110203 0.33275950270096344 0.30555227398872381 0.058501805981059772 0.65345368916797497
decision_type=2 2 2 2 2 2 2 2 2 2 2 2 2 2
left_child=1 2 -1 -3 10 -6 7 -7 -8 -10 11 -2 -13 -14
right_child=4 3 -4 -5 5 6 8 -9 9 -11 -12 12 13 -15
leaf_value=0.010040170619749066 0.028068324939272034 -0.023791617721317201 -0.067985625050368051 0.028824193660481258 0.0088224149448595992 -0.01848463397350018 -0.052853149821313887 0.017683485833452407 0.0065843288363028642 -0.039166824187824162 -0.0076244982290834045 0.013400284365027751 -0.022595450782250264 0.026145918727610074
leaf_weight=1.2380468742921937 26.272798919118941 3.8899968825280649 4.3975850287824869 4.6971331974491477 190.93160510342568 16.842205187771469 8.7759757917374355 28.589222246780992 18.051310081034902 9.1259104162454587 202.90932119567879 48.266995415091515 45.283521022414789 9.8037182893604022
leaf_count=7 128 36 38 38 995 121 70 147 81 46 1598 387 394 45
internal_value=-0.000145251 -0.0194849 -0.0519148 0.0049936 0.000340919 0.00402056 -0.00721514 0.00416601 -0.0213202 -0.00962336 -0.00267538 0.00507069 -0.000988289 -0.0136096
internal_weight=619.075 14.2228 5.63563 8.58713 604.853 272.316 81.3846 45.4314 35.9532 27.1772 332.536 129.627 103.354 55.0872
internal_count=4131 119 45 74 4012 1460 465 268 197 127 2552 954 826 439
is_linear=0
shrinkage=0.05


Tree=192
num_leaves=15
num_cat=0
split_feature=6 39 12 27 12 26 42 45 53 23 53 17 7 45
split_gain=2.32685 3.79166 2.50071 3.91863 4.54138 6.88987 3.79827 5.37552 6.08262 4.51279 3.78866 8.69414 4.55624 4.54358
threshold=0.30452764034271246 5.2058139791170559 0.42942979931831365 0.30858633375717187 0.31737540662288671 2.1953680515289311 0.074681848287582411 0.7239110707803994 0.62284482758620696 0.48670919417687092 0.46862745098039221 0.13115145723841379 0.80136168003082286 0.88348416289592768
decision_type=2 2 2 2 2 2 2 2 2 2 2 2 2 2
left_child=1 -1 3 -2 5 -5 7 8 -4 -10 11 13 -13 -8
right_child=2 -3 6 4 -6 -7 10 -9 9 -11 -12 12 -14 -15
leaf_value=-0.048229914992596129 0.03981208166943493 0.023399684604723681 -0.039059881202383205 0.022477927015564961 0.030134910880208435 -0.063995741658719976 -0.0033516433219073043 0.035824039168352716 0.030252276961004479 -0.02541894541179919 -0.0013027874993111943 0.025219163592924462 -0.013581933728941623 -0.054893246760441883
leaf_weight=4.8699729535728684 9.048091650009157 1.9773334488272665 19.905003546271473 3.5492538660764676 5.4509893581271172 3.9956075921654701 28.708792770281434 3.573194447439163 6.8014569007791561 5.8463712194934487 455.94556664652191 55.820892308838665 8.0843496937304717 4.0570726091973475
leaf_count=59 31 17 190 13 21 18 225 20 50 47 3001 288 47 104
internal_value=-0.000145578 -0.0271991 0.000201672 0.0163599 -0.00164619 -0.0254469 -0.000430044 -0.0159115 -0.0224888 0.0045417 0.000608936 0.00954653 0.020177 -0.0111702
internal_weight=617.634 6.84731 610.787 22.0439 12.9959 7.54486 588.743 36.126 32.5528 12.6478 552.617 96.6711 63.9052 32.7659
internal_count=4131 76 4055 83 52 31 3972 307 287 97 3665 664 335 329
is_linear=0
shrinkage=0.05


Tree=193
num_leaves=15
num_cat=0
split_feature=28 33 51 17 40 37 29 44 43 3 43 29 33 24
split_gain=2.28284 3.84943 3.92668 3.92404 3.08592 3.17325 3.01365 4.40383 5.45459 5.91874 5.13955 12.0379 5.47448 5.51948
threshold=0.87812782634911069 0.22661898285150531 0.39886363636363642 0.37910628019323678 1.4386440438960324 1.8266181184824464 92.500000000000014 0.24562826007604602 1.7167693838938727 0.075235849056603785 4.2174360451679096 110.50000000000001 0.6615203619003297 5.3273465909511808
decision_type=2 2 2 2 2 2 2 2 2 2 2 2 2 2
left_child=1 2 -1 -4 5 -3 -2 -8 9 -9 11 -10 -12 -14
right_child=6 4 3 -5 -6 -7 7 8 10 -11 12 -13 13 -15
leaf_value=-0.045130742097071894 0.018669772209712304 -0.040215719851173774 0.043891949601575206 -0.00821679714101811 -0.048227914162456795 0.02951292241899002 -0.026281893841728632 -0.030537773194111974 0.024472450686038885 0.038940723079328499 -0.00042685124327742648 -0.035321608467060409 0.026597846944592819 -0.036920371049883639
leaf_weight=2.3781410083174732 21.070020963205025 1.7809643694199611 5.4178202673792821 7.6785871535539627 8.7495763134211284 2.9486435209400952 14.692340509500353 2.9852319541387287 11.169125563465057 15.374781366437672 461.31101838522591 27.227092645131052 30.833363565150648 2.9549103807657948
leaf_count=12 115 31 27 34 66 25 436 36 62 63 2699 262 232 31
internal_value=-0.000142319 -0.013607 0.00351587 0.0149244 -0.0321499 0.000819869 0.000543119 -0.000162722 0.000578943 0.0266501 -0.000366465 -0.0177484 0.0010146 0.0201413
internal_weight=616.572 28.9537 15.4745 13.0964 13.4792 4.72961 587.618 566.548 551.856 18.36 533.496 38.3962 495.099 33.7883
internal_count=4131 195 73 61 122 56 3936 3821 3385 99 3286 324 2962 263
is_linear=0
shrinkage=0.05


Tree=194
num_leaves=15
num_cat=0
split_feature=22 28 13 7 33 45 45 53 26 22 13 25 17 2
split_gain=2.2709 4.13747 4.80406 4.18619 5.72405 4.88473 4.00571 5.38702 4.18791 3.1353 8.63362 5.20679 5.115 4.84785
threshold=0.066551861429267875 1.021779641276497 0.11778191182294469 0.66521948575973522 0.31637176871299749 0.46702898550724642 0.42776886035313005 0.59629629629629644 3.1913108825683598 0.43341963985061382 0.99591100781751296 2.6746871471405034 0.36811594202898551 0.2560944557189942
decision_type=2 2 2 2 2 2 2 2 2 2 2 2 2 2
left_child=1 2 -1 6 5 -5 -3 8 -8 10 -2 13 -12 -11
right_child=9 3 -4 4 -6 -7 7 -9 -10 11 12 -13 -14 -15
leaf_value=-0.065832446419708437 0.0095516808356425342 -0.033033476043501618 -0.0062005874148027794 -0.033951444071158514 -0.042836122630235098 0.024655168131003418 -0.042638993361901988 0.047339913944354398 0.027871307082821845 -0.0086802789243486476 -0.042470256620587454 -0.020735581212284498 0.00014126599181181894 0.0043364621124013184
leaf_weight=5.2710072021000069 183.14218892343342 2.6943296843674061 7.8269299743697047 4.3657817160710719 9.8064373536035401 9.6053026467561704 3.3558389758691183 9.4698018934577686 3.136097826063633 107.3923904534895 12.454148768913003 32.801431257976219 14.764393017161636 209.32662626029924
leaf_count=37 1078 34 50 36 105 50 44 59 18 788 112 222 140 1358
internal_value=-0.000142799 -0.00969409 -0.0331657 -0.00185234 -0.015482 0.00529684 0.0154229 0.0250676 -0.00940346 0.000820135 0.00562873 -0.00208175 -0.0201702 -9.06547e-05
internal_weight=615.413 55.5315 13.0979 42.4336 23.7775 13.9711 18.6561 15.9617 6.49194 559.881 210.361 349.52 27.2185 316.719
internal_count=4131 433 87 346 191 86 155 121 62 3698 1330 2368 252 2146
is_linear=0
shrinkage=0.05


Tree=195
num_leaves=15
num_cat=0
split_feature=14 14 12 53 19 50 49 8 38 32 36 42 2 5
split_gain=2.24875 5.50786 4.99091 4.22217 4.22183 4.13405 6.51154 4.90022 5.22487 7.67751 7.90914 6.75043 5.88619 5.33403
threshold=0.40816563005702139 0.4232336374178543 0.47279423475265508 0.45307917888563054 4.9442291785821544 11.904846310509184 1.5860279392001819 0.30056141316890722 2.9508507697882971 0.48295234405269283 5.4631450784578712 0.4359735250473023 0.24050974845886233 0.40352821350097662
decision_type=2 2 2 2 2 2 2 2 2 2 2 2 2 2
left_child=5 4 3 -3 -2 6 -1 -8 9 12 -11 13 -9 -10
right_child=1 2 -4 -5 -6 -7 7 8 11 10 -12 -13 -14 -15
leaf_value=-0.0066637914243277037 -0.077280526181303821 -0.021194725075283003 -0.0054875958400860481 0.043726488279420078 0.011599015672138897 0.014531482604935336 -0.043193098168747612 -0.046736706351701532 0.047089752338749381 0.0025933480743195684 -0.082790922903466388 0.015758243603547634 0.017712971956524118 -0.021010430976108503
leaf_weight=188.14569169213064 3.4222474694252005 2.7119963541626921 163.05493916734122 8.5330486968159658 1.5791638847440479 54.564173519145697 3.881163681857287 3.3450121425557944 2.3399889767169979 4.7823116574436408 5.0919004268944263 132.84952062135562 18.448839469347149 21.537809851113707
leaf_count=1445 27 12 1014 30 9 377 25 51 11 27 29 795 153 126
internal_value=-0.000150682 -0.00484707 -0.00320648 0.027617 -0.0519608 0.00179184 -6.87161e-05 0.00638576 0.00762981 -0.0106506 -0.0450017 0.0113676 0.00620453 -0.0127121
internal_weight=614.288 179.301 174.3 11.245 5.00141 434.986 380.422 192.277 188.395 31.6681 9.87421 156.727 21.7939 23.8778
internal_count=4131 1092 1056 42 36 3039 2662 1217 1192 260 56 932 204 137
is_linear=0
shrinkage=0.05


Tree=196
num_leaves=15
num_cat=0
split_feature=52 2 27 30 1 4 8 43 4 45 22 38 22 2
split_gain=2.26341 3.01343 5.4028 5.03787 5.75402 4.27123 4.80846 4.25029 4.23417 3.24854 6.10895 7.31165 5.48659 7.7453
threshold=38.500000000000007 0.19612155854701999 0.051408408590874415 117.00000000000001 0.19721651077270511 5.044224977493287 0.30097661912441259 20.179101133135266 0.62131071090698253 0.61781229345670863 0.59928329879544551 2.457629330634314 0.066550856454335713 0.23224802315235141
decision_type=2 2 2 2 2 2 2 2 2 2 2 2 2 2
left_child=1 2 -1 4 -4 6 -6 -5 -8 -3 12 -12 13 -11
right_child=-2 9 3 7 5 -7 8 -9 -10 10 11 -13 -14 -15
leaf_value=0.034276203549925659 0.021495512900841854 -0.0016609717251651877 -0.049486955824685763 -0.052580430393046884 -0.040271943380269654 -0.043935453699309242 -0.021117856929763867 0.0031219263312198052 0.041136153459965866 -0.072922191594786009 -0.055482993390936687 0.0012220418267222682 0.02497053584160645 0.0076261551332863393
leaf_weight=4.4896793109364799 10.84001636598259 428.74722431553528 4.3225912693887976 12.591687720967458 2.1057747118175092 2.2915748972445718 2.7931192386895409 4.4341589510440818 11.901181594468651 2.5229731169529286 5.4280204731039694 48.826277750311419 53.419444772880524 18.671598424669355
leaf_count=33 56 2817 75 177 15 14 17 20 56 25 71 319 328 108
internal_value=-0.00015473 -0.000579196 -0.0128896 -0.0188267 -0.00337872 0.00900424 0.0182879 -0.0387051 0.0287112 0.000434009 0.00736317 -0.00535263 0.0165578 -0.00481578
internal_weight=613.385 602.545 44.9298 40.4401 23.4142 19.0917 16.8001 17.0258 14.6943 557.616 128.868 54.2543 74.614 21.1946
internal_count=4131 4075 407 374 177 102 88 197 73 3668 851 390 461 133
is_linear=0
shrinkage=0.05


Tree=197
num_leaves=15
num_cat=0
split_feature=13 13 32 5 4 44 7 5 4 14 53 51 44 43
split_gain=2.27578 10.892 6.41818 6.06535 6.54092 6.2223 6.11443 8.78146 7.4287 6.29852 5.98426 10.0161 8.52333 6.51688
threshold=0.20406178035963365 0.44643722098894673 0.21118935837245698 0.30510428547859197 1.0443147420883181 0.44148889183998113 0.53036943078041088 0.97059521079063427 4.0837790966033944 0.27298455960183349 0.59629629629629644 0.63397435897435905 1.336251497268677 2.3096157291639829
decision_type=2 2 2 2 2 2 2 2 2 2 2 2 2 2
left_child=3 2 -2 5 -5 -1 -6 9 -9 -8 11 -3 13 -12
right_child=1 10 -4 4 6 -7 7 8 -10 -11 12 -13 -14 -15
leaf_value=-0.017653755130978811 -0.039314857482919317 0.0094778289984673372 0.022831119161495675 -0.029913350799135981 -0.05872815781499794 0.018700467257620007 -0.0075027513303861752 0.026191205672118065 -0.032297257345880168 -0.068375509875807025 0.028645394766650914 -0.058603941320046461 -0.0010936440965895339 -0.027388704074877986
leaf_weight=15.930570306489242 3.5262077674269667 130.59856320777908 68.552562329918146 34.856045755092055 3.5720087727531782 38.114365208428353 17.676904057385403 30.46430563274771 5.6729196701198807 4.7270343303680411 4.9042145931161931 4.6440862882882348 193.57529691746458 55.654560424154624
leaf_count=414 19 784 319 192 25 252 116 148 32 22 45 27 1093 643
internal_value=-0.000163824 0.00158103 0.0192945 -0.00547092 -0.0129043 0.00785847 -0.00303663 0.00129077 0.0163871 -0.0227191 -0.00173899 0.00672699 -0.00625304 -0.0224593
internal_weight=612.47 461.455 72.0788 151.014 96.9692 54.0449 62.1132 58.5412 36.1372 22.4039 389.377 135.243 254.134 60.5588
internal_count=4131 2930 338 1201 535 666 343 318 180 138 2592 811 1781 688
is_linear=0
shrinkage=0.05


Tree=198
num_leaves=15
num_cat=0
split_feature=17 13 23 13 17 17 4 25 31 50 44 2 2 4
split_gain=2.22326 3.64235 3.57395 4.29786 3.18474 3.98933 5.72956 5.41378 4.13709 3.89373 6.32304 4.32845 5.00467 8.18536
threshold=0.68305064500716683 0.44643722098894673 0.16862383968809366 5.8356496960517825 0.62089371980676333 0.51099033816425132 1.85236531496048 2.6036126613616948 0.46305060065526032 34.545283234792414 1.2127136588096621 0.38903319835662847 0.29392550885677343 3.6105476617813115
decision_type=2 2 2 2 2 2 2 2 2 2 2 2 2 2
left_child=4 -2 -3 -4 5 9 -7 8 -8 11 -11 12 13 -1
right_child=1 2 3 -5 -6 6 7 -9 -10 10 -12 -13 -14 -15
leaf_value=-0.0010038210396424883 0.016302371986127415 0.028539910726402482 -0.056989521391573622 0.0031397111972682624 0.019702381044880379 0.0014299736608098367 -0.053474364782514085 0.011704936043655757 0.019520405842627958 -0.017542834927801763 0.034717921652068398 -0.027062746575985293 0.0071939403584564028 -0.034000106894010992
leaf_weight=277.62680590106174 5.4677976369857815 1.6139600104652334 8.351998061873017 4.2091845204122356 19.601145408814773 27.813952162628993 15.02185568073765 4.9609059467911711 1.6951959319412697 7.5162480063736465 18.440404262393713 13.366759287891908 186.07388381846249 19.16587525838986
leaf_count=1859 21 23 92 28 127 201 116 26 7 83 95 120 1168 165
internal_value=-0.000174296 -0.0163043 -0.0291271 -0.0380948 0.000388179 -0.00030729 -0.0137284 -0.0323828 -0.0453883 0.000988536 0.0194954 -1.67707e-05 0.000786301 -0.00324163
internal_weight=610.926 19.6429 14.1751 12.5612 591.283 571.682 49.4919 21.678 16.7171 522.19 25.9567 496.233 482.867 296.793
internal_count=4131 164 143 120 3967 3840 350 149 123 3490 178 3312 3192 2024
is_linear=0
shrinkage=0.05


Tree=199
num_leaves=15
num_cat=0
split_feature=42 29 25 31 3 4 25 25 8 19 31 44 31 43
split_gain=2.26306 4.05226 3.8082 3.85387 3.42826 3.17391 2.56684 5.62707 4.54995 4.43607 4.38737 4.23367 10.3746 4.53695
threshold=3.1246939897537236 101.50000000000001 1.4137269258499148 0.051503094606542892 0.084219858156028379 0.59915444254875194 1.8898441791534426 1.8053486943244936 0.30056141316890722 6.6367606009004882 0.57359307359307377 2.854890108108521 0.16152751423149908 23.802280401872846
decision_type=2 2 2 2 2 2 2 2 2 2 2 2 2 2
left_child=6 -2 3 -3 -4 -6 7 11 -8 10 -10 13 -13 -1
right_child=1 2 4 -5 5 -7 8 -9 9 -11 -12 12 -14 -15
leaf_value=0.00093393827020192815 -0.06082674691976956 0.01184202392142669 -0.043729140040199302 -0.05362000619281089 -0.022859578336198168 0.031421918409328217 -0.046127883095319705 0.025967244685409969 -0.0032840801143813681 0.020679476419816059 -0.042031059212981552 0.03508984006436091 -0.033884320024446794 0.020314328142251876
leaf_weight=284.81738762627356 3.008626256138089 3.0250810869038123 1.6217500921338786 5.2695277808234096 2.7594136726111165 10.072202711366115 5.184768818318843 23.898462395183742 185.75514924828894 17.705464576371014 6.6199756185524157 6.3560640197247293 20.982920235022902 32.795281833503395
leaf_count=2240 28 30 17 44 12 51 32 123 1061 83 50 30 142 188
internal_value=-0.000169961 -0.0143895 -0.00594504 -0.0310403 0.00953348 0.01894 0.000480572 0.00301002 -0.00384743 -0.00259036 -0.00482789 0.00134906 -0.0171761 0.00299255
internal_weight=609.872 25.7566 22.748 8.29461 14.4534 12.8316 584.115 368.85 215.265 210.081 192.375 344.952 27.339 317.613
internal_count=4131 182 154 74 80 63 3949 2723 1226 1194 1111 2600 172 2428
is_linear=0
shrinkage=0.05


Tree=200
num_leaves=15
num_cat=0
split_feature=55 50 4 1 20 2 55 5 1 6 36 30 31 53
split_gain=2.25452 5.51721 7.25542 7.88996 5.47288 4.98912 4.98657 5.31873 8.14853 4.8544 6.38433 4.69813 6.83415 4.50866
threshold=2.4223345518112187 23.301036382321396 3.6105476617813115 0.11635863408446313 6.9729114685464557 0.13327449560165408 6.5497822761535653 2.116310834884644 0.17898026108741763 0.48862133920192724 7.5086173253970054 75.500000000000014 0.19586530264279628 0.31698564593301443
decision_type=2 2 2 2 2 2 2 2 2 2 2 2 2 2
left_child=1 2 5 -4 -5 -1 11 8 -8 -10 -11 -2 -13 -14
right_child=6 -3 3 4 -6 -7 7 -9 9 10 -12 12 13 -15
leaf_value=-0.050842515886889844 0.043882819421789773 0.020527804770312602 0.041067157543546763 -0.039196304896920185 0.033261112376088996 0.0021254926240219423 -0.047701591760106965 -0.018615320510817691 0.041921482323614902 -0.056618848136243807 0.021993998427346475 -0.0045107427485877611 0.01489076526357894 -0.043616265109650734
leaf_weight=3.4937828308902672 2.3984421249479047 33.773487911559641 3.3234202121384468 24.862689191475514 2.1399494521319857 422.00402171164751 3.2907688349951085 13.635825340636073 17.785029382910583 2.5966047449037424 8.161179297603665 44.547617758624256 3.3009256375953582 23.646011371165514
leaf_count=47 12 199 20 174 12 2480 123 101 124 35 48 397 28 331
internal_value=-0.000174293 0.00133043 -0.000133785 -0.0233586 -0.0324714 0.00157238 -0.00630611 0.00663285 0.0176854 0.0265835 -0.000182403 -0.0142502 -0.0167789 -0.0361729
internal_weight=608.96 489.597 455.824 30.3261 27.0026 425.498 119.362 45.4694 31.8336 28.5428 10.7578 73.893 71.4946 26.9469
internal_count=4131 2932 2733 206 186 2527 1199 431 330 207 83 768 756 359
is_linear=0
shrinkage=0.05


Tree=201
num_leaves=15
num_cat=0
split_feature=22 3 4 7 28 53 24 40 50 35 29 39 33 17
split_gain=2.16482 4.00232 4.93028 4.00918 3.72157 4.13387 3.34139 3.28059 3.15615 2.99933 4.17413 5.3709 4.56135 3.67117
threshold=0.066551861429267875 0.44562647754137119 1.700000584125519 0.64828777313232433 1.1476034858387802 0.56125000000000014 1.9871495892716793 0.76900197452050512 3.6284409557541029 3.1782094042056261 118.50000000000001 0.61369950602873513 0.17756906151771548 0.33514492753623193
decision_type=2 2 2 2 2 2 2 2 2 2 2 2 2 2
left_child=1 2 3 -1 6 -6 -4 -3 -8 -2 11 -11 -12 -13
right_child=9 7 4 -5 5 -7 8 -9 -10 10 12 13 -14 -15
leaf_value=0.0005297322173717907 0.0019130671580462541 -0.04409553187904567 0.034624879922795962 -0.053295805076102133 -0.036967999574730542 0.037108365228655758 0.016688320477605458 0.015999748212691862 -0.046557094565818434 0.023917145835909197 0.0067457717355114801 -0.037607272122223645 -0.049750204163332611 0.0034869491734535098
leaf_weight=4.7384174752514836 505.41162266628817 1.6238039871677781 1.4370119879022265 11.625196785666047 1.5808400390669683 7.1074303551577032 2.0395126380026323 17.089030703529716 7.0659560756757855 12.49061403586529 4.9446137715131036 9.4399356343783456 10.118755029980091 11.014430171344427
leaf_count=61 3297 13 14 113 18 48 17 89 60 86 25 86 127 77
internal_value=-0.000169882 -0.00960246 -0.01926 -0.0385767 -0.0017289 0.0212055 -0.0208293 0.00881263 -0.0321413 0.000771389 -0.0110415 -0.000826832 -0.0319397 -0.0163474
internal_weight=607.727 54.3072 35.5944 16.3636 19.2308 8.68827 10.5425 18.7128 9.10547 553.42 48.0083 32.945 15.0634 20.4544
internal_count=4131 433 331 174 157 66 91 102 77 3698 401 249 152 163
is_linear=0
shrinkage=0.05


Tree=202
num_leaves=15
num_cat=0
split_feature=17 13 7 25 17 17 4 25 31 16 30 22 2 25
split_gain=2.14086 3.37196 3.82274 4.06883 2.85416 3.65373 5.17198 5.06871 3.78653 4.30177 3.67689 3.63076 3.5337 5.00558
threshold=0.68305064500716683 0.44643722098894673 0.67973566055297863 2.1176416873931889 0.62089371980676333 0.51099033816425132 1.85236531496048 2.6036126613616948 0.46305060065526032 1.0000000180025095e-35 119.50000000000001 0.36602977694166844 0.30620606243610388 2.0416787862777714
decision_type=2 2 2 2 2 2 2 2 2 2 2 2 2 2
left_child=4 -2 3 -3 5 -1 10 8 9 -8 -7 -6 13 -13
right_child=1 2 -4 -5 11 6 7 -9 -10 -11 -12 12 -14 -15
leaf_value=0.00096263194978999126 0.015445305972895177 0.026300056972966702 -0.050005562673505914 -0.047987041820436255 0.040324281057714795 0.01033059254651658 -0.061630989366227511 0.011611351086086914 0.01862440326353846 0.011139590395405595 -0.032728562023819005 -0.05637075528350001 0.032466764730241023 0.020875493575000188
leaf_weight=518.99433484836482 5.3919671326875713 4.4184981603175384 7.6932818435598165 1.7940345145761964 8.9741684505715984 22.406751340255145 12.785599044524139 4.9536230247467747 1.6816838271915902 2.0562253482639781 5.2914359811693421 3.5947496434673649 3.7300224783830345 3.1186694800853729
leaf_count=3490 21 25 104 14 45 160 107 26 7 9 41 36 32 14
internal_value=-0.000172499 -0.0161376 -0.0285984 0.00116871 0.00037836 -0.000281184 -0.0131659 -0.0309871 -0.0436916 -0.0514824 0.00125081 0.0187456 -0.00170069 -0.0224324
internal_weight=606.885 19.2978 13.9058 6.21253 587.587 568.17 49.1753 21.4771 16.5235 14.8418 27.6982 19.4176 10.4434 6.71342
internal_count=4131 164 143 39 3967 3840 350 149 123 116 201 127 82 50
is_linear=0
shrinkage=0.05


Tree=203
num_leaves=15
num_cat=0
split_feature=42 29 25 3 28 4 25 25 7 24 53 6 45 23
split_gain=2.11987 3.76404 3.4164 3.25863 3.04479 2.90579 2.413 5.1458 5.91899 4.08458 8.51712 4.7752 4.66563 8.22093
threshold=3.1246939897537236 101.50000000000001 1.4137269258499148 0.084219858156028379 0.90846066779852863 0.59915444254875194 1.8898441791534426 1.8053486943244936 0.68364274501800548 2.5427675428053589 0.90692640692640702 0.52563297748565685 0.44849690539345716 0.70261833083597913
decision_type=2 2 2 2 2 2 2 2 2 2 2 2 2 2
left_child=6 -2 4 -4 -3 -5 7 -1 -9 10 -8 -12 -11 -14
right_child=1 2 3 5 -6 -7 9 8 -10 12 11 -13 13 -15
leaf_value=0.0013308958090132222 -0.058872233769190555 0.013403870853156913 -0.043179464304313027 -0.021592256663402424 -0.047337265520468116 0.030490385169492925 -0.025519270024094987 0.050205173155373532 0.0010725058240552319 -0.010153528151518184 -0.012845784435807995 0.028754956036111536 -0.015794587887384984 0.017989859419658867
leaf_weight=342.84159364970401 2.988201143685731 2.4452587589621562 1.5888070249930013 2.7639334909617892 5.7282000933773816 9.8305044779553992 47.812888584332541 10.970251530408861 12.654881635680793 54.000451292842627 12.05098457215354 13.867242623120545 24.29663700517267 62.228808947606012
leaf_count=2600 28 11 17 12 63 51 300 49 74 329 59 76 130 332
internal_value=-0.000169735 -0.0140421 -0.00578608 0.00903438 -0.0296851 0.018313 0.000458804 0.00292062 0.0249994 -0.00374591 -0.0131915 0.00965356 0.00126817 0.008431
internal_weight=606.069 25.3449 22.3567 14.1832 8.17346 12.5944 580.724 366.467 23.6251 214.257 73.7311 25.9182 140.526 86.5254
internal_count=4131 182 154 80 74 63 3949 2723 123 1226 435 135 791 462
is_linear=0
shrinkage=0.05


Tree=204
num_leaves=15
num_cat=0
split_feature=27 52 24 38 43 7 6 31 26 3 4 7 6 55
split_gain=2.1187 5.64256 6.63873 5.55138 5.94422 5.29291 9.99997 6.19299 5.82198 4.93814 4.89911 4.8051 4.25046 4.11468
threshold=0.48535735956290088 2.5000000000000004 1.6306654686916473 11.607249135938771 5.2757633688006029 0.72490587830543529 0.74423232674598705 0.20766968880176431 4.5803048610687265 0.42997198879551829 0.83098396658897411 0.68697658181190502 0.46861967444419866 0.40924999117851263
decision_type=2 2 2 2 2 2 2 2 2 2 2 2 2 2
left_child=-1 2 -2 4 12 -6 7 -7 10 -9 -8 -4 -3 -11
right_child=1 3 11 -5 5 6 8 9 -10 13 -12 -13 -14 -15
leaf_value=-0.0022511036859532976 -0.037936066891908107 0.0052480133734118875 0.0067594571622163618 -0.040469131311495411 0.014098809324215908 0.0054396894794316577 -0.02230328239055257 -0.058054898510542775 -0.048797295448993763 -0.042702452858433992 0.027486734558587307 0.046887089883470484 -0.043379043251967432 0.033860290186113175
leaf_weight=404.45087490486912 3.2217957300599656 7.0897570508532253 13.487136216368528 6.9887675803620359 80.044201064389199 9.6193087804131228 5.2188072805292931 13.389547663507985 2.5523652862757435 2.1873221173882476 26.766434019431472 16.844656643923372 10.41202068608254 2.9049496315419674
leaf_count=2675 40 86 101 50 467 72 57 134 20 10 165 92 146 16
internal_value=-0.000168035 0.00401955 0.022413 0.000216456 0.0022316 0.00565334 -0.00519084 -0.0268547 0.0126954 -0.0430795 0.018933 0.0298294 -0.0244618 -0.000637487
internal_weight=605.178 200.727 33.5536 167.173 160.185 142.683 62.6387 28.1011 34.5376 18.4818 31.9852 30.3318 17.5018 5.09227
internal_count=4131 1456 233 1223 1173 941 474 232 242 160 222 193 232 26
is_linear=0
shrinkage=0.05


Tree=205
num_leaves=15
num_cat=0
split_feature=13 43 13 12 33 31 52 49 17 13 33 13 32 22
split_gain=2.07741 6.10522 4.69631 5.32086 3.80695 3.73557 3.02631 3.398 3.36527 4.15656 3.66813 8.20006 9.8683 7.22442
threshold=5.8356496960517825 5.4040949606529454 1.5233705768671648 3.181943535804749 0.380323275923729 0.23271742593182546 38.500000000000007 0.50855062353089953 0.68683574879227061 0.44643722098894673 0.214654415845871 0.20406178035963365 0.36056042699199392 0.49913151253976046
decision_type=2 2 2 2 2 2 2 2 2 2 2 2 2 2
left_child=2 -2 6 5 -3 -4 8 -8 10 -10 11 -1 13 -13
right_child=1 4 3 -5 -6 -7 7 -9 9 -11 -12 12 -14 -15
leaf_value=-0.011009260702602117 -0.031672369139010489 -0.011254923944695837 -0.034586181598418447 -0.058279152551306612 0.053979554785521813 0.028339857407033115 -0.014776150882410872 0.046585623861460451 0.012287682198144002 -0.049890445741317901 -0.0024163906620173394 -0.054149906112876338 0.020160885428680896 0.0073941722599911927
leaf_weight=46.386847268790007 3.605472963070496 2.6279781423509103 3.1754429196007532 6.4390774271450937 7.4682662151753902 4.421343787573278 2.75275318790227 5.9855013387277722 3.7313703149557096 6.2970350692048669 397.82007891684771 7.3915925081819323 95.207986291497946 10.566850889474152
leaf_count=257 45 12 47 130 26 39 18 28 14 76 2881 50 458 50
internal_value=-0.000172731 0.0183934 -0.000634152 -0.0282202 0.0375155 0.00107336 8.56295e-05 0.0277229 -0.000388022 -0.0277388 0.000152877 0.00653408 0.0137585 -0.0194571
internal_weight=603.878 13.7017 590.176 14.0359 10.0962 7.59679 576.14 8.73825 567.402 10.0284 557.373 159.553 113.166 17.9584
internal_count=4131 83 4048 216 38 86 3832 46 3786 90 3696 815 558 100
is_linear=0
shrinkage=0.05


Tree=206
num_leaves=15
num_cat=0
split_feature=32 29 1 38 36 14 22 3 35 3 42 24 21 31
split_gain=2.08388 3.86464 5.78029 5.57466 5.12663 5.33049 5.05353 3.78647 3.71096 5.9356 3.87459 5.24955 3.61229 6.656
threshold=0.74106002554278427 116.50000000000001 0.15789616107940677 4.1402431138823159 12.620377644089702 0.25170367807554977 0.13310173606966877 0.73205128205128212 2.1591450703793718 0.28759398496240607 1.0696083903312685 2.0776107367326122 0.40946348733233989 0.093541666666666676
decision_type=2 2 2 2 2 2 2 2 2 2 2 2 2 2
left_child=12 2 8 -3 5 7 -6 -4 9 -2 11 -11 -1 -14
right_child=1 3 4 -5 6 -7 -8 -9 -10 10 -12 -13 13 -15
leaf_value=0.003341216120506833 -0.045245676828480505 -0.064778418734794771 0.051924390166524531 -0.010846313567950298 0.0053474150001793334 -0.033345338657026054 -0.06537047743969103 -0.013614274461234102 0.032357934926055675 0.032439925005662881 0.027514760087322593 -0.041531684421384704 0.015227812779979782 -0.013944750022504837
leaf_weight=396.09476828505285 4.5891944784671095 4.7625523949973276 4.7170554362237471 32.451083973050117 3.5141176618635637 5.0666084717959166 6.8555343877524137 3.0299406051635742 13.691365737468002 2.9881975725293177 13.929254211485384 5.2252009250223637 24.785590275656432 80.879809862468392
leaf_count=2874 30 40 20 165 22 30 36 21 62 13 68 28 141 581
internal_value=-0.000172382 -0.00669505 0.000842324 -0.019263 -0.0185949 0.00287375 -0.0430428 0.0276655 0.0121696 0.00103569 0.0121684 -0.0140194 0.00114895 -0.00702323
internal_weight=602.58 100.82 63.6065 37.2136 23.1833 12.8136 10.3697 7.747 40.4232 26.7318 22.1427 8.2134 501.76 105.665
internal_count=4131 535 330 205 129 71 58 41 201 139 109 41 3596 722
is_linear=0
shrinkage=0.05


Tree=207
num_leaves=15
num_cat=0
split_feature=42 29 25 3 43 4 43 22 52 22 3 45 35 3
split_gain=2.06206 3.41794 3.12404 3.03989 2.82465 2.69145 2.41994 5.10725 8.16309 8.28495 5.65895 5.23982 4.99167 5.43519
threshold=3.1246939897537236 101.50000000000001 1.4137269258499148 0.084219858156028379 22.539999179226836 0.59915444254875194 17.877906638001743 0.23293165189067441 1.5000000000000002 0.56568249534300075 1.0000000180025095e-35 0.63811445341159223 2.4341632493604339 0.20126582278481017
decision_type=2 2 2 2 2 2 2 2 2 2 2 2 2 2
left_child=6 -2 4 -4 -3 -5 -1 11 -9 10 -10 -8 -11 -14
right_child=1 2 3 5 -6 -7 7 8 9 12 -12 -13 13 -15
leaf_value=-0.0015199822716259722 -0.056776275057457283 -0.045658102053132893 -0.042401745069255321 -0.020907549890058771 0.013671506342156399 0.029357314944086194 -0.024193191403594123 0.050133178444993126 -0.012876040962451291 0.0055459039759608274 0.037308326131686956 0.021075356529245262 0.0023755985152095578 -0.044189278748132409
leaf_weight=421.6808055175934 2.9665646762587157 5.7270736931823212 1.5499077225103963 2.7575124520808449 2.3148806281387806 9.6126943994313461 22.754663237370554 10.663316473364828 6.5595927853137246 57.573433104902506 25.877851240336895 7.8793671559542409 12.233930589631202 11.642946161329744
leaf_count=3049 28 63 17 12 11 51 143 52 53 335 126 52 73 66
internal_value=-0.000173257 -0.0139673 -0.00596404 0.00836986 -0.0289568 0.0174268 0.000445977 0.00576356 0.0102568 0.00611926 0.0270783 -0.0122515 -0.00245483 -0.0211941
internal_weight=601.795 24.9286 21.9621 13.9201 8.04195 12.3702 576.866 155.185 124.551 113.888 32.4374 30.634 81.4503 23.8769
internal_count=4131 182 154 80 74 63 3949 900 705 653 179 195 474 139
is_linear=0
shrinkage=0.05


Tree=208
num_leaves=15
num_cat=0
split_feature=55 50 38 55 5 1 2 43 43 33 33 1 36 44
split_gain=2.01668 5.16152 4.59647 4.58826 4.68412 6.35236 4.52543 4.50428 5.92231 6.3196 5.22374 5.5429 4.59162 4.47101
threshold=2.4223345518112187 23.301036382321396 1.20497389185879 6.5497822761535653 2.116310834884644 0.17898026108741763 0.13327449560165408 2.3096157291639829 4.2174360451679096 0.6615203619003297 0.38957597315311437 0.1651762202382088 6.1620061811676772 2.0159810781478886
decision_type=2 2 2 2 2 2 2 2 2 2 2 2 2 2
left_child=1 6 -2 13 5 -5 -1 12 10 -10 11 -9 -8 -4
right_child=2 -3 3 4 -6 -7 7 8 9 -11 -12 -13 -14 -15
leaf_value=-0.050163793523196082 -0.050811744092008941 0.020013860335193041 -0.0043000549511003402 -0.04398512610189162 -0.015655395825907744 0.026836908175015297 -0.024737073779729869 0.024111922523656262 -0.0012370637085020106 0.023276887521137064 -0.054391897789889038 -0.045051183941422102 0.031495788178768129 -0.033384966468478466
leaf_weight=3.4801687905564895 4.4712740099057546 33.09881260804832 52.776778747560456 2.6524097106885192 12.807419590651987 27.623197058681399 3.6605726755224195 6.5595638733357209 378.72743458952755 27.24680138612166 8.4643041661474836 3.700097318738699 18.799410598352551 16.798750957008451
leaf_count=49 143 199 572 93 87 188 59 34 2151 194 126 18 102 116
internal_value=-0.000170465 0.00125741 -0.00602822 -0.0038194 0.00887747 0.0194243 -0.000161486 0.00033874 -0.000837448 0.000461333 -0.0275934 -0.00261725 0.0216671 -0.011696
internal_weight=600.867 483.737 117.13 112.659 43.083 30.2756 450.638 447.158 424.698 405.974 18.724 10.2597 22.46 69.5755
internal_count=4131 2932 1199 1056 368 281 2733 2684 2523 2345 178 52 161 688
is_linear=0
shrinkage=0.05


Tree=209
num_leaves=15
num_cat=0
split_feature=6 22 22 6 33 51 13 38 27 29 39 53 37 36
split_gain=2.0054 3.52901 2.83174 2.6328 5.13089 6.83494 5.09756 4.35912 4.61731 4.88106 4.49771 4.35773 5.31811 4.16428
threshold=0.87366262078285228 1.4641191747213069 0.99826308393151153 0.74878883361816417 0.35546143352985388 0.30495169082125612 0.96588157932402685 8.1659299696583521 0.39526430427798137 132.00000000000003 1.9516656542623878 0.4919354838709678 5.5883055425585271 11.923164872930348
decision_type=2 2 2 2 2 2 2 2 2 2 2 2 2 2
left_child=3 2 -2 -1 6 -6 7 8 9 -5 -9 13 -13 -7
right_child=1 -3 -4 4 5 11 -8 10 -10 -11 -12 12 -14 -15
leaf_value=-0.001831587171962541 -0.010290603986258754 0.029126926485913696 -0.053363691518060079 0.016137292460930038 0.046151719737467962 0.021300509051185388 -0.01932097177757652 -0.040220756620464398 0.033061550029408783 -0.029802556906397343 0.0089193378149398077 -0.036817832370656771 -0.0005602501630857453 -0.029414814824814735
leaf_weight=402.44119615643285 14.479411191539844 3.034022530540823 4.5420021011959752 33.66694491263479 4.8092605657875529 14.709498336538674 10.903196271974592 5.2716075461357859 38.662767004221678 5.9890886768698683 17.170475343242288 20.817536976654083 18.910952201578766 4.5017464561387888
leaf_count=2803 117 18 41 175 27 96 78 32 197 33 91 248 138 37
internal_value=-0.00017926 -0.0146402 -0.0227274 0.00039702 0.0054914 -0.00576897 0.0119141 0.0154506 0.0209591 0.0086368 -0.00384694 -0.0107048 -0.0199966 0.00854908
internal_weight=599.91 22.0554 19.0214 577.854 175.413 63.749 111.664 100.761 78.3188 39.656 22.4421 58.9397 39.7285 19.2112
internal_count=4131 176 158 3955 1152 546 606 528 405 208 123 519 386 133
is_linear=0
shrinkage=0.05


Tree=210
num_leaves=15
num_cat=0
split_feature=13 43 13 12 31 4 35 50 55 26 51 49 49 8
split_gain=1.97556 5.63883 4.22966 5.01311 3.46402 2.89756 5.73223 4.27372 3.88904 3.69402 3.63571 3.58672 9.10883 7.65441
threshold=5.8356496960517825 5.4040949606529454 1.5233705768671648 3.181943535804749 0.23271742593182546 4.3273587226867685 1.6295610741434297 34.545283234792414 0.49892736971378332 1.2103616027986128 0.24231127679403544 1.5860279392001819 1.2770584402578404 0.3006498664617539
decision_type=2 2 2 2 2 2 2 2 2 2 2 2 2 2
left_child=2 -2 5 4 -4 7 8 11 -7 -9 -8 12 -1 -13
right_child=1 -3 3 -5 -6 6 10 9 -10 -11 -12 13 -14 -15
leaf_value=0.00048559778706024542 -0.030559646700696236 0.036497430335006291 -0.03340446890745679 -0.057092865315766995 0.027423738726792348 -0.037002451031995946 0.050639837295065264 -0.035663363063716355 0.032116879215848666 0.033509899005694684 -0.023175523109078805 -0.046489275957905397 -0.024364334996398049 0.0060537657476191602
leaf_weight=212.79314730362967 3.5255232583731404 9.9593138191848976 3.1305673192255181 6.1550934812985361 4.4025692562572658 1.6537878420203913 0.82438692869618435 1.3749405932612706 9.2438315423205477 14.624922031536697 37.740820453735068 6.1414231630042186 43.59771022060886 243.78798895771615
leaf_count=1535 45 38 47 130 39 10 4 27 59 80 285 35 296 1501
internal_value=-0.000175482 0.0180664 -0.000625725 -0.0271187 0.00119291 5.47429e-05 -0.0113876 0.001158 0.0193991 0.0258173 -0.0203576 0.000329404 -0.00381822 0.00458252
internal_weight=598.956 13.4848 585.471 13.6882 7.53314 571.783 49.4628 522.32 10.8976 15.9999 38.5652 506.32 256.391 249.929
internal_count=4131 83 4048 216 86 3832 358 3474 69 107 289 3367 1831 1536
is_linear=0
shrinkage=0.05


Tree=211
num_leaves=15
num_cat=0
split_feature=5 19 35 36 7 36 1 33 44 53 35 39 2 26
split_gain=1.96797 3.46049 3.40671 2.77938 2.69744 5.81608 6.77208 5.05109 6.19954 6.09597 5.8965 5.85051 4.88627 6.56132
threshold=3.4274843931198125 27.140520402844341 1.6177971453418019 3.3894863602890424 0.74090495705604564 8.786748292520409 0.093819636851549162 0.23780304938554767 2.1525114774703984 0.78759398496240618 2.5151755643721763 0.34114539843608388 0.29837463796138769 2.9877636523148676
decision_type=2 2 2 2 2 2 2 2 2 2 2 2 2 2
left_child=4 2 -2 -4 -1 12 -7 9 11 -8 -10 -9 13 -6
right_child=1 -3 3 -5 5 6 7 8 10 -11 -12 -13 -14 -15
leaf_value=0.0027510873124002178 0.016100114405608917 0.040849175464802517 0.017241112424844218 -0.036425064358425734 -0.015924177572966609 0.032224331212704203 -0.022306143922800031 0.022981798664596192 0.011270512973702688 0.012692142075492817 -0.052384803216276726 -0.043863100830445971 0.018972049749605382 0.042637403361550551
leaf_weight=392.68255219841376 4.6246838169172468 1.6988913808017958 2.2150550405494895 15.607218196848406 29.676815356593579 7.2156880563125005 21.740340153686702 3.0162374256178728 15.900500181596728 26.51399218197912 3.6384579334408036 32.138531020842493 36.624723109649494 4.6858634892851105
leaf_count=2590 32 8 16 126 302 38 130 18 91 127 23 337 269 24
internal_value=-0.000175198 -0.0138664 -0.0195731 -0.0291935 0.000424022 -0.00460778 -0.011758 -0.015121 -0.0253847 -0.00320861 -0.00255648 -0.0376509 0.0064976 -0.00695854
internal_weight=597.98 24.1458 22.447 17.8223 573.834 181.151 110.164 102.948 54.6937 48.2543 19.539 35.1548 70.9874 34.3627
internal_count=4131 182 174 142 3949 1359 764 726 469 257 114 355 595 326
is_linear=0
shrinkage=0.05


Tree=212
num_leaves=15
num_cat=0
split_feature=32 33 21 45 21 51 24 4 42 12 28 24 40 40
split_gain=2.03114 3.37791 3.61933 5.28139 5.86619 5.8583 4.64689 6.42309 5.32152 4.51968 4.48382 7.823 6.49349 7.22306
threshold=0.74106002554278427 2.1355429887771611 0.40946348733233989 0.63811445341159223 0.44912747707778772 0.45401691331923894 2.5232453698980737 1.1498855352401736 2.4869340658187871 6.3272514343261728 1.0279124112861349 2.4516520500455838 2.1911939352309209 0.82287596746555669
decision_type=2 2 2 2 2 2 2 2 2 2 2 2 2 2
left_child=1 2 10 4 5 -4 7 -6 -8 -9 11 -1 13 -13
right_child=-2 -3 3 -5 6 -7 8 9 -10 -11 -12 12 -14 -15
leaf_value=0.014705206142677946 -0.0066375420890598851 -0.041200518410124884 0.025353239281920955 0.012785473917790561 0.0064180893056997564 -0.04670199736487652 0.016968025813030013 -0.052536933203757158 -0.030753036783809903 0.023060616438399444 0.0068916047249419528 -0.053621582182113117 -0.029388517364716749 0.011351319129361333
leaf_weight=31.825299830408767 99.748461595270783 3.6662905621342352 2.6907932674512294 25.474464377854019 11.928345210850241 16.888806945178658 27.194890125188977 12.284257334657012 6.4043810162693253 1.7379142870195199 290.14969514170662 4.0392398706171688 35.495826832018793 27.325719060609117
leaf_count=264 535 245 18 129 94 139 173 104 45 17 1941 46 221 160
internal_value=-0.000163079 0.00114679 0.00154413 -0.00667094 -0.013016 -0.0360488 -0.00497271 -0.0204746 0.00724595 -0.042256 0.00376557 -0.00540229 -0.015049 0.00158574
internal_weight=596.854 497.106 493.44 104.604 79.1294 19.5796 59.5498 25.9505 33.5993 14.0222 388.836 98.6861 66.8608 31.365
internal_count=4131 3596 3351 719 590 157 433 215 218 121 2632 691 427 206
is_linear=0
shrinkage=0.05


Tree=213
num_leaves=15
num_cat=0
split_feature=20 22 20 20 2 24 12 26 49 26 55 35 44 13
split_gain=1.99681 3.62038 2.88697 2.78375 2.84944 3.30328 3.29178 5.0608 5.51613 5.33256 3.47924 4.91517 5.43247 6.27426
threshold=8.0052582509154799 0.33292462530091221 6.2300817921846603 5.3939143513392169 0.40799759328365331 2.7811532824555387 10.446667194366457 1.9865373175777419 1.5270825900392817 2.4516265392303471 2.5316654443740849 1.6236890140961904 2.1762877702713017 0.59059083804214907
decision_type=2 2 2 2 2 2 2 2 2 2 2 2 2 2
left_child=2 -2 3 4 6 -6 10 -8 -9 -10 -1 -12 -13 -14
right_child=1 -3 -4 -5 5 -7 7 8 9 -11 11 12 13 -15
leaf_value=0.00079333875891539861 -0.020020542350626041 0.034223651423045877 -0.039470798571033278 0.042935592065812656 0.0075882377062394916 -0.046973263260863804 -0.023452297186547011 0.044618310896068006 0.040304910829139402 -0.058286108663755824 -0.038468264920645395 0.0019268319834936315 -0.076629676268529234 -0.0051089552425129352
leaf_weight=465.20735438656993 3.6252283942885688 9.2342412397265417 3.741012073121964 2.7004856579005709 4.2231767132179794 5.9183900877833366 4.849759319098669 13.701073788106443 1.4562343582510942 2.2749018184840679 12.143051354447378 55.010623607086018 4.1901498734951002 7.8772316486574709
leaf_count=2855 30 50 25 15 50 56 96 73 6 20 172 595 31 57
internal_value=-0.000167388 0.0185904 -0.000612038 -0.000293648 -0.000569974 -0.0256108 -7.75325e-05 0.0183345 0.0306015 -0.0194209 -0.000863321 -0.0104803 -0.00492303 -0.0339068
internal_weight=596.153 12.8595 583.293 579.552 576.852 10.1416 566.71 22.282 17.4322 3.73114 544.428 79.2211 67.078 12.0674
internal_count=4131 80 4051 4026 4011 106 3905 195 99 26 3710 855 683 88
is_linear=0
shrinkage=0.05


Tree=214
num_leaves=15
num_cat=0
split_feature=43 22 52 22 12 35 31 32 44 21 51 32 43 53
split_gain=1.99651 4.78999 8.44349 7.32895 6.14714 5.0245 5.18466 5.18777 4.48941 4.48818 6.06776 6.15124 4.78616 4.28907
threshold=17.877906638001743 0.23293165189067441 1.5000000000000002 0.56568249534300075 3.6524151563644414 2.4341632493604339 0.16152751423149908 0.5131670131670133 2.2945880889892583 0.36266924564796915 0.40642170329670335 0.23928352725045929 23.802280401872846 0.63484848484848488
decision_type=2 2 2 2 2 2 2 2 2 2 2 2 2 2
left_child=-1 8 -3 4 -4 9 -7 -8 -2 10 12 13 -5 -12
right_child=1 2 3 5 -6 6 7 -9 -10 -11 11 -13 -14 -15
leaf_value=-0.0019316949346304944 0.00088155744335227399 0.049453920167329746 0.03663034310741977 -0.053084904147480939 -0.010578864773761368 0.014493010198619075 -0.017918630558312838 -0.07932919537046354 -0.037213357582946492 -0.014043064057451716 0.018176107002483909 0.036142030038658263 0.016070671474833584 -0.055209365295893854
leaf_weight=434.65992600866593 22.717747270362452 10.7274252474308 24.749022978823632 4.2820101492106897 8.9001587182283384 6.6528227012604502 13.91550590330735 4.0088354907929888 10.690750664100049 19.794175789691508 3.4918755553662804 24.031715034507215 4.0715721622109413 2.7357512935996056
leaf_count=3187 144 53 135 27 55 40 80 24 68 116 17 138 23 24
internal_value=-0.000170661 0.00457302 0.00898964 0.00487915 0.0241986 -0.00314954 -0.0216482 -0.0351194 -0.0120361 0.0048679 0.014672 0.0249555 -0.0212637 -0.0172399
internal_weight=595.429 160.769 127.361 116.633 33.6492 82.9843 24.5772 17.9243 33.4085 58.4071 38.6129 30.2593 8.35358 6.22763
internal_count=4131 944 732 679 190 489 144 104 212 345 229 179 50 41
is_linear=0
shrinkage=0.05


Tree=215
num_leaves=15
num_cat=0
split_feature=51 1 5 24 25 5 36 19 51 1 34 26 45 22
split_gain=1.93406 6.85054 5.26466 4.31267 3.58954 4.47463 3.58128 6.24999 4.67809 4.61607 4.50594 4.74015 5.11094 4.65746
threshold=0.66465863453815277 0.17488130927085879 0.53518593311309826 2.056538440555713 1.4495859742164614 1.5214158892631533 12.748042580986459 1.2014958110153582 0.60120481927710856 0.2095766216516495 6.7076348797927077 2.5393200212136198 0.45401691331923894 0.73328690357726078
decision_type=2 2 2 2 2 2 2 2 2 2 2 2 2 2
left_child=6 -2 3 -3 5 -4 -1 10 -9 -10 -8 13 -13 -12
right_child=1 2 4 -5 -6 -7 7 8 9 -11 11 12 -14 -15
leaf_value=0.0021038341090580978 0.021752229999587619 0.0095334559020785609 0.022440556474046552 -0.063871553167224301 0.022888324802199073 -0.059151333928476338 -0.031848363569738858 0.0093519624994232286 0.0012217013355160814 -0.069407740100069365 -0.0062430939036683406 -0.016096753586386927 0.0079980107899686025 -0.057610865152920222
leaf_weight=330.44552934565581 35.8867733606603 2.5327711969148385 2.2521564550697795 5.6186445662751794 9.5351712806150299 2.8524058163166046 24.614709275308996 68.608009442221373 5.4996642607729864 2.9509827122092247 9.3810659330338257 40.524377034977078 45.915857241954654 7.8206299482844761
leaf_count=2496 230 20 17 46 49 22 181 372 35 15 56 276 265 51
internal_value=-0.000168617 0.00837066 -0.0127285 -0.042514 0.00551401 -0.0253736 -0.00111771 -0.00628771 0.00492813 -0.0281767 -0.0130124 -0.00827726 -0.00335285 -0.0314792
internal_weight=594.439 58.6779 22.7911 8.15142 14.6397 5.10456 535.761 205.315 77.0587 8.45065 128.257 103.642 86.4402 17.2017
internal_count=4131 384 154 66 88 39 3747 1251 422 50 829 648 541 107
is_linear=0
shrinkage=0.05


Tree=216
num_leaves=15
num_cat=0
split_feature=44 28 4 25 23 4 53 39 43 8 22 30 55 50
split_gain=1.9528 6.1397 5.55806 7.19723 5.90464 5.75874 5.33837 5.69983 4.88408 5.51146 4.99642 4.64971 6.24697 4.64555
threshold=1.4955547451972964 1.1612697603263642 1.9227368235588076 1.8764663338661196 0.68843495179998127 1.7767198085784914 0.60357142857142865 6.9522743175671051 17.877906638001743 0.30702850222587591 0.23305461493488722 106.50000000000001 13.224465370178224 1.2973189097519675
decision_type=2 2 2 2 2 2 2 2 2 2 2 2 2 2
left_child=1 2 5 4 11 6 -1 8 9 -8 -11 -4 -13 -3
right_child=-2 13 3 -5 -6 -7 7 -9 -10 10 -12 12 -14 -15
leaf_value=0.015116255078628172 0.0022495751336086408 0.0013266919864756684 0.015339675005862705 -0.036405995591818778 0.040842258532974407 0.04133954421776373 0.010153212888678594 0.027669965523129753 0.017145691308301538 -0.003083324076621854 -0.047447141511389658 -0.028245126830905239 0.056065446816969747 -0.025953531479246839
leaf_weight=53.385853903833777 345.6068260287866 23.97551507933531 13.185948515078051 18.134792519267648 6.5276329636108121 10.403520923107861 9.5603103348985297 9.0159945003688318 9.3478046800009889 9.6728920417372155 18.306291113141924 21.878899193601686 1.5018960121087719 43.208193202735856
leaf_count=366 1936 189 121 146 36 65 85 68 58 78 207 240 12 524
internal_value=-0.000177644 -0.00355418 0.00125801 -0.0108874 0.000433295 0.00750977 0.00394379 -0.0068037 -0.013872 -0.0218403 -0.0327454 -0.0076754 -0.0207519 -0.0163415
internal_weight=593.712 248.106 180.922 61.2292 43.0944 119.693 109.289 55.9033 46.8873 37.5395 27.9792 36.5667 23.3808 67.1837
internal_count=4131 2195 1482 555 409 927 862 496 428 370 285 373 252 713
is_linear=0
shrinkage=0.05


Tree=217
num_leaves=15
num_cat=0
split_feature=35 4 23 39 44 9 33 53 42 34 42 43 33 28
split_gain=1.94496 3.98007 3.2905 2.73678 2.63879 5.00233 7.03737 6.13333 5.93829 5.36003 5.61607 5.31055 6.27942 7.4503
threshold=1.3438483170545859 1.5979091525077822 0.74694808763189113 11.347327751418911 1.7378271222114565 0.40824915824915831 0.2006112411618233 0.46291208791208799 0.56682702898979198 3.8101811207110128 2.140433788299561 4.2174360451679096 0.6615203619003297 1.1612697603263642
decision_type=2 2 2 2 2 2 2 2 2 2 2 2 2 2
left_child=1 2 -1 4 5 11 9 8 -8 -7 -11 -2 -13 -14
right_child=3 -3 -4 -5 -6 6 7 -9 -10 10 -12 12 13 -15
leaf_value=-0.00057029196064811629 -0.015631255318222983 0.020312308291518616 -0.057594076786156939 0.024744015329630848 0.0035459468129360907 -0.032307059264772689 -0.049359434978031705 -0.032079581584203903 0.031085980133187002 0.044510927368511817 -0.033794004170803936 7.5721858000388242e-05 0.038096529887507974 -0.028600200436462182
leaf_weight=4.2548894998617453 43.047617273172364 3.994258993305265 5.3137025190517306 10.221125989221035 257.46132942894474 3.9093928541988126 2.1418640278279764 42.308849220396951 7.7275690464302897 9.9818137362599355 2.10430859401822 174.19401663006283 21.352126590674747 4.3775087831309056
leaf_count=35 590 39 45 59 1443 23 23 360 39 41 12 1125 209 88
internal_value=-0.00016239 -0.0182096 -0.0346904 0.000291161 -0.000191066 -0.00328476 -0.0151475 -0.0239403 0.0106928 0.0132562 0.0293367 9.21711e-05 0.00353869 0.0261036
internal_weight=592.39 13.5629 9.56859 578.828 568.606 311.145 68.1738 52.1783 9.86943 15.9955 12.0861 242.971 199.924 25.7296
internal_count=4131 119 80 4012 3953 2510 498 422 62 76 53 2012 1422 297
is_linear=0
shrinkage=0.05


Tree=218
num_leaves=15
num_cat=0
split_feature=17 31 24 31 55 30 26 31 28 44 28 10 44 43
split_gain=1.92713 2.73146 2.50538 2.40043 5.21486 5.12387 4.86428 4.83502 8.81987 4.66498 5.28057 9.05102 6.14187 6.20298
threshold=0.68683574879227061 0.4010869565217392 8.9322028970089757 0.31057781919850891 0.95651826262474071 94.500000000000014 2.2194911241531377 0.35574387947269309 1.0435245416913073 1.7378271222114565 1.1612697603263642 1.0000000180025095e-35 1.2654325623849805 1.0929145110949596
decision_type=2 2 2 2 2 2 2 2 2 2 2 2 2 2
left_child=2 -2 3 9 7 6 -6 8 -5 10 -1 12 13 -12
right_child=1 -3 -4 4 5 -7 -8 -9 -10 -11 11 -13 -14 -15
leaf_value=0.0021748427631173659 -0.025519879948996474 0.02730295424538115 -0.041599231794267048 0.024791420178871666 -0.026529281417092838 -0.029004262760840796 0.025140869944246799 0.0071552073453081348 -0.036343258928838253 0.0088863781726347454 0.028347958616518506 -0.043042881940772146 0.026289716781191505 -0.028559809618657825
leaf_weight=185.59036314953119 13.270186723908408 2.0986629491671911 2.5429884390905491 7.8154282625764635 6.6734514490235624 33.05899206106551 10.249811597168444 85.899539422243834 17.560236684978008 171.15174616500735 5.4178352560848024 18.313177493866533 12.635672651231287 18.989722199970856
leaf_count=1362 135 12 29 35 81 369 74 448 94 926 34 188 74 270
internal_value=-0.000161985 -0.0170794 0.000318309 0.000576329 -0.00457794 -0.0178218 0.00442212 0.00147665 -0.0172884 0.00259944 -0.00188464 -0.0152917 -0.000801513 -0.0153092
internal_weight=591.268 15.3688 575.899 573.356 161.257 49.9823 16.9233 111.275 25.3757 412.099 240.947 55.3564 37.0432 24.4076
internal_count=4131 147 3984 3955 1101 524 155 577 129 2854 1928 566 378 304
is_linear=0
shrinkage=0.05


Tree=219
num_leaves=15
num_cat=0
split_feature=14 28 55 13 13 30 44 31 4 28 38 22 33 2
split_gain=1.9452 4.76522 6.25855 4.17407 8.38632 6.31959 6.21012 6.47237 7.61165 8.50539 5.90423 5.80025 5.73468 7.09997
threshold=0.21464311452271781 0.97258225324027925 0.86675763130187999 0.46339116591831181 0.18470712532657999 111.50000000000001 0.73436856269836437 0.20611577964519143 3.5674107074737553 1.1676029962546819 8.9729458086881788 0.96686155132062868 0.16960282623767856 0.28786486387252813
decision_type=2 2 2 2 2 2 2 2 2 2 2 2 2 2
left_child=-1 2 -2 4 5 11 -5 8 9 -8 -6 -3 -9 -14
right_child=1 3 -4 6 10 -7 7 12 -10 -11 -12 -13 13 -15
leaf_value=0.0028985334220350367 -0.0048242504605142331 -0.059244932218435124 -0.050054312068659505 -0.038346305979960513 0.030043248860528723 0.020505123563161715 0.021038523888503108 0.0083343808447429394 -0.016723328975765544 -0.028518119053853985 -0.010166433148878821 0.012957956024203042 -0.035279457020317227 -0.0041882017420155314
leaf_weight=275.58988086937461 22.632610570173711 8.383270241320135 10.746005615219472 11.483156558824701 37.736250137910247 6.1926310919225207 66.590755280805752 27.764855062589049 24.578868702054024 9.0465520946308953 11.393288161605595 3.511026829481124 32.243975518736988 41.712286652298644
leaf_count=2091 127 39 114 213 182 30 335 139 148 62 58 16 251 326
internal_value=-0.000161483 -0.00284773 -0.0204182 -0.000692843 0.0100825 -0.0183357 -0.00411773 -0.00199196 0.00699233 0.0148166 0.0207017 -0.0385797 -0.0108252 -0.0180334
internal_weight=589.605 314.016 33.3786 280.637 67.2165 18.0869 213.42 201.937 100.216 75.6373 49.1295 11.8943 101.721 73.9563
internal_count=4131 2040 241 1799 325 85 1474 1261 545 397 240 55 716 577
is_linear=0
shrinkage=0.05


Tree=220
num_leaves=15
num_cat=0
split_feature=22 53 4 3 49 45 22 8 12 6 43 4 55 4
split_gain=1.89194 3.69151 4.13402 6.55536 3.32681 3.05762 2.98033 3.59428 3.25141 6.08654 6.74972 6.27223 5.81282 5.60455
threshold=0.066551861429267875 0.59629629629629644 1.6341317296028139 0.38397435897435905 0.39882192451937898 0.42776886035313005 0.099993668669626473 0.4179432094097138 2.3775532245635991 0.58229938149452221 10.64825216396328 2.6279917955398564 1.6515444517135622 2.7764513492584233
decision_type=2 2 2 2 2 2 2 2 2 2 2 2 2 2
left_child=1 -1 3 -3 -4 -6 7 -2 9 10 13 -12 -11 -8
right_child=6 2 4 -5 5 -7 8 -9 -10 12 11 -13 -14 -15
leaf_value=-0.028485589995772977 0.0200815168022918 -0.047681857395035609 -0.029313619073537675 0.0098389029287140675 -0.026810089842851305 0.032919588235422702 -0.042273056205644172 -0.041318445976861164 0.003489819790572789 0.0038464119147106819 0.002551345508175264 -0.039545176716727859 -0.045338512137692667 0.021486574111254191
leaf_weight=15.871688360348342 29.137604088056836 8.0318146834615636 2.5164918177761164 10.357322450727223 1.7341712908819307 13.824417916592209 25.289237947203222 1.6619069166481484 272.6193795548752 139.54574764287099 49.050386258866638 9.7691574301570636 5.2766628819517782 3.3432314861565819
leaf_count=153 178 93 24 57 20 86 191 18 2076 838 260 59 54 24
internal_value=-0.000166258 -0.00914732 -0.000194342 -0.0164479 0.016337 0.025045 0.000726579 0.0155733 -0.000208093 -0.00454467 -0.0148801 -0.00498453 0.00175571 -0.0343544
internal_weight=588.029 52.3359 36.4642 18.3891 18.0751 15.5586 535.693 30.7995 504.894 232.274 87.452 58.8195 144.822 28.6325
internal_count=4131 433 280 150 130 106 3698 196 3502 1426 534 319 892 215
is_linear=0
shrinkage=0.05


Tree=221
num_leaves=15
num_cat=0
split_feature=14 14 27 30 19 30 2 22 16 52 23 20 55 14
split_gain=1.90181 4.60599 4.62083 4.33646 3.39211 3.35729 5.78749 4.63654 4.02763 4.62255 4.33384 4.55154 5.50671 6.14909
threshold=0.40816563005702139 0.4232336374178543 0.090261285097270563 107.50000000000001 4.9442291785821544 130.50000000000003 0.25286486744880682 1.0986860479887435 1.0000000180025095e-35 8.5000000000000018 0.92587591811241798 0.60482361428775755 0.96557176113128673 0.011807934149321781
decision_type=2 2 2 2 2 2 2 2 2 2 2 2 2 2
left_child=5 4 3 -3 -2 8 7 -7 9 10 11 -1 -13 -14
right_child=1 2 -4 -5 -6 6 -8 -9 -10 -11 -12 12 13 -15
leaf_value=-0.0027427294959996135 -0.071800614947793856 -0.065508244545574565 -0.00076972883027091172 -0.0039347638326630912 0.010019342936952726 -0.057729026333644684 -0.0007997934527742579 0.0053316315343681303 0.01637261968463407 0.014779354915451832 -0.015613825048642137 0.026118483068556433 0.057548850475991779 -0.017013249437769159
leaf_weight=161.52917907794472 3.2330368971452108 4.5362974070012552 154.59074395196512 6.1978870639577508 1.4922173181548712 8.3601326453499478 43.512384553905576 4.0034561376087359 50.435076952446252 51.587834076723084 43.862406916217878 33.450128166005015 2.2445240432862219 18.046445599524304
leaf_count=1205 27 40 977 39 9 159 340 48 298 334 318 169 9 159
internal_value=-0.000175897 -0.0046169 -0.00307084 -0.033321 -0.0487252 0.00164169 -0.00965743 -0.0384384 0.00341167 0.00126212 -0.00147535 0.00146432 0.0139285 -0.00644984
internal_weight=587.082 170.05 165.325 10.7342 4.72525 417.032 55.876 12.3636 361.156 310.721 259.133 215.27 53.7411 20.291
internal_count=4131 1092 1056 79 36 3039 547 207 2492 2194 1860 1542 337 168
is_linear=0
shrinkage=0.05


Tree=222
num_leaves=15
num_cat=0
split_feature=27 42 5 2 17 6 52 30 29 37 20 49 7 44
split_gain=1.89773 4.85277 6.71907 7.58168 8.04688 6.61093 4.5835 4.52665 4.46827 4.42023 5.43585 4.04281 5.48545 3.82251
threshold=0.48535735956290088 0.54679179191589367 0.59820830821990978 0.22088453173637393 0.45903010033444819 0.71529746055603038 31.500000000000004 110.00000000000001 107.50000000000001 2.3460780616169323 0.85251337211781753 1.8661779228611912 0.69410204887390148 0.36349489565918147
decision_type=2 2 2 2 2 2 2 2 2 2 2 2 2 2
left_child=-1 -2 7 6 9 8 -4 -3 -6 10 -5 12 -11 -9
right_child=1 2 3 4 5 -7 -8 13 -10 11 -12 -13 -14 -15
leaf_value=-0.0021704594482108161 -0.012046084160598408 -0.03671657979126277 -0.035343545509324996 0.014959967574200048 -0.063900738452111791 0.018986420205774616 0.021260800432348476 -0.038572969174825972 -0.0081429317906329662 0.037805808134259544 -0.049767505471536494 0.046354846123670967 -0.0011900428570152844 0.021460578085552649
leaf_weight=392.92848225531634 37.583309016888961 11.952516774181278 11.410923252813516 24.047666467959065 4.6011239807121482 13.315824342891572 4.2507968842983237 2.629683381645008 11.024348473176358 18.162726818118244 2.7401578559074542 25.694360360503197 16.922908768057823 8.9621727345511299
leaf_count=2675 301 110 80 152 45 93 20 127 88 87 25 145 125 58
internal_value=-0.000176222 0.00386788 0.00776122 0.0121505 0.0165527 -0.00614613 -0.0196264 -0.0163698 -0.0274175 0.0240394 0.00678621 0.0314106 0.0194851 0.00585984
internal_weight=586.227 193.299 155.715 132.171 116.509 28.9413 15.6617 23.5444 15.6255 87.5678 26.7878 60.78 35.0856 11.5919
internal_count=4131 1456 1155 860 760 226 100 295 133 534 177 357 212 185
is_linear=0
shrinkage=0.05


Tree=223
num_leaves=15
num_cat=0
split_feature=43 44 3 43 29 31 2 30 28 35 29 49 53 5
split_gain=1.92613 5.46256 4.82731 4.55941 7.96076 3.76432 5.3449 6.828 9.11463 4.55793 4.79514 5.08832 4.82848 4.38595
threshold=1.7167693838938727 0.19327680021524432 0.075235849056603785 4.2174360451679096 110.50000000000001 0.093541666666666676 0.22088453173637393 113.50000000000001 1.0469817140339284 1.6353936187106668 108.50000000000001 2.4665081695027689 0.67204301075268824 0.94149911403656017
decision_type=2 2 2 2 2 2 2 2 2 2 2 2 2 2
left_child=1 -1 -3 4 -2 9 7 8 -7 -5 12 -12 -11 -8
right_child=3 2 -4 5 -6 6 13 -9 -10 10 11 -13 -14 -15
leaf_value=-0.031170573743848257 0.013342594603565431 -0.028370605271979096 0.034859699029701756 -0.016711595683706473 -0.031408871888990136 -0.026713921436662826 -0.011121675066494819 -0.048640322450890144 0.025768930802029213 0.0087554209966724337 0.03202228906953547 -0.0037442939102586403 -0.059192063386557185 0.0029332750057909484
leaf_weight=4.618642432382333 14.377379492390899 2.84833910991438 16.822923110798001 11.57536222762428 28.156371947843581 19.008517337031662 65.431790615431964 11.698889844585208 13.131136117270215 7.5096987457945925 37.257163071306422 13.173780346289275 2.850324657629244 336.59070507134311
leaf_count=81 131 43 80 93 430 124 394 85 69 56 247 88 24 2186
internal_value=-0.000173673 0.0133249 0.0247746 -0.000781056 -0.0163228 0.000523524 -0.00120088 -0.0175751 -0.00514072 0.0110194 0.0164847 0.0227881 -0.0135037 0.00062382
internal_weight=585.051 24.2899 19.6713 560.761 42.5338 518.227 445.861 43.8385 32.1397 72.3663 60.791 50.4309 10.36 402.022
internal_count=4131 204 123 3927 561 3366 2858 278 193 508 415 335 80 2580
is_linear=0
shrinkage=0.05


Tree=224
num_leaves=15
num_cat=0
split_feature=38 22 38 38 33 1 30 12 12 30 53 32 33 32
split_gain=1.89726 3.44474 2.99277 4.23298 3.84539 3.86762 2.98315 2.93723 9.06653 5.60064 5.64274 5.66934 5.57453 6.2975
threshold=0.75930752028292092 1.499905030044397 1.5061765588011615 1.7819196297600191 0.43000398576259619 0.21540078520774844 98.500000000000014 2.2706034183502202 2.1784706115722661 86.500000000000014 0.7231800766283526 0.32583417593528824 0.2561939805746079 0.32583417593528824
decision_type=2 2 2 2 2 2 2 2 2 2 2 2 2 2
left_child=1 -1 4 6 5 -2 -4 8 12 -9 -11 -12 -5 -14
right_child=2 -3 3 7 -6 -7 -8 9 -10 10 11 -13 13 -15
leaf_value=-0.05089155761564941 0.040613545252969112 0.02872079389902666 0.017271731956762109 0.0070193922824559017 -0.011542517987478938 -0.015706557459569583 -0.047917416701569515 0.030054184551179641 -0.039267196436658394 0.0083515060616805494 -0.023551706454785395 -0.00015253738467314586 0.011816012883126443 -0.015076577157120956
leaf_weight=3.4618799694580948 13.740011644549673 1.1954415044747291 1.7160632824525217 101.78711545933038 7.6892691797111175 3.2663085074163964 6.609703165711835 17.16487625008449 16.172176069580019 145.94534499500878 32.583570181159303 113.00287531223148 27.598699198104441 92.063198574353009
leaf_count=111 65 8 20 528 147 26 82 108 117 1016 459 641 198 605
internal_value=-0.000177011 -0.028992 0.000104191 -0.000667465 0.0167865 0.0295249 -0.0340697 -9.71038e-05 -0.00426597 0.00311532 0.0014319 -0.00551443 -0.00154484 -0.00882757
internal_weight=583.997 4.65732 579.339 554.644 24.6956 17.0063 8.32577 546.318 237.621 308.697 291.532 145.586 221.449 119.662
internal_count=4131 119 4012 3774 238 91 102 3672 1448 2224 2116 1100 1331 803
is_linear=0
shrinkage=0.05


Tree=225
num_leaves=15
num_cat=0
split_feature=44 7 27 4 6 44 2 38 17 32 17 2 4 9
split_gain=1.90873 4.95558 5.31621 4.71113 4.44513 3.88619 5.68917 6.04165 5.33469 6.70409 5.82111 5.00816 4.71702 4.57927
threshold=2.821357369422913 0.79300209879875194 0.62042026170958475 4.0837790966033944 0.34613743424415594 1.7378271222114565 0.28786486387252813 10.723223244147158 0.50274725274725285 0.65039682539682553 0.61747491638795993 0.38903319835662847 0.52158889174461376 0.40824915824915831
decision_type=2 2 2 2 2 2 2 2 2 2 2 2 2 2
left_child=5 3 -3 4 -2 13 7 -7 9 11 12 -8 -10 -1
right_child=1 2 -4 -5 -6 6 8 -9 10 -11 -12 -13 -14 -15
leaf_value=0.00075782287258451778 -0.039064429732012108 -0.063529169344172715 0.020115616947617709 -0.038851066005888814 0.0060759561347601141 0.0015260368024233618 0.034160031956627333 -0.04551110764600437 0.02528007182553877 -0.0045608631266629363 0.023622745366746724 -0.014781322400836662 -0.045898025880605098 -0.013695124504297527
leaf_weight=252.04946368467063 5.0264365486800662 5.9908123547211272 2.0621446939185262 7.0371630080044261 56.567361134570092 83.951377939898521 51.757086030207574 6.4260302223265162 2.338243771344426 18.94422385469079 7.6187796737067393 5.2447922099381676 8.8582768458873016 69.000684038270265
leaf_count=2120 30 44 12 42 304 473 296 36 10 106 44 35 56 523
internal_value=-0.000173357 -0.00747154 -0.042254 -0.00284205 0.00182698 0.000944816 0.00669447 -0.00227986 0.0151881 0.0210396 -0.00830092 0.0294797 -0.0301795 -0.00238131
internal_weight=582.873 76.6839 8.05296 68.631 61.5938 506.189 185.139 90.3774 94.7614 75.9461 18.8153 57.0019 11.1965 321.05
internal_count=4131 432 56 376 334 3699 1056 509 547 437 110 331 66 2643
is_linear=0
shrinkage=0.05


Tree=226
num_leaves=15
num_cat=0
split_feature=55 12 51 42 37 21 51 51 12 12 49 2 40 55
split_gain=1.90097 6.81433 4.81727 3.74953 6.41234 4.26069 4.77055 4.41937 4.33539 4.0377 8.68335 5.87873 9.82881 6.01284
threshold=0.091862510889768614 1.7022586464881899 0.57924641148325373 1.0241066217422488 2.7649531175238899 0.26975051975051983 0.42770034843205579 0.43785112359550565 0.47279423475265508 3.9518302679061894 0.26822756381756224 0.27240242063999182 1.6454659716743523 0.21470098197460177
decision_type=2 2 2 2 2 2 2 2 2 2 2 2 2 2
left_child=1 -1 -3 4 -2 -6 -7 -8 -9 11 -11 13 -13 -5
right_child=3 2 -4 9 5 6 7 8 -10 10 -12 12 -14 -15
leaf_value=0.023887828881554607 -0.020526353613452539 -0.028304279538484092 0.026895303423385572 -0.034943195389123154 0.0091612931200194519 -0.040408016622177925 0.044417217666554848 0.034394499476213279 -0.012730104496612278 -0.037530309694402048 0.00025098097149055736 0.025559367156760906 -0.00044594043563353991 0.00089193953232891057
leaf_weight=29.415869620628655 57.552302152849734 13.905963126569988 4.4947435371577731 12.339721079450099 58.91805011080578 9.434483584482221 3.474605292081832 4.5303969234228125 42.439453327795491 17.38392751221545 87.958435709122568 68.073452583979815 76.587504173163325 95.204574459930882
leaf_count=159 509 80 24 71 364 92 18 17 303 170 818 406 491 609
internal_value=-0.000177149 0.00926835 -0.0141294 -0.00103885 -0.00698395 -0.000306635 -0.00962009 -0.00318837 -0.00756253 0.00190469 -0.0062781 0.00533382 0.0118829 -0.00350386
internal_weight=581.713 47.8166 18.4007 533.897 176.349 118.797 59.8789 50.4445 46.9699 357.548 105.342 252.205 144.661 107.544
internal_count=4131 263 104 3868 1303 794 430 338 320 2565 988 1577 897 680
is_linear=0
shrinkage=0.05


Tree=227
num_leaves=15
num_cat=0
split_feature=38 22 34 38 55 36 7 43 34 31 44 29 53 2
split_gain=1.8226 3.2018 2.71832 5.09191 3.28006 3.66023 2.48744 2.4588 4.40647 3.3051 2.82219 6.27538 6.27341 3.15954
threshold=0.75930752028292092 1.499905030044397 1.5498735633314851 1.7819196297600191 2.6476674079895024 6.0232496731953935 0.55609717965126049 0.82822127940529155 4.2542771598995008 0.082843137254901972 0.36349489565918147 85.000000000000014 0.063508064516129045 0.10370930656790735
decision_type=2 2 2 2 2 2 2 2 2 2 2 2 2 2
left_child=1 -1 4 6 -2 -6 -4 8 9 -5 11 -9 -13 -14
right_child=2 -3 3 7 5 -7 -8 10 -10 -11 -12 12 13 -15
leaf_value=-0.050317006271100806 0.024935542876501716 0.027026306041167486 0.014700068632726486 -0.050412157539978186 -0.03788139407799751 0.036097534790925166 -0.053696374284852466 0.032671166772708329 0.052395018555280587 0.024690683444570868 0.0002104277023723112 0.039567136828703074 0.036881131151392577 -0.047499569182228488
leaf_weight=3.333223861991427 20.087807869305838 1.1907884469255803 1.2092104235198338 1.8331640274263903 4.2198924853000781 1.5452330620028076 5.4861169960349798 3.9828597195446518 4.8863158691674471 2.1439868155866861 514.01759434770793 1.9161160071380461 0.47942334227263828 14.317843636032192
leaf_count=111 136 8 9 26 103 16 76 19 21 13 3157 44 2 390
internal_value=-0.000168343 -0.0287519 0.000105539 -0.000651341 0.0156398 -0.0156479 -0.0410386 -7.94398e-05 0.0246582 -0.0130996 -0.000534756 -0.018199 -0.0314816 -0.0426041
internal_weight=580.65 4.52401 576.126 550.273 25.8529 5.76513 6.69533 543.577 8.86347 3.97715 534.714 20.6962 16.7134 14.7973
internal_count=4131 119 4012 3757 255 119 85 3672 60 39 3612 455 436 392
is_linear=0
shrinkage=0.05


Tree=228
num_leaves=15
num_cat=0
split_feature=51 14 33 33 29 29 44 7 36 8 45 33 21 33
split_gain=1.83708 4.94266 3.54985 6.16419 3.5787 3.56428 3.87652 3.21764 3.09469 4.403 4.47901 9.44958 6.95768 5.01944
threshold=0.66465863453815277 0.88620886505493424 0.16187972575426104 0.32301491498947149 162.00000000000003 111.50000000000001 0.41961118578910833 0.64130905270576488 12.748042580986459 0.30056141316890722 0.58995376208490968 0.27572825551033026 0.27718676122931446 0.48847994208335882
decision_type=2 2 2 2 2 2 2 2 2 2 2 2 2 2
left_child=8 2 7 4 -4 6 -5 -2 -1 -10 -11 -12 13 -13
right_child=1 -3 3 5 -6 -7 -8 -9 9 10 11 12 -14 -15
leaf_value=0.0019450942039628714 -0.017079339336015683 -0.048594706274491008 -0.037639787050488677 -0.022805167139037415 0.022995509273657722 0.00038261784439765702 0.043247008584441256 0.047547855209474292 -0.046514193103925905 -0.009548649318418978 0.030837969687972634 -0.048866619462716546 0.021580913238604463 -0.0037564916847764732
leaf_weight=322.09092326147947 1.8394631296396244 2.6205067946575573 9.4095304068177921 1.9944424888817618 2.4355648867785922 16.623709425795823 12.89785665925592 9.0507180020213109 5.4864644948393098 136.10229187808 23.43275547772646 10.362397329881789 11.447567540686576 13.884738584514706
leaf_count=2496 8 22 57 30 11 144 68 44 35 872 119 58 55 112
internal_value=-0.000157299 0.00829664 0.0118745 0.00511 -0.0243525 0.0165917 0.0335226 0.0361133 -0.00109102 -0.00594858 -0.00457735 0.00683432 -0.00933449 -0.024207
internal_weight=579.679 56.8718 54.2513 43.3611 11.8451 31.516 14.8923 10.8902 522.807 200.716 195.23 59.1275 35.6947 24.2471
internal_count=4131 384 362 310 68 242 98 52 3747 1251 1216 344 225 170
is_linear=0
shrinkage=0.05


Tree=229
num_leaves=15
num_cat=0
split_feature=6 33 32 29 6 43 1 1 51 32 39 7 21 26
split_gain=1.85025 3.00383 3.72491 2.17626 2.15224 4.40519 4.67016 4.35673 4.08285 6.15 4.99476 4.39004 6.34985 6.30036
threshold=0.87366262078285228 0.32457846403121954 0.52667140825035574 111.50000000000001 0.74878883361816417 5.9194893242845597 0.11176035925745965 0.40621073544025427 0.40121951219512203 0.41287094547964115 9.3544535088374463 0.69476008415222179 0.52083735288443 1.3095525804112205
decision_type=2 2 2 2 2 2 2 2 2 2 2 2 2 2
left_child=4 2 3 -2 8 6 -6 -8 9 -1 -11 12 -10 -13
right_child=1 -3 -4 -5 5 -7 7 -9 11 10 -12 13 -14 -15
leaf_value=0.00041081651244813513 -0.0095260947590819437 -0.044861375624082676 -0.027577480423046186 0.03669140748654684 0.024891586703913678 0.0083241385962443369 -0.03786277064414844 0.020793579095647868 0.0085736381009051503 -0.039867697247724321 0.036285179920461368 -0.036637438396927922 -0.021284304082760015 -0.0025208004971562616
leaf_weight=31.120657199760899 3.8094515847042256 4.9136761853005728 7.2828719876706591 5.070042934268713 4.8955081207677749 145.61684295989107 14.586617190856488 3.2838856503367415 169.42314139252994 21.40408696397208 1.6082567013800133 14.093926799483596 18.926089487504214 132.74961197888479
leaf_count=288 23 89 42 22 38 930 170 14 1099 142 11 257 127 879
internal_value=-0.000153797 -0.014351 -0.00300178 0.0179061 0.000407447 0.00511346 -0.014909 -0.0265534 -0.00163578 -0.0142449 -0.0332562 0.000436876 0.00547683 -0.00602095
internal_weight=578.785 21.076 16.1624 8.87949 557.709 168.383 22.766 17.8705 389.326 54.133 23.0123 335.193 188.349 146.844
internal_count=4131 176 87 45 3955 1152 222 184 2803 441 153 2362 1226 1136
is_linear=0
shrinkage=0.05


Tree=230
num_leaves=15
num_cat=0
split_feature=3 7 30 33 4 51 32 51 51 32 8 5 22 5
split_gain=1.84462 5.25856 5.37638 6.29428 4.97811 4.93372 7.01908 6.89748 4.37999 4.86893 4.6093 4.25667 4.24127 6.4852
threshold=0.27346041055718479 0.66521948575973522 86.500000000000014 0.32983347773551946 1.3245225548744204 0.40642170329670335 0.41287094547964115 0.29679679679679688 0.45808232931726911 0.58863819500402914 0.31479021906852728 0.92152979969978344 0.16653771466878034 1.0000000180025095e-35
decision_type=2 2 2 2 2 2 2 2 2 2 2 2 2 2
left_child=1 12 4 8 -3 6 -2 -8 9 10 -4 -12 -1 -14
right_child=5 2 3 -5 -6 -7 7 -9 -10 -11 11 -13 13 -15
leaf_value=0.020741633578804767 0.02945492049197164 -0.023074780221178856 -0.0098500437346651405 -0.021109665571963782 0.038785927139984508 0.0052869335535327402 0.019894289908449436 -0.040341495401874122 -0.010911199180620522 -0.027239668083529289 -0.037738263758245814 0.03407453847825774 -0.042341808786085823 0.0040442834778186493
leaf_weight=31.881516526220366 6.07647427171469 3.8525844588875762 10.448704998940228 75.723448810400441 9.9372583320364338 240.39892413699999 5.4883992040995535 19.810834712348878 57.506966713815928 6.404699044302105 1.4359443187713647 23.684297965839505 7.332234250381588 77.76755639933981
leaf_count=253 38 41 57 990 56 1313 32 129 378 37 8 122 195 482
internal_value=-0.000153832 -0.00281218 -0.00795311 -0.0103476 0.0211117 0.00283838 -0.0155061 -0.0270144 -0.00202701 0.0101156 0.0174029 0.0286819 0.00549047 -0.000397719
internal_weight=577.75 305.975 188.994 175.204 13.7898 271.775 31.3757 25.2992 99.4806 41.9736 35.5689 25.1202 116.981 85.0998
internal_count=4131 2619 1689 1592 97 1512 199 161 602 224 187 130 930 677
is_linear=0
shrinkage=0.05


Tree=231
num_leaves=15
num_cat=0
split_feature=42 29 27 32 52 45 4 21 39 50 17 13 27 40
split_gain=1.88834 2.89852 2.87449 2.81747 2.80869 2.33689 2.19531 3.4005 3.62683 2.32691 5.05396 4.97585 4.56191 3.86305
threshold=3.1687355041503911 101.50000000000001 0.45735704634597479 0.25962962962962971 21.500000000000004 0.66186826843413427 5.9988920688629159 0.37858312858312865 0.78886155061089303 31.484269891316416 0.58468705207835658 0.5879070580266933 0.090261285097270563 1.3289632756415333
decision_type=2 2 2 2 2 2 2 2 2 2 2 2 2 2
left_child=6 -2 4 -4 5 -3 9 8 -8 -1 12 -12 -11 -14
right_child=1 2 3 -5 -6 -7 7 -9 -10 10 11 -13 13 -15
leaf_value=2.7560356538566368e-05 -0.056824534827536216 -0.038011672902096137 -0.026087529747788347 0.041176236006517854 0.031345947518321982 0.0097639230115902434 0.02304002013957842 0.015312627338556657 -0.055342369807923356 -0.026071384283185169 0.021921952172709251 -0.042652405889233864 -0.0038390199786007117 0.045417086099311797
leaf_weight=509.96980861236807 2.4212450825143632 9.2874165610410291 1.4633053527213622 3.9809480861295015 1.610210770741104 2.9401089986786237 1.2893405444920043 3.6606379356235266 5.6683268616907299 2.9545077951625016 4.4888749569654447 5.7769565801136196 5.0239654390607056 15.791636460460721
leaf_count=3639 26 68 19 26 8 21 9 20 54 21 21 49 60 90
internal_value=-0.000151556 -0.0142855 -0.0064055 0.0218544 -0.0182475 -0.0266543 0.000426241 -0.0210812 -0.0397471 0.000883949 0.0133484 -0.0149768 0.0256923 0.0338978
internal_weight=576.327 21.7032 19.282 5.44425 13.8377 12.2275 554.624 10.6183 6.95767 544.006 34.0359 10.2658 23.7701 20.8156
internal_count=4131 168 142 45 97 89 3963 83 63 3880 241 70 171 150
is_linear=0
shrinkage=0.05


Tree=232
num_leaves=15
num_cat=0
split_feature=44 19 8 21 8 50 52 8 29 44 32 38 29 9
split_gain=1.80619 4.007 4.59244 4.95805 4.7143 3.97628 3.88148 3.81035 4.2539 3.52701 4.57119 4.70811 4.54693 4.17468
threshold=2.821357369422913 6.6367606009004882 0.36240549385547643 0.31843156843156845 0.30623915791511541 12.655345680106253 3.5000000000000004 0.32711446285247808 187.50000000000003 1.7378271222114565 0.66069715382155436 10.470208932628056 146.50000000000003 0.059714795008912663
decision_type=2 2 2 2 2 2 2 2 2 2 2 2 2 2
left_child=9 2 4 -4 5 -2 -6 -8 -9 13 -11 12 -12 -1
right_child=1 -3 3 -5 6 -7 7 8 -10 10 11 -13 -14 -15
leaf_value=0.0021517620503658063 -0.038785704113129975 0.026703399342100309 -0.068980197186752246 -0.00050817852307901291 0.023068546315255789 0.023039463650866981 0.0062570857041383335 -0.048165086237035332 0.018163532695784936 0.010955352856384765 0.0051934369350860468 -0.048569352013662109 -0.044806479016274159 -0.0096928145036029294
leaf_weight=200.04713558929507 13.069593212567268 6.8754044026136389 5.4334548949263972 4.5135171394795179 14.880615185946224 2.4886943362653247 18.190167478285733 7.5681675244122726 2.7545644221827388 137.81462337682024 35.614160493016243 5.0036205723881713 4.192233443260192 117.17584024323151
leaf_count=1671 77 32 45 28 82 13 93 45 17 811 198 25 22 972
internal_value=-0.000148883 -0.00728992 -0.0110156 -0.0407951 -0.00539424 -0.028102 0.00319702 -0.00760399 -0.0304247 0.000946052 0.00646253 -0.00729282 -0.00104132 -0.0022401
internal_weight=575.622 75.7742 68.8988 9.94697 58.9518 15.5583 43.3935 28.5129 10.3227 499.848 182.625 44.81 39.8064 317.223
internal_count=4131 432 400 73 327 90 237 155 62 3699 1056 245 220 2643
is_linear=0
shrinkage=0.05


Tree=233
num_leaves=15
num_cat=0
split_feature=13 13 12 33 40 42 52 2 2 33 26 39 55 19
split_gain=1.82576 3.62486 4.52378 3.60708 2.80881 2.57289 2.36725 3.36692 5.03942 4.48025 4.22814 4.82833 5.31458 4.17086
threshold=5.8356496960517825 1.5233705768671648 3.181943535804749 0.44929473102092748 2.7094011608790276 0.56682702898979198 38.500000000000007 0.22088453173637393 0.22364807128906253 0.49914374947547918 2.6430954933166508 1.4504884012539188 0.46558278799057012 0.37991285772564282
decision_type=2 2 2 2 2 2 2 2 2 2 2 2 2 2
left_child=1 6 5 4 -2 -3 7 9 -9 10 13 12 -12 -1
right_child=3 2 -4 -5 -6 -7 -8 8 -10 -11 11 -13 -14 -15
leaf_value=-0.023756227578251812 -0.026265485514568861 -0.03832484238360212 -0.055627815416257609 0.043615028595715519 0.033148119475956792 0.019244427156036806 0.025117121466572623 0.045346429865178055 0.00052676815075069605 0.0071402632887236752 0.035972197206750073 -0.050367234251219722 -0.035571489149477713 0.017285077073878108
leaf_weight=11.679785841610284 4.8664514152333123 1.8120516203343848 5.6403675503097475 5.8529237546026707 2.0362724587321281 5.2712267423048615 8.2533354491461051 5.3576333792880169 466.36436386255082 23.148337704828009 3.7844716124236601 14.790142986923454 4.6828363686800003 11.128097082488237
leaf_count=107 31 43 130 43 9 43 46 30 3143 315 18 83 26 64
internal_value=-0.000153951 -0.000593479 -0.0259752 0.0178437 -0.00676203 0.00159771 4.0709e-05 -0.000387536 0.00113066 -0.0106035 -0.0194821 -0.0340244 -0.00317292 -0.00384699
internal_weight=574.668 561.913 12.7236 12.7556 6.90272 7.08328 549.189 540.936 471.722 69.2137 46.0653 23.2575 8.46731 22.8079
internal_count=4131 4048 216 83 40 86 3832 3786 3173 613 298 127 44 171
is_linear=0
shrinkage=0.05


Tree=234
num_leaves=15
num_cat=0
split_feature=42 4 35 35 2 43 22 52 22 3 55 35 31 32
split_gain=1.7811 2.66376 3.05215 3.11277 2.68732 2.03812 3.59828 7.01579 6.93198 4.81923 4.29138 4.15308 5.1976 4.80927
threshold=3.1687355041503911 0.59915444254875194 1.7252883738472564 2.8016539337493431 0.29080167412757879 17.877906638001743 0.23293165189067441 1.5000000000000002 0.56568249534300075 1.0000000180025095e-35 0.56101343035697948 2.4341632493604339 0.16152751423149908 0.5131670131670133
decision_type=2 2 2 2 2 2 2 2 2 2 2 2 2 2
left_child=5 -2 4 -4 -3 -1 10 -8 9 -9 -7 -10 -13 -14
right_child=1 2 3 -5 -6 6 7 8 11 -11 -12 12 13 -15
leaf_value=-0.0014220030684917008 -0.04158430350633141 -0.066294947893841313 0.030949778116275556 -0.016347914068541573 0.0054775690442392866 0.011072427539323445 0.04765208524324107 -0.012481903996020328 0.0050030368724998265 0.035156447330622793 -0.026087888173983137 0.017759363993071011 -0.016111980364538862 -0.075741837927068095
leaf_weight=404.78430666681379 5.2869152982020777 1.9905651658773447 6.6288228710181993 5.5312493802048266 2.0630595786496997 13.10405580326915 9.8702562209218723 6.1831776034086969 54.802749445661902 24.05838088132441 16.641453107818961 6.0834188256412771 13.025131129659714 3.9905665479600421
leaf_count=3061 45 16 45 44 18 73 52 53 336 126 123 38 77 24
internal_value=-0.000146705 -0.0139365 -0.00302917 0.00982807 -0.0359111 0.000414093 0.0054198 0.00932924 0.00542696 0.0253286 -0.00988964 -0.00252196 -0.0198418 -0.0335245
internal_weight=574.044 21.5006 16.2137 12.1601 4.05362 552.543 147.759 118.014 108.143 30.2416 29.7455 77.9019 23.0991 17.0157
internal_count=4131 168 123 89 34 3963 902 706 654 179 196 475 139 101
is_linear=0
shrinkage=0.05


Tree=235
num_leaves=15
num_cat=0
split_feature=20 38 20 20 5 33 35 7 36 1 42 43 21 53
split_gain=1.7839 3.46382 2.45046 2.43708 2.18294 3.45259 3.44563 2.63975 4.64462 5.33041 4.1752 4.9085 4.38484 4.17163
threshold=8.0052582509154799 2.3481549491530775 6.2300817921846603 5.3939143513392169 3.4274843931198125 0.14665066450834277 1.6177971453418019 0.74090495705604564 8.786748292520409 0.093819636851549162 0.81523373723030101 7.7304088675383413 0.49712643678160923 0.59629629629629644
decision_type=2 2 2 2 2 2 2 2 2 2 2 2 2 2
left_child=2 -2 3 4 7 -6 -7 -1 13 -10 -11 12 -12 -9
right_child=1 -3 -4 -5 5 6 -8 8 9 10 11 -13 -14 -15
leaf_value=0.0024613053926616471 -0.030459172211065214 0.030007228555611082 -0.036932808349458675 0.040776184798420961 0.034775510725893556 0.014542121629203115 -0.033580770754277088 0.018171837750432629 0.02811910421459847 -0.031254112374368252 -0.053078486754728066 -0.0019441218790779591 0.017864176662371774 -0.0069030380942837408
leaf_weight=367.73347026540432 2.1416009711101642 10.140587932430206 3.5965033378452054 2.5924119092524043 2.0834542112424996 4.2178608169779208 14.985860005952416 31.206371345324442 6.8621256994083515 26.894347170135006 8.3713249228894693 56.681757993530482 2.2931507690809658 33.389412721036933
leaf_count=2525 20 60 25 15 9 31 130 224 37 233 89 362 19 352
internal_value=-0.000147024 0.0179645 -0.000574876 -0.000274517 -0.000539392 -0.0158706 -0.0228145 0.000100966 -0.00512066 -0.0117672 -0.0149363 -0.00805789 -0.0376002 0.00530305
internal_weight=573.19 12.2822 560.908 557.312 554.719 21.2872 19.2037 533.432 165.698 101.103 94.2406 67.3462 10.6645 64.5958
internal_count=4131 80 4051 4026 4011 170 161 3841 1316 740 703 470 108 576
is_linear=0
shrinkage=0.05


Tree=236
num_leaves=15
num_cat=0
split_feature=27 16 43 4 23 51 22 51 39 8 51 7 49 50
split_gain=1.75505 4.55242 4.33051 6.04988 4.39049 6.5579 6.19631 4.17521 4.0041 4.38261 3.95696 3.80752 3.52839 7.54545
threshold=0.48535735956290088 1.0000000180025095e-35 12.364854213054821 2.1665469408035283 0.80562269807406384 0.61985915492957755 1.3310174816488087 0.27361853832442073 3.828750155719991 0.30070321261882788 0.47237484737484742 0.77196210622787487 0.77883903896689288 18.187938259944435
decision_type=2 2 2 2 2 2 2 2 2 2 2 2 2 2
left_child=-1 2 8 7 6 11 -5 -4 12 -10 -8 -6 13 -2
right_child=1 -3 3 4 5 -7 10 -9 9 -11 -12 -13 -14 -15
leaf_value=-0.0020739671343346258 -0.05081598678974162 0.023624153264408115 -0.046470148761832641 0.02297686686470056 -0.070087955423953269 0.032296404750689622 0.020483808185717493 0.020045178890998893 0.033739478817195356 -0.025669392988061424 -0.054339859401698845 0.0056866785227989627 0.011925899118385692 0.025427850057778367
leaf_weight=384.63990822422784 6.7447369112633151 24.130889581982046 1.534225471317767 13.714196742512291 6.3267666818574053 2.1908280886709681 1.935673665255307 56.713339223992079 2.570430406369268 31.682609488721937 4.6763095762580633 1.9588464628905056 28.813060256419703 4.7712231031619012
leaf_count=2675 97 153 10 92 40 10 14 374 14 297 32 13 270 40
internal_value=-0.000140577 0.00381005 0.000762313 0.00816477 -0.00955487 -0.0342998 0.00420938 0.0175384 -0.00806722 -0.0203806 -0.0326217 -0.0534905 0.0026311 -0.0197194
internal_weight=572.403 187.763 163.632 89.0502 30.8026 10.4764 20.3262 58.2476 74.5821 34.253 6.61198 8.28561 40.329 11.516
internal_count=4131 1456 1303 585 201 63 138 384 718 311 46 53 407 137
is_linear=0
shrinkage=0.05


Tree=237
num_leaves=15
num_cat=0
split_feature=3 7 22 53 52 43 51 2 51 32 51 55 21 8
split_gain=1.7621 4.70922 4.82605 4.70458 5.61212 5.15217 5.0904 4.79241 4.49226 6.5327 6.5813 5.09365 4.45689 4.65119
threshold=0.27346041055718479 0.66521948575973522 0.066586275271486667 0.68090909090909102 2.5000000000000004 25.030832092022514 0.52667140825035574 0.36943006515502935 0.40405073649754503 0.41287094547964115 0.29679679679679688 0.609581619501114 0.28989813242784385 0.31437832117080694
decision_type=2 2 2 2 2 2 2 2 2 2 2 2 2 2
left_child=1 -1 -3 5 -5 6 12 -6 9 -2 -11 -12 13 -4
right_child=8 2 3 4 7 -7 -8 -9 -10 10 11 -13 -14 -15
leaf_value=0.0051466313581499598 0.028497403748597286 -0.035893875488086022 -0.025241813878983017 0.012490587351268762 -0.023261559721219658 0.034728964539275445 0.021913458036477079 0.027249645220179482 0.005098713938266438 0.019070346783898649 -0.055397002761660152 0.0023328590158559906 -0.026881903150904496 0.01129384513115602
leaf_weight=115.61331918509677 5.9581823325715986 13.029588463483377 11.06955861719325 15.913602298358454 64.724340298795141 10.02305714972317 16.753765041241422 4.2336411657743147 239.34144633053802 5.4564888658933368 13.528302140533926 5.0779007417149833 20.49224623804912 30.317684433655813
leaf_count=930 38 157 86 125 698 60 136 34 1321 32 79 42 170 223
internal_value=-0.000138033 -0.00275499 -0.00765311 -0.0053391 -0.0136829 0.00271205 -0.00175387 -0.0198153 0.002797 -0.0151262 -0.0266339 -0.0403263 -0.00840835 0.00115694
internal_weight=571.533 302.171 186.557 173.528 84.8716 88.6563 78.6333 68.958 269.362 30.0209 24.0627 18.6062 61.8795 41.3872
internal_count=4131 2619 1689 1532 857 675 615 732 1512 191 153 121 479 309
is_linear=0
shrinkage=0.05


Tree=238
num_leaves=15
num_cat=0
split_feature=55 12 3 20 37 13 42 39 21 6 49 40 27 55
split_gain=1.79225 6.14221 3.61743 3.46144 4.93514 3.27271 3.01993 8.0207 4.72817 5.45033 5.16132 5.41004 4.77599 5.7385
threshold=0.091862510889768614 1.7022586464881899 0.36451048951048953 0.48434945546516911 3.0222730122251837 0.13897064734449352 1.0241066217422488 4.9367566759321155 0.26975051975051983 0.74423232674598705 0.38380960951817722 1.9613581492312506 0.70617135798081843 0.37645593285560613
decision_type=2 2 2 2 2 2 2 2 2 2 2 2 2 2
left_child=1 3 -3 4 -1 -6 7 8 9 10 -2 -12 13 -10
right_child=6 2 -4 -5 5 -7 -8 -9 12 -11 11 -13 -14 -15
leaf_value=0.038978944768610947 0.031889692155318776 -0.046200817654681703 0.0010050441264506285 0.047154415351009241 0.021978571797444023 -0.028304941579375981 0.0016894572873945826 -0.024659823495881764 0.0043593208557492682 0.025276808854662786 -0.041340666686695643 0.0028676544645448599 0.034811616485023893 -0.026541464017028334
leaf_weight=7.7535407841205659 7.0968610630370668 4.7855752948671606 13.45658689457923 9.1006849333643896 4.2819684790447337 7.596614632755518 350.62255750515033 43.56195677141659 25.684371693991125 28.728465056279674 9.8302302386146057 18.843319025123492 4.6360488338395944 34.380069506587461
leaf_count=53 60 28 76 43 26 37 2565 346 129 173 101 118 37 339
internal_value=-0.000131335 0.00911914 -0.0131362 0.0232154 0.0103706 -0.0098797 -0.000977394 -0.0063684 -5.90721e-05 0.00944783 -0.00360667 -0.0131708 -0.0095359 -0.0134729
internal_weight=570.359 46.975 18.2422 28.7328 19.6321 11.8786 523.384 172.761 129.199 64.4989 35.7704 28.6735 64.7005 60.0644
internal_count=4131 263 104 159 116 63 3868 1303 957 452 279 219 505 468
is_linear=0
shrinkage=0.05


Tree=239
num_leaves=15
num_cat=0
split_feature=55 50 2 38 26 35 7 44 39 28 8 43 27 6
split_gain=1.78525 3.99511 4.01999 3.85752 3.90193 4.11617 4.78347 5.77202 4.99933 5.08377 4.4361 4.39318 4.16033 4.10373
threshold=2.4223345518112187 23.301036382321396 0.13327449560165408 1.20497389185879 5.3545057773590097 1.6531664244605768 0.66885679960250866 1.4152917861938479 3.2717462169878191 1.0363907038292948 0.30345954000949865 32.780146580974879 0.54345373983094225 0.41176368296146398
decision_type=2 2 2 2 2 2 2 2 2 2 2 2 2 2
left_child=1 2 -1 -2 5 12 11 10 9 -9 -8 -7 -5 -10
right_child=3 -3 -4 4 -6 6 7 8 13 -11 -12 -13 -14 -15
leaf_value=-0.048176593471547687 -0.049132385679944074 0.018390526184183131 0.00046628129299970022 -0.040077953236162089 -0.033115218349013084 0.02090918217233502 0.021167039810608693 -0.029103951032832243 0.023099483084808314 0.03505214644353729 -0.046733518121319734 -0.048540646250637004 0.0036885802569027329 -0.046193944063184243
leaf_weight=3.2900787545368066 3.9225625531980759 30.647128462791443 426.2383257902693 10.716119009535761 9.2417621666099858 36.706441207323223 2.4093828492332241 3.1168249249458375 2.4664850607514373 13.334226384060456 10.555108027299864 1.4899466484785069 9.8311157464049739 5.3871100731194019
leaf_count=49 143 199 2684 118 105 283 30 25 12 80 219 10 128 46
internal_value=-0.000120491 0.00124581 -1.73465e-05 -0.00583843 -0.00377776 -0.000641627 0.00480427 -0.00784409 0.00662557 0.0219259 -0.0335024 0.0170308 -0.0199379 -0.0242807
internal_weight=569.353 460.176 429.528 109.177 105.255 96.0128 75.4655 37.2691 24.3046 16.4511 12.9645 38.1964 20.5472 7.8536
internal_count=4131 2932 2733 1199 1056 951 705 412 163 105 249 293 246 58
is_linear=0
shrinkage=0.05


Tree=240
num_leaves=15
num_cat=0
split_feature=42 29 27 32 31 29 26 4 39 17 31 55 17 8
split_gain=1.75533 2.62085 2.49227 2.5688 2.25885 3.33464 2.10331 1.95507 2.79905 2.6895 2.43357 5.09079 5.7262 6.05673
threshold=3.1687355041503911 101.50000000000001 0.45735704634597479 0.25962962962962971 0.10300618921308578 105.00000000000001 3.669870088333075 5.9988920688629159 0.78886155061089303 0.62691230338289172 0.19586530264279628 1.0348464250564577 0.31694935499283333 0.36332418024539953
decision_type=2 2 2 2 2 2 2 2 2 2 2 2 2 2
left_child=7 -2 4 -4 -3 -6 -7 10 -9 -10 -1 -12 13 -13
right_child=1 2 3 -5 5 6 -8 8 9 -11 11 12 -14 -15
leaf_value=0.0046987696432081553 -0.05462336017025337 0.00929559560063117 -0.025372706394320561 0.039796945397290312 0.022878356204259171 -0.059720743351680108 -0.0013433508158112216 0.024006889810309698 -0.043340535549241083 0.023371458713282223 0.0023750261693086263 0.0056111219218990087 -0.024827650738262524 -0.043629014819479027
leaf_weight=232.47995001717936 2.3745507325511452 4.7808054019697037 1.410490593407302 3.7541069337166846 1.6684622243046741 5.0829492090269923 2.1300903903320432 2.0782827958464614 7.168732471065594 1.1848089545965192 206.33239330165088 48.574565953807905 43.089857711922377 6.1454105777665964
leaf_count=1767 26 39 19 26 9 36 13 13 66 4 1129 365 547 72
internal_value=-0.000134914 -0.0139175 -0.00628735 0.0207699 -0.0172345 -0.0310108 -0.0447439 0.000423658 -0.0200384 -0.0323915 0.000857968 -0.00208364 -0.0114182 -0.000602626
internal_weight=568.255 21.2015 18.8269 5.1646 13.6623 8.8815 7.21304 547.054 10.4318 8.35354 536.622 304.142 97.8098 54.72
internal_count=4131 168 142 45 97 58 49 3963 83 70 3880 2113 984 437
is_linear=0
shrinkage=0.05


Tree=241
num_leaves=15
num_cat=0
split_feature=45 30 12 31 50 2 30 44 26 33 44 22 45 13
split_gain=1.79506 3.64391 4.34845 2.61374 5.01986 4.53538 5.13726 4.24761 4.10744 4.07063 5.16556 8.46224 5.02806 4.83177
threshold=0.90967365967365976 115.00000000000001 7.3915617465972909 0.078023538961038974 0.59429526103243957 0.19132671505212787 117.00000000000001 0.34569990634918218 4.0480322837829599 0.35546143352985388 1.7048758268356325 0.19976110466029687 0.60128205128205137 0.2123119606896974
decision_type=2 2 2 2 2 2 2 2 2 2 2 2 2 2
left_child=3 -2 -3 4 -1 6 -5 -6 -9 12 -11 -12 -7 -14
right_child=1 2 -4 5 7 9 -8 8 -10 10 11 -13 13 -15
leaf_value=-0.035081413097901019 -0.056043525406754419 -0.025546018918628757 0.045536203698368694 -0.00098834793336666791 -0.01968349122044058 0.00033460963392159158 -0.048487610958815069 0.025204270687907811 -0.0062165893476247378 -0.013572716878090084 -0.034911055410385881 0.012663406361800739 -0.0011055874662553569 0.028405407760986875
leaf_weight=4.9226329716620958 3.310411394806577 4.6029550209641457 2.4946135891368613 12.522508449386807 7.7878793329000464 247.48387467861176 9.502235562540589 43.465229370631278 13.127615809440611 97.231196961831301 10.281324432697145 53.834278367226943 22.875671859830618 33.950527552515268
leaf_count=63 79 127 51 77 211 1399 73 237 78 1031 79 322 131 173
internal_value=-0.000139365 -0.0197732 0.00197568 0.000262298 0.00927605 -0.00103499 -0.022697 0.0131524 0.0179343 3.60308e-05 -0.00636119 0.00461557 0.0034376 0.0167119
internal_weight=567.393 10.408 7.09757 556.985 69.3034 487.682 22.0247 64.3807 56.5928 465.657 161.347 64.1156 304.31 56.8262
internal_count=4131 257 178 3874 589 3285 150 526 315 3135 1432 401 1703 304
is_linear=0
shrinkage=0.05


Tree=242
num_leaves=15
num_cat=0
split_feature=2 2 52 30 44 44 43 30 4 1 12 51 32 5
split_gain=1.68351 2.72997 4.60834 6.4061 6.47064 7.40405 5.74504 5.00099 4.24269 4.20461 7.60779 5.08867 4.97286 4.6636
threshold=0.38903319835662847 0.31287430226802831 3.5000000000000004 86.500000000000014 2.5856815576553349 1.423404395580292 9.9737997942249272 78.500000000000014 3.9122462272644047 0.18563409149646762 3.8030101060867314 0.55791592128801437 0.76506899055918665 1.1936320066452029
decision_type=2 2 2 2 2 2 2 2 2 2 2 2 2 2
left_child=1 8 7 -4 5 6 -5 -3 9 10 11 -1 -11 -14
right_child=-2 2 3 4 -6 -7 -8 -9 -10 12 -12 -13 13 -15
leaf_value=-0.007766740505019732 -0.015332341744929629 -0.033693331865991237 0.03862565332037754 -0.0045389591240762601 -0.03242212546301395 0.014293580242699938 -0.060768535773938925 0.023145411437000669 -0.017226166747699612 0.0082641320793664218 -0.036467152848789083 0.010157117650871879 0.010729237054570937 -0.039817555672534533
leaf_weight=121.66858408390544 16.675800958415493 3.3489330895245066 8.4061219897121173 15.682364467531444 15.962599052116273 42.361364845652133 5.5027779275551429 45.266877063550055 38.701284470036626 160.99308028514497 16.585984556935728 57.501911739818752 7.1844828166067627 10.048539191018788
leaf_count=837 160 24 46 184 96 248 60 302 309 1123 288 353 40 61
internal_value=-0.000143826 0.000344371 0.0064465 -0.000424467 -0.00498154 0.00230693 -0.0212252 0.0186299 -0.00168514 -3.52427e-05 -0.00508159 -0.00198992 0.00550489 -0.0193118
internal_weight=565.891 549.215 136.531 87.9152 79.5091 63.5465 21.1851 48.6158 412.684 373.983 195.756 179.17 178.226 17.233
internal_count=4131 3971 960 634 588 492 244 326 3011 2702 1478 1190 1224 101
is_linear=0
shrinkage=0.05


Tree=243
num_leaves=15
num_cat=0
split_feature=13 43 14 49 6 50 17 51 44 35 49 50 3 49
split_gain=1.66514 3.75335 2.68166 4.10967 4.37451 4.35666 4.03066 2.68572 3.04485 2.57687 3.17416 2.48149 5.22775 3.6485
threshold=7.7516245238409329 5.4040949606529454 0.74007447186334796 2.1394866011042235 0.85776633024215709 10.595309563707216 0.55495169082125617 0.64611005692599632 1.2127136588096621 1.7219349810534783 0.41362088449349621 11.530256072452429 0.55718954248366026 2.4890891170963303
decision_type=2 2 2 2 2 2 2 2 2 2 2 2 2 2
left_child=2 -2 11 5 6 -4 7 8 -5 10 -7 -1 13 -13
right_child=1 -3 3 4 -6 9 -8 -9 -10 -11 -12 12 -14 -15
leaf_value=-0.00074502792794959736 -0.023301127892236487 0.041331927116221162 -0.051984196542801703 -0.014477455141950367 -0.054142963334681195 0.017141468428414637 -0.029760808661330514 -0.019010070436622735 0.037645526439487986 -0.002083333282096029 -0.052526340724763657 0.0071834724233333733 0.047485130287535357 -0.04429852089889888
leaf_weight=421.46314215753227 2.5917547640856338 5.7140957349911332 7.6801835086662313 2.8832166078500583 1.8185326466336835 1.6706153233535612 3.9094835319556287 2.8565053711645296 13.968332346528767 21.976422224892303 5.1920844288542867 63.490585686638951 6.9608619324862948 2.6438568823505184
leaf_count=3106 36 23 79 24 15 12 43 17 70 157 39 451 34 25
internal_value=-0.000149137 0.0208272 -0.000499 -0.0102187 0.00511594 -0.0207512 0.0116928 0.0209561 0.0284161 -0.0109701 -0.0355437 0.000736794 0.00917563 0.00449618
internal_weight=564.82 8.30585 556.514 61.9554 25.4361 36.5193 23.6175 19.7081 16.8515 28.8391 6.8627 494.558 73.0953 66.1344
internal_count=4131 59 4072 456 169 287 154 111 94 208 51 3616 510 476
is_linear=0
shrinkage=0.05


Tree=244
num_leaves=15
num_cat=0
split_feature=45 22 2 31 50 2 44 26 33 44 29 32 4 50
split_gain=1.65354 3.49208 4.11662 2.33748 4.61841 4.09529 3.94818 3.77828 3.75978 4.72156 5.0307 6.31382 5.64937 5.0946
threshold=0.90967365967365976 0.13317359440681928 0.14134980738162997 0.078023538961038974 0.59429526103243957 0.19132671505212787 0.27999739348888403 4.0480322837829599 0.35546143352985388 2.0491560697555546 143.50000000000003 0.52344322344322358 3.9122462272644047 1.4143780155386692
decision_type=2 2 2 2 2 2 2 2 2 2 2 2 2 2
left_child=3 2 -2 4 -1 -5 -6 -8 -7 -10 12 -12 -11 -13
right_child=1 -3 -4 5 6 8 7 -9 9 10 11 13 -14 -15
leaf_value=-0.033895986225038054 0.060555096321460847 -0.037319417982637722 -0.029451271203881281 -0.021642321332587838 -0.024980938238299881 0.0032974970299941768 0.023271108764723377 -0.0065771333331993212 -0.011165010807211934 0.035376589846186239 0.011031268910310149 -0.0020541077781241019 -0.024906287369930391 -0.084860029216454136
leaf_weight=4.8768965539056799 1.6493121325038358 7.0257129317615181 1.5902504844125358 21.88564079394564 5.4800774117466053 303.11344705009833 44.867883597034961 13.299298778176306 119.18276517651975 18.376907323487107 12.080842189025136 3.5305492253974071 4.0975878443568936 3.0428002923727036
leaf_count=63 15 196 46 150 183 1703 263 80 1176 110 80 18 30 18
internal_value=-0.000153929 -0.0191182 0.0198471 0.000231395 0.00880653 -0.000995003 0.0125523 0.0164508 2.45855e-05 -0.00614584 0.00831848 -0.0105871 0.0237929 -0.0465287
internal_weight=564.1 10.2653 3.23956 553.835 68.5242 485.311 63.6473 58.1672 463.425 160.311 41.1287 18.6542 22.4745 6.57335
internal_count=4131 257 61 3874 589 3285 526 343 3135 1432 256 116 140 36
is_linear=0
shrinkage=0.05


Tree=245
num_leaves=15
num_cat=0
split_feature=42 29 3 7 7 26 22 55 12 25 31 3 21 36
split_gain=1.66325 2.4042 2.33009 2.63282 2.55632 2.4328 1.96714 4.72412 6.77203 6.29507 5.15192 5.55314 7.3906 5.8198
threshold=3.1687355041503911 101.50000000000001 0.19836065573770495 0.57921546697616588 0.59733939170837413 1.8818222303401682 0.56599003403607118 0.30555227398872381 1.4595645070075991 0.59141039848327648 0.19378911892152145 0.43534002229654406 0.22996794871794876 14.406106150706838
decision_type=2 2 2 2 2 2 2 2 2 2 2 2 2 2
left_child=6 -2 4 -4 -3 -5 7 -1 9 -9 -10 12 13 -12
right_child=1 2 3 5 -6 -7 -8 8 10 -11 11 -13 -14 -15
leaf_value=0.015092256779751893 -0.052828999562122371 0.017854148167139303 -0.033085978187661791 -0.022833084074971071 -0.043174652909289735 0.031367005482338443 -0.0025136556803717568 0.037433000635177099 0.01026372593596943 -0.041556691410821023 0.020895030465099079 0.014469796493702756 -0.029337428580406014 -0.028451407276890474
leaf_weight=64.843606964219362 2.3458232975099262 1.7431910582818115 2.182742901146411 1.9410117929801325 5.1230920576490462 7.4755274206399918 281.02536317403428 2.1988738588988808 97.26532012084499 14.670569906476883 18.139049689285461 21.87837640196085 34.307999095530249 7.7137763416394582
leaf_count=342 26 16 11 20 55 40 2071 11 759 116 145 112 342 65
internal_value=-0.000158988 -0.0136968 -0.00626695 0.00741275 -0.0273808 0.0190754 0.000385053 0.00350364 -0.000383995 -0.029742 0.00252772 -0.0066572 -0.0144513 0.00566018
internal_weight=562.854 20.8114 18.4656 11.5993 6.86628 9.41654 542.043 261.018 196.174 16.8694 179.305 82.0392 60.1608 25.8528
internal_count=4131 168 142 71 71 60 3963 1892 1550 127 1423 664 552 210
is_linear=0
shrinkage=0.05


Tree=246
num_leaves=15
num_cat=0
split_feature=6 8 8 29 6 43 1 27 30 25 38 24 49 1
split_gain=1.67306 3.06869 3.14743 2.47603 2.13904 3.92836 4.12239 3.69839 5.54165 5.09807 5.02125 4.94319 4.46778 4.77973
threshold=0.87366262078285228 0.31273397803306585 0.32449214160442358 183.00000000000003 0.74878883361816417 5.9194893242845597 0.11176035925745965 0.37353910110646987 115.00000000000001 2.3465825319290166 9.3392983295476935 4.2763834895711303 1.4362245034355752 0.13725616037845614
decision_type=2 2 2 2 2 2 2 2 2 2 2 2 2 2
left_child=4 3 -3 -2 -1 6 -6 8 11 -10 12 -7 13 -9
right_child=1 2 -4 -5 5 7 -8 10 9 -11 -12 -13 -14 -15
leaf_value=-0.0016856915363248624 -0.057507428994813051 0.035561264442724311 -0.014055004823171891 0.0046227466541982256 0.02369206448039677 -0.0025919660151514463 -0.02534559674915909 -0.040213312608482731 -0.048567733976029523 0.0085842980710379123 -0.014960252853120474 0.03148828864328472 0.03204305016601549 0.014013422942224267
leaf_weight=378.50411295308731 4.4173305309377637 3.4766974914818993 10.175493483548051 2.0788023876957595 4.7490889702457961 35.73073755891528 17.13758474518545 3.8343963520601418 8.8659892086870951 6.0217431881465009 10.80248304735869 14.072597622871397 36.926520994398743 24.910853239707649
leaf_count=2803 43 25 94 14 38 244 184 30 77 36 64 78 237 164
internal_value=-0.000160806 -0.0139576 0.000145057 -0.039661 0.000377274 0.00514727 -0.0141349 0.00821522 -0.000601094 -0.0263658 0.0155846 0.00746812 0.020758 0.00567125
internal_weight=561.704 20.1483 13.6522 6.49613 541.556 163.052 21.8867 141.165 64.6911 14.8877 76.4743 49.8033 65.6718 28.7452
internal_count=4131 176 119 57 3955 1152 222 930 435 113 495 322 431 194
is_linear=0
shrinkage=0.05


Tree=247
num_leaves=15
num_cat=0
split_feature=2 35 20 36 2 52 29 2 29 29 2 25 42 7
split_gain=1.64302 2.65377 3.03273 2.87823 2.42572 4.2031 6.57799 6.02328 4.9405 4.55331 3.70264 4.05807 3.59779 3.66981
threshold=0.38903319835662847 1.7383259642192392 0.68616142794275825 8.4151395146099421 0.31287430226802831 3.5000000000000004 145.00000000000003 0.3643969744443894 100.50000000000001 96.000000000000014 0.32982863485813146 2.3186136484146123 2.9044252634048466 0.7711482346057893
decision_type=2 2 2 2 2 2 2 2 2 2 2 2 2 2
left_child=4 -2 3 -3 -1 8 7 9 -6 -7 -11 -12 13 -10
right_child=1 2 -4 -5 5 6 -8 -9 12 10 11 -13 -14 -15
leaf_value=-0.0015905045686781987 0.016265900932126383 0.0042949296347456582 0.014956574619124483 -0.054516040421612046 -0.026986955900050263 0.042106245756521478 -0.030898550247217011 0.034197313532083912 0.035667691365791378 0.0074321042559002907 -0.027916770861787184 0.016042288136784853 -0.019254604517902923 -0.00051208507624636904
leaf_weight=409.47387223318219 4.2274142343085286 2.6493042766815034 2.8421746850945047 6.7943980132695287 4.6823151214048258 4.4640213204547754 13.811584979295729 13.750629637390373 30.563444406725466 26.825878090923652 21.928501542657617 6.0886815208941689 3.8443956542760125 8.9735223911702615
leaf_count=3011 36 40 25 59 32 29 103 79 187 197 184 42 27 80
internal_value=-0.000157089 -0.0152314 -0.0264778 -0.0391859 0.000327243 0.00611582 -0.000486193 0.00560286 0.0178149 -0.00148402 -0.00572258 -0.01814 0.0231496 0.0276461
internal_weight=560.92 16.5133 12.2859 9.4437 544.407 134.933 86.8693 73.0577 48.0637 59.3071 54.8431 28.0172 43.3814 39.537
internal_count=4131 160 124 99 3971 960 634 531 326 452 423 226 294 267
is_linear=0
shrinkage=0.05


Tree=248
num_leaves=15
num_cat=0
split_feature=38 38 38 6 6 30 23 6 25 55 30 2 43 23
split_gain=1.63659 2.2789 4.02605 3.28882 5.96403 4.54383 5.77186 3.9356 3.12593 2.95388 3.181 2.86518 2.75551 2.71324
threshold=0.75930752028292092 1.5061765588011615 2.4921325233700613 0.37389418482780462 0.60574200749397289 106.50000000000001 0.16037562069423658 0.65770256519317638 1.5718033313751223 2.6863250732421879 89.500000000000014 0.24564036726951602 12.153926693444753 0.13826730357423586
decision_type=2 2 2 2 2 2 2 2 2 2 2 2 2 2
left_child=-1 9 3 11 -5 12 -7 -8 -9 10 -2 -3 -6 -14
right_child=1 2 -4 4 5 6 7 8 -10 -11 -12 -13 13 -15
leaf_value=-0.028141207709833884 -0.028520958168430852 -0.033012745867986956 0.00074292051169888194 -0.051277810229228366 -0.021299507098998607 0.024520386405647139 0.01402162501725901 -0.071826812875052923 -0.0049054222032200081 -0.015207523779520915 0.031742432812748966 0.032773732271911181 -0.020177838837232807 0.040016258654702465
leaf_weight=4.1730123381130388 1.7246265076100886 1.3771217905450601 489.34192975144833 10.237097593722863 3.182456980925056 3.6220281322021028 2.0927952523343256 6.5326071924064291 2.4721063859760761 5.4111222564242771 16.041345538571477 5.0732526993378997 1.7413329952396432 7.3493577528279275
leaf_count=119 12 37 3332 135 40 40 11 60 14 115 111 41 17 47
internal_value=-0.000147624 0.000112532 -0.000567438 -0.0149353 -0.020609 -0.0075614 -0.0255335 -0.0425467 -0.0557812 0.015127 0.0246843 0.0161828 0.0142929 0.027629
internal_weight=560.372 556.199 533.022 43.6802 37.2298 26.9927 14.7195 11.0975 9.00471 23.1771 17.766 6.45037 12.2731 9.09069
internal_count=4131 4012 3774 442 364 229 125 85 74 238 123 78 104 64
is_linear=0
shrinkage=0.05


Tree=249
num_leaves=15
num_cat=0
split_feature=20 38 14 12 43 13 13 39 8 13 9 53 49 12
split_gain=1.68281 3.12528 2.14493 3.82453 3.70637 5.77855 3.49667 3.86124 3.35143 6.34671 4.71895 5.51671 5.47416 4.03721
threshold=8.0052582509154799 2.3481549491530775 0.38510336494060377 0.42942979931831365 5.2757633688006029 5.8356496960517825 0.43978150970465152 9.0659474511028311 0.31927327811717993 0.19246509238855189 0.36515151515151517 0.87750000000000006 2.66149878269148 1.3241754770278933
decision_type=2 2 2 2 2 2 2 2 2 2 2 2 2 2
left_child=2 -2 -1 -4 6 8 -5 -8 9 -6 12 13 -10 -12
right_child=1 -3 3 4 5 -7 7 -9 10 -11 11 -13 -14 -15
leaf_value=0.0014927904229951184 -0.029160524124911658 0.029138139354928011 0.023448708095766217 0.010075630786817107 -0.062026648654938822 0.032718898227255586 -0.054900893570695809 0.011820612241140081 0.024196998454326334 -0.0097674847233889684 0.023276624756739923 0.0128318964601873 -0.016382094872521753 -0.044558014039822798
leaf_weight=381.61883029778255 2.0510155786760143 9.9054312398657185 9.8774584978818876 3.8470571339130393 5.4691805839538565 8.7159534487873298 9.6269267722964269 2.3308863420970729 26.630834781797603 64.48347447568085 1.9728840035386408 9.6486582129728031 11.066340027377008 12.440081128384916
leaf_count=2932 20 60 39 18 26 34 142 19 187 423 14 53 78 86
internal_value=-0.000152094 0.0176588 -0.000572362 -0.00529736 -0.00725235 -0.00456125 -0.0294687 -0.0419866 -0.0072562 -0.0146699 0.00124109 -0.0156822 0.0121691 -0.0343649
internal_weight=559.685 11.9564 547.729 166.11 156.232 140.427 15.8049 11.9578 131.711 69.9527 61.7588 24.0616 37.6972 14.413
internal_count=4131 80 4051 1119 1080 901 179 161 867 449 418 153 265 100
is_linear=0
shrinkage=0.05


Tree=250
num_leaves=15
num_cat=0
split_feature=17 13 32 42 13 13 49 14 25 38 32 17 26 53
split_gain=1.68307 2.39834 2.88053 2.52163 2.15196 2.60058 4.09442 4.40029 5.43035 4.81553 3.69842 3.53523 3.28124 3.23227
threshold=0.68683574879227061 0.28704237306571567 0.3197222222222223 2.1236683130264287 7.7516245238409329 1.0545654876398116 10.656060848141625 0.15802976581556558 1.3514860272407534 8.6642874760457893 0.26172161172161179 0.4010869565217392 3.7256293296813969 0.93933823529411775
decision_type=2 2 2 2 2 2 2 2 2 2 2 2 2 2
left_child=4 -2 3 -3 5 -1 7 9 -9 10 -7 -10 -13 -12
right_child=1 2 -4 -5 -6 6 -8 8 11 -11 13 12 -14 -15
leaf_value=0.0011640202557787408 0.018975330263164523 0.021866905516093247 -0.048182563569198346 -0.04028103214393558 0.029220958208197957 -0.015087575312710986 0.04375233477558732 -0.046196417510888876 -0.02990312332253537 -0.044002299392813284 0.040267812580017881 -0.014904538506648921 0.036981463159469548 -0.02064204459372472
leaf_weight=482.77200625726255 2.9496260136365882 3.7933313050307316 5.8659248759504408 1.475248063332401 5.3600387678015968 6.3902033687336433 2.3860706235282114 14.584435459692029 7.3558781463652876 3.3244033670052877 10.33711928501725 5.006714881397782 5.4246957772411406 2.0373102533631018
leaf_count=3366 12 49 69 17 35 94 11 248 64 30 54 40 30 12
internal_value=-0.000148825 -0.0166243 -0.0268415 0.000815141 0.000306626 -3.40997e-05 -0.0100534 -0.0131571 -0.024624 0.00398634 0.0142843 -0.00541853 0.0129527 0.0294461
internal_weight=559.063 14.0841 11.1345 5.26858 544.979 539.619 56.8468 54.4608 32.3717 22.089 18.7646 17.7873 10.4314 12.3744
internal_count=4131 147 135 66 3984 3949 583 572 382 190 160 134 70 66
is_linear=0
shrinkage=0.05


Tree=251
num_leaves=15
num_cat=0
split_feature=32 29 23 1 12 24 36 22 13 36 27 43 32 21
split_gain=1.65889 3.0988 4.7935 4.45395 4.25751 4.19208 3.97059 4.27432 4.19824 3.89673 3.65629 3.40991 6.15941 3.4632
threshold=0.74106002554278427 116.50000000000001 0.60376912303041474 0.15789616107940677 2.315940380096436 3.2302703643861812 12.620377644089702 0.13310173606966877 0.43978150970465152 11.03399093839711 0.19972601780571672 11.530870274151754 0.90070422535211281 0.44353369763205835
decision_type=2 2 2 2 2 2 2 2 2 2 2 2 2 2
left_child=-1 3 -3 4 5 10 8 -8 -5 -10 -2 12 13 -4
right_child=1 2 11 6 -6 -7 7 -9 9 -11 -12 -13 -14 -15
leaf_value=0.0010880851981441297 -0.068067671937357396 -0.049383135652207172 -0.067051145044950175 0.031563435476280995 0.034648411171589143 0.03068062846346006 0.0068304529993190397 -0.05940829719051699 -0.045132722396894032 0.028874667098128921 -0.0041117706824715747 0.014837771011189927 0.0081294798162425512 0.0047397705550013703
leaf_weight=463.34897333773552 1.5895565412938655 7.9988558599725357 5.83229403570295 5.6405605450272578 11.88489653682336 6.7737569678574792 3.3153566587716323 6.5503408871591091 4.5958738513290882 1.7982442211359737 17.491698984056711 10.312153143808244 8.9333678130060417 2.0608615865930915
leaf_count=3596 8 61 34 29 64 37 22 36 32 10 92 60 40 10
internal_value=-0.000147974 -0.00613908 -0.0176934 0.000847777 0.011168 -0.000513683 -0.0166476 -0.0385688 0.00290304 -0.0232291 -0.0125639 -0.00693014 -0.0203546 -0.0498817
internal_weight=558.127 94.7778 35.1375 59.6403 37.7399 25.855 21.9004 9.8657 12.0347 6.39412 19.0813 27.1387 16.8265 7.89316
internal_count=4131 535 205 330 201 137 129 58 71 42 100 144 84 44
is_linear=0
shrinkage=0.05


Tree=252
num_leaves=15
num_cat=0
split_feature=7 50 43 22 22 21 1 50 53 6 50 17 27 31
split_gain=1.66723 4.17435 4.17374 4.3737 3.90782 3.60505 7.42663 6.41434 5.6892 5.69879 5.00932 4.83993 4.69693 4.10722
threshold=0.73452958464622509 31.484269891316416 23.249257019608514 0.20003983377720638 0.43270393213932806 0.2561121049493143 0.15162779390811923 2.3123296094037125 0.50806451612903236 0.7267005741596223 3.6957177675602337 0.18579789775441952 0.50820565131936035 0.24712491738268344
decision_type=2 2 2 2 2 2 2 2 2 2 2 2 2 2
left_child=-1 2 5 -4 -5 7 13 11 -8 -10 -9 -2 -12 -7
right_child=1 -3 3 4 -6 6 8 10 9 -11 12 -13 -14 -15
leaf_value=0.0018041910339817923 -0.020553960823068429 0.032375862928461355 -0.033000736080728045 0.052259833256580304 0.0066531931427486479 0.016680916024111543 0.0017871720763155607 -0.049778991633493107 -0.059274314799932518 -0.01794833678973547 0.014800885563559678 0.018967359830086173 -0.048923629384979433 -0.013146695951629626
leaf_weight=368.61572732485365 8.8695393691305053 6.6087317774072281 3.3385118757141781 6.3072166237980154 14.148808781057594 19.346434244536795 11.534314512275158 8.2397217240650225 16.341795086860657 18.521138755138963 10.289578307420014 36.716371502028778 2.8883758441079399 25.668846238870174
leaf_count=2595 81 61 24 32 100 118 96 92 198 172 102 225 44 191
internal_value=-0.000152174 -0.0039608 -0.00544824 0.013692 0.0224954 -0.00839102 -0.0147935 0.00043292 -0.028607 -0.0384323 -0.0215491 0.0110016 -0.00163195 -0.000243616
internal_weight=557.435 188.819 182.211 23.7945 20.456 158.416 91.4125 67.0036 46.3972 34.8629 21.4177 45.5859 13.178 45.0153
internal_count=4131 1536 1475 156 132 1319 775 544 466 370 238 306 146 309
is_linear=0
shrinkage=0.05


Tree=253
num_leaves=15
num_cat=0
split_feature=7 8 24 39 14 4 14 49 50 24 3 13 49 52
split_gain=1.6348 4.83243 3.45785 4.38381 3.18008 2.43836 2.26707 4.27567 4.31967 3.74506 3.83324 3.2661 3.58995 4.8748
threshold=0.80452463030815136 0.35514557361602789 2.6292444478198642 1.0600776934332392 0.7596188112658141 0.7093295454978944 0.74007447186334796 2.1394866011042235 10.595309563707216 2.5750776901798491 1.0000000180025095e-35 0.72176935638591766 2.9786640716488595 6.5000000000000009
decision_type=2 2 2 2 2 2 2 2 2 2 2 2 2 2
left_child=6 -2 5 -4 -5 -3 -1 8 -8 -10 -11 12 -9 -14
right_child=1 2 3 4 -6 -7 7 11 9 10 -12 -13 13 -15
leaf_value=0.0017523217574536836 -0.036459720395239217 -0.014603778403630247 0.016018020292122501 -0.061858309516300586 0.014016168405706991 0.035897173431475707 -0.050582490122271784 0.024597897115529184 -0.028968575497754535 -0.045466502979877421 0.014841361276026073 0.023304935560188589 0.02408030893472414 -0.051665867479987242
leaf_weight=460.56511367141502 10.888360522920264 2.6611273589078355 5.1695616331417096 4.1791880400851369 1.4478177763521669 7.7076414676848799 7.4069081470370284 3.834861263632777 12.988101901719348 2.14795860112645 15.460245862603186 13.67836441285908 2.400843443349002 5.7078134845942259
leaf_count=3361 109 36 42 41 11 65 72 15 112 26 86 104 15 36
internal_value=-0.000153833 -0.010939 0.00324249 -0.0158726 -0.0431668 0.0227917 0.000525244 -0.00824692 -0.0186983 -0.00962295 0.00543662 0.00737491 -0.01126 -0.0290572
internal_weight=556.244 32.0537 21.1653 10.7966 5.62701 10.3688 524.19 63.6251 38.0032 30.5963 17.6082 25.6219 11.9435 8.10866
internal_count=4131 304 195 94 52 101 3827 466 296 224 112 170 66 51
is_linear=0
shrinkage=0.05


Tree=254
num_leaves=15
num_cat=0
split_feature=22 53 7 49 28 22 7 4 4 32 49 42 42 8
split_gain=1.63927 3.48993 3.71579 5.22087 2.96325 2.79475 4.89678 2.67244 2.60039 3.56068 2.5809 2.51015 2.82129 2.65309
threshold=0.066551861429267875 0.59629629629629644 0.64633271098136913 1.8335918278913914 1.1498031496062995 0.13310173606966877 0.73727816343307506 1.8634595870971682 0.83098396658897411 0.1913329161451815 0.20740171885133077 1.2890263795852663 1.0091980099678042 0.36332418024539953
decision_type=2 2 2 2 2 2 2 2 2 2 2 2 2 2
left_child=1 11 -3 4 -4 6 10 -6 -8 -10 -2 12 13 -1
right_child=5 2 3 -5 7 -7 8 -9 9 -11 -12 -13 -14 -15
leaf_value=-0.043671315077044935 -0.027696099779861341 0.026143999503060646 -0.046510812648909217 0.014109200266460863 -0.027464856219465258 -0.00032062639945337041 0.024612814151163162 0.034574875744356096 0.022998815233679124 -0.050867916913472103 0.028803728335991388 -0.048250075926357591 0.031505475305300124 0.020198078215905732
leaf_weight=4.1684159217402321 1.4161324105225528 9.0060614710673672 8.4194286897545698 11.712763652671127 2.8105776680167756 472.07254100957653 1.9679231746122221 2.1887810407206416 1.5947645488195119 4.8341263672336936 24.503934548003599 6.8828108289744696 2.2780477073974907 1.6707679477985946
leaf_count=45 21 76 77 77 32 3458 15 18 16 37 151 79 15 14
internal_value=-0.000158869 -0.00878346 0.000240621 -0.00968728 -0.0299963 0.000693682 0.0142608 0.000932556 -0.0174574 -0.031915 0.0248027 -0.0280522 -0.00751222 -0.0251152
internal_weight=555.527 49.1377 34.1376 25.1316 13.4188 506.389 34.3169 4.99936 8.39681 6.42889 25.9201 15 8.11723 5.83918
internal_count=4131 433 280 204 127 3698 240 50 68 53 172 153 74 59
is_linear=0
shrinkage=0.05


Tree=255
num_leaves=15
num_cat=0
split_feature=45 13 37 44 5 37 13 43 5 33 17 13 6 49
split_gain=1.6368 3.84861 3.18085 3.44033 4.85087 2.84192 2.78421 3.00839 2.48601 2.47461 2.22114 6.20952 6.06875 3.61689
threshold=0.20126582278481017 0.92732112861314386 2.2026774197778578 2.4532310962677006 1.5632781982421877 1.511395789161847 7.7516245238409329 5.4040949606529454 2.4580669403076176 2.1355429887771611 0.49181796464405164 0.73007218313819067 0.43361511826515203 0.81251554948635174
decision_type=2 2 2 2 2 2 2 2 2 2 2 2 2 2
left_child=1 2 5 4 -4 -1 9 -8 -6 10 -2 13 -13 -12
right_child=6 -3 3 -5 8 -7 7 -9 -10 -11 11 12 -14 -15
leaf_value=-0.018992303479415037 0.0018782006345852691 -0.04110360976489924 -0.04544219520751791 0.019263732152108061 0.020361626690137802 0.040797797008467439 -0.015509432377669644 0.050211391249356967 -0.035435829149895591 -0.039315016497971311 0.019978145753592309 0.014688991329824076 -0.048010907802526162 -0.0067829855325636139
leaf_weight=2.1497616416309056 428.04556532111019 6.9417139659635714 9.1316491209436261 5.9701059674844137 6.3820342144463194 5.5884640833828598 1.9782890700735141 4.5267257858067751 1.7542927348986266 2.9428808001102871 16.440475462004542 4.7166089878883239 13.568388852057977 44.744962087599561
leaf_count=40 2856 130 87 43 41 49 30 19 15 228 86 50 208 249
internal_value=-0.000154855 -0.0100438 -0.00201558 -0.0112808 -0.0223175 0.0239149 0.000588463 0.0308211 0.00576923 0.000143687 0.000449355 -0.00717443 -0.0319145 0.000613342
internal_weight=554.882 37.918 30.9763 23.2381 17.268 7.73823 516.964 6.50501 8.13633 510.459 507.516 79.4704 18.285 61.1854
internal_count=4131 405 275 186 143 89 3726 49 56 3677 3449 593 258 335
is_linear=0
shrinkage=0.05


Tree=256
num_leaves=15
num_cat=0
split_feature=27 36 40 43 33 26 7 14 23 53 44 53 49 32
split_gain=1.60538 4.16206 3.99625 3.99989 4.03117 3.51869 3.31763 3.75995 3.54754 3.48336 3.25365 3.19331 3.12807 2.96446
threshold=0.48535735956290088 21.452498269640646 1.4551719183126133 10.144951440866748 0.15829245746135714 1.2602610774964342 0.73727816343307506 0.28947764373567386 0.69718898170964527 0.79655172413793118 0.10398032516241075 0.96076923076923093 5.8964888888574825 0.27223320158102771
decision_type=2 2 2 2 2 2 2 2 2 2 2 2 2 2
left_child=-1 2 3 4 -2 -6 -4 8 11 -10 -7 13 -5 -8
right_child=1 -3 6 12 5 10 7 -9 9 -11 -12 -13 -14 -15
leaf_value=-0.0020314810229211922 0.026829625450607537 -0.032001637070593329 0.017390781863203589 0.011045535483141342 0.00097932253936416306 0.029841578467153424 -0.007574494885002581 -0.021960596501699559 -0.03808396802874614 0.020171493746220286 -0.04302535535139948 -0.020515372227288112 -0.035195035219556602 0.048590142224700185
leaf_weight=372.6608767285361 3.580405990593138 6.8359991079196325 71.316429294529371 34.828542570117861 8.8785413543228078 0.98918321635574358 2.7495989864692119 12.796101187122984 4.898783023003487 3.6972588412463665 16.031451952178031 2.4252694183960548 3.0968047231435767 9.0167214749380928
leaf_count=2675 24 55 464 262 160 7 42 111 38 26 163 19 22 63
internal_value=-0.00015562 0.00369355 0.00526802 -0.00422924 -0.017745 -0.0246755 0.0112401 -0.00122533 0.010852 -0.0135367 -0.0373696 0.0255432 0.00646258 0.0359001
internal_weight=553.802 181.141 174.305 67.4049 29.4796 25.8992 106.9 35.5837 22.7876 8.59604 17.0206 14.1916 37.9253 11.7663
internal_count=4131 1456 1401 638 354 330 763 299 188 64 170 124 284 105
is_linear=0
shrinkage=0.05


Tree=257
num_leaves=15
num_cat=0
split_feature=13 13 8 32 31 14 27 22 12 13 34 27 9 9
split_gain=1.56349 7.52622 5.28807 5.1328 4.60488 5.4567 5.36074 6.58055 5.50906 5.24011 4.67307 6.04941 4.60423 7.77721
threshold=0.20406178035963365 0.44643722098894673 0.41461262106895452 0.21118935837245698 0.30816714150047492 0.2178826049910659 0.3778809889635843 0.20003983377720638 2.2706034183502202 0.72720301227134476 1.9715716704009978 0.26343643195078176 0.053342816500711245 0.59175084175084181
decision_type=2 2 2 2 2 2 2 2 2 2 2 2 2 2
left_child=2 3 -1 -2 5 6 7 -3 10 -6 -9 -12 -11 -14
right_child=1 4 -4 -5 9 -7 -8 8 -10 12 11 -13 13 -15
leaf_value=-0.002401871373479832 -0.037736157163335976 -0.038360743517878722 -0.045798813832556393 0.020255738724404532 -0.021401600654876524 -0.0029584636674555801 0.025833358967506215 0.029078908714475639 0.022993440013016644 0.015974002070968166 -0.073238472714607289 0.013517892501884468 -0.051219430340261413 0.010553279627643675
leaf_weight=132.717786541034 3.1579493582248679 7.8530609488952896 6.4217095514759412 61.664981461130083 51.918224206427112 173.87262224266306 38.765883882064372 2.6423981124535185 23.202470875810832 24.613287979154848 4.1119896583259106 2.8674062546342611 7.8460626192390945 11.376462922897188
leaf_count=1143 19 68 58 319 394 1257 254 16 140 223 26 16 123 75
internal_value=-0.000151439 0.00139115 -0.00471729 0.0169002 -0.00152896 0.00200783 0.0127789 1.65531e-05 0.0100608 -0.0108095 -0.0203542 -0.0403684 0.00193302 -0.0159465
internal_weight=553.032 413.893 139.139 64.8229 349.07 253.316 79.4432 40.6773 32.8243 95.754 9.62179 6.9794 43.8358 19.2225
internal_count=4131 2930 1201 338 2592 1777 520 266 198 815 58 42 421 198
is_linear=0
shrinkage=0.05


Tree=258
num_leaves=15
num_cat=0
split_feature=43 3 43 29 33 35 2 23 50 28 27 33 8 33
split_gain=1.53767 3.55719 3.52091 6.52654 4.61759 5.01719 3.73559 6.00981 5.04273 5.5171 5.93989 4.99456 4.94264 4.92748
threshold=1.7167693838938727 0.072077922077922088 4.2174360451679096 110.50000000000001 0.6615203619003297 3.0314692758788735 0.19132671505212787 0.52907936275005352 8.2451484341655803 1.0284366576819408 0.40219222075907363 0.42610731720924383 0.31416489183902746 0.41808235645294195
decision_type=2 2 2 2 2 2 2 2 2 2 2 2 2 2
left_child=1 -1 3 -2 6 -6 7 -4 -8 10 -10 -9 -11 -14
right_child=2 -3 4 -5 5 -7 8 11 9 12 -12 -13 13 -15
leaf_value=-0.030408679311481265 0.012916217268383469 0.020566854176180639 0.005832396402545236 -0.029006344875582464 0.025608189507410409 -0.020341158643116124 -0.0023981741494210232 -0.061844661669583856 -0.036690421543670269 0.032274652746287533 0.017515706000459895 -0.0016781508771698283 0.01511178454340234 -0.030204718225219099
leaf_weight=3.1964709986932602 13.380053996341301 19.336892650229856 13.051590133691208 26.197270930279046 30.524300523567945 6.5284367499407372 345.69368017080706 8.6047475449740869 9.9320568302646297 31.163500608643517 8.5610362994484586 5.471183266490697 23.076997378841046 7.0019739281851789
leaf_count=77 131 127 80 430 288 120 2304 50 73 171 57 32 130 61
internal_value=-0.000155803 0.0123508 -0.000710641 -0.0148644 0.000461437 0.0171904 -0.000943119 -0.0185906 0.000223131 0.0114767 -0.0119854 -0.040121 0.0186402 0.00393028
internal_weight=551.72 22.5334 529.187 39.5773 489.61 37.0527 452.557 27.1275 425.429 79.7356 18.4931 14.0759 61.2425 30.079
internal_count=4131 204 3927 561 3366 408 2958 162 2796 492 130 82 362 191
is_linear=0
shrinkage=0.05


Tree=259
num_leaves=15
num_cat=0
split_feature=2 35 20 36 2 40 52 29 2 29 29 4 4 35
split_gain=1.55719 2.28781 2.67361 2.62422 2.14156 3.79616 3.67199 5.93725 5.41461 4.34145 4.12543 3.6563 6.01151 5.76367
threshold=0.38903319835662847 1.7383259642192392 0.68616142794275825 8.4151395146099421 0.31287430226802831 5.8401828493943286 3.5000000000000004 145.00000000000003 0.3643969744443894 100.50000000000001 96.000000000000014 2.2569864988327031 1.6550552248954775 3.5319197000159979
decision_type=2 2 2 2 2 2 2 2 2 2 2 2 2 2
left_child=4 -2 3 -3 5 11 9 8 10 -6 -8 12 13 -1
right_child=1 2 -4 -5 6 -7 7 -9 -10 -11 -12 -13 -14 -15
leaf_value=-0.0030005863283209498 0.014738007931221729 0.0044788695759657568 0.013710208898646464 -0.0524957060869852 -0.025120463078616546 0.0093355175442039577 0.040693149285379773 -0.029566098465407076 0.032918684367870203 0.02197079213845464 -0.0053849686546601936 -0.012586372557507153 0.013379663038185269 -0.045189214332164641
leaf_weight=186.09700598369818 4.0820778049528625 2.552004131022839 2.7841830865945658 6.5948852336732671 4.6769741997122756 66.444587640697137 4.3299506697803727 13.548851301660759 13.369944898877291 42.377340680453926 53.914608425693586 84.605708276852965 57.887250570114702 7.4761085335630915
leaf_count=1404 36 40 25 59 32 389 29 103 79 294 423 704 408 106
internal_value=-0.000155669 -0.0150477 -0.0255901 -0.0377249 0.000317548 -0.00149779 0.00581374 -0.000417046 0.00542893 0.0168648 -0.00133043 -0.00366101 -0.000620049 -0.00485385
internal_weight=550.741 16.0132 11.9311 9.14689 534.728 402.511 132.218 85.1634 71.6145 47.0543 58.2446 336.066 251.46 193.573
internal_count=4131 160 124 99 3971 3011 960 634 531 326 452 2622 1918 1510
is_linear=0
shrinkage=0.05


Tree=260
num_leaves=15
num_cat=0
split_feature=55 42 51 53 53 20 29 42 55 4 32 51 32 5
split_gain=1.54591 3.40836 4.70034 4.18321 4.87457 3.07103 3.06642 2.65759 5.1016 6.26295 5.91728 5.80111 4.87844 4.65171
threshold=0.091862510889768614 0.87320458889007579 0.57924641148325373 0.8729838709677421 0.94868421052631591 0.028043059848684861 106.50000000000001 0.72227859497070324 0.38451126217842108 2.3870351314544682 0.42546296296296299 0.43785112359550565 0.84108946608946622 2.2611368894577031
decision_type=2 2 2 2 2 2 2 2 2 2 2 2 2 2
left_child=1 5 3 -3 -5 6 -1 8 9 12 11 -10 -2 -12
right_child=7 2 -4 4 -6 -7 -8 -9 10 -11 13 -13 -14 -15
leaf_value=-0.036618667230613577 0.020713104829125955 0.0062259377075177006 0.031271208419029591 -0.076691669890114944 -0.0018403485133550905 0.039709457758195427 0.016440379249914788 0.00091347384818121931 0.018138661023589738 -0.034831036827812668 -0.047021396849629346 -0.024105231243263261 -0.017741465404124097 0.0062494298193385214
leaf_weight=2.5715595204383161 32.119278069585562 7.9176949663087743 5.2874339297413817 3.8725213408470154 4.0200366228818893 10.794551838189362 10.566000824794171 400.13340202288236 14.937299276702108 7.8765656566247335 19.211966909002516 15.611160865286363 10.132471989840267 4.868178446777164
leaf_count=19 149 50 30 22 23 49 70 3015 155 48 206 202 49 44
internal_value=-0.000149532 0.00862344 -0.00591844 -0.0194762 -0.0430608 0.0211662 0.00419901 -0.000947469 -0.00799702 0.00350719 -0.0184268 -0.003529 0.0112943 -0.0364321
internal_weight=549.92 45.0298 21.0977 15.8103 7.89256 23.9321 13.1376 504.89 104.757 50.1283 54.6286 30.5485 42.2518 24.0801
internal_count=4131 263 125 95 45 138 89 3868 853 246 607 357 198 250
is_linear=0
shrinkage=0.05


Tree=261
num_leaves=15
num_cat=0
split_feature=38 34 38 33 8 31 7 12 33 7 34 32 51 30
split_gain=1.53501 1.77841 4.28715 4.04951 3.13155 2.61531 2.01803 2.29762 5.69533 4.66863 6.88833 6.72654 4.87731 4.41882
threshold=0.68138136312496844 1.5498735633314851 1.7819196297600191 0.43000398576259619 0.30972161889076238 0.12337223067816676 0.8353756070137025 2.3775532245635991 0.2561939805746079 0.73294448852539074 4.7268646040323867 0.29128787878787882 0.34930196978389755 86.500000000000014
decision_type=2 2 2 2 2 2 2 2 2 2 2 2 2 2
left_child=-1 3 -3 4 -2 -5 7 8 -4 10 12 -11 -10 -9
right_child=1 2 6 5 -6 -7 -8 13 9 11 -12 -13 -14 -15
leaf_value=-0.031964721919468551 -0.0099065765764117519 -0.038860893936912666 0.0052507568484704177 0.0035257179722423372 0.037661061239911912 -0.05262251070188452 -0.02867260127855217 0.029871220624187629 0.022348731942687033 0.019616845140095592 0.0037391116688426347 -0.034830989255324706 -0.035659121934678205 0.0019083781121763323
leaf_weight=2.7657713324879287 4.1348752672784093 6.2087962767109266 107.48511124029756 6.0236055006971565 12.863524612737818 2.0751995191676542 5.0784558849409214 13.964103023754431 3.6341810659505454 6.2519442820921531 70.493687796406448 30.108549190917984 20.903431515907869 256.8527351198718
leaf_count=102 32 85 594 105 74 61 56 93 29 65 413 269 180 1973
internal_value=-0.000151597 6.76634e-05 -0.000569307 0.0128054 0.0261827 -0.0150637 -3.30129e-05 0.00030793 -0.00325925 -0.0102079 -0.00427117 -0.0251946 -0.0265291 0.00345481
internal_weight=548.844 546.078 520.981 25.0972 16.9984 8.09881 514.772 509.694 238.877 131.392 95.0313 36.3605 24.5376 270.817
internal_count=4131 4029 3757 272 106 166 3672 3616 1550 956 622 334 209 2066
is_linear=0
shrinkage=0.05


Tree=262
num_leaves=15
num_cat=0
split_feature=42 29 25 31 36 37 37 36 50 32 13 27 44 28
split_gain=1.51494 2.23656 2.09438 2.51643 1.76476 3.98011 4.11013 2.94477 3.86778 2.61738 2.59377 2.46935 4.10385 5.83729
threshold=3.1246939897537236 101.50000000000001 1.4137269258499148 0.051503094606542892 27.968397681893002 50.056918706318918 37.39499864429488 21.452498269640646 1.1455457855142792 0.32846481876332628 0.55078372861042901 0.32078640399195185 1.1350556015968325 1.113992697594502
decision_type=2 2 2 2 2 2 2 2 2 2 2 2 2 2
left_child=4 -2 3 -3 5 6 7 11 -9 -6 -8 -1 13 -13
right_child=1 2 -4 -5 9 -7 10 8 -10 -11 -12 12 -14 -15
leaf_value=-0.0039394042196579234 -0.048604044949715514 0.01072364255426787 0.0069170641988028792 -0.045561896978745908 -0.01817557963237857 -0.061655409700014811 0.047264243397416188 0.01366721648312101 -0.034829898522963094 0.038525403028569008 -0.012337613599168474 0.0061298833558174276 0.0064687999719603472 -0.023043725596806341
leaf_weight=192.87580730218906 2.6724796343478401 2.6485200738534358 12.218724570469929 4.3517325345892459 2.217880703508853 1.603327739983796 6.3072520000860077 5.3598394189029959 12.007855917792766 5.7198808221146464 1.9615976954810319 36.160672986297868 230.7888978428673 31.060293591581285
leaf_count=1452 28 30 80 44 29 11 38 29 101 30 16 412 1447 384
internal_value=-0.000154016 -0.0127459 -0.0056024 -0.0255879 0.000393168 1.31476e-05 0.000323338 -0.000277854 -0.019934 0.0224216 0.0333194 0.000456697 0.00330557 -0.00749034
internal_weight=547.955 21.8915 19.219 7.00025 526.063 518.126 516.522 508.253 17.3677 7.93776 8.26885 490.886 298.01 67.221
internal_count=4131 182 154 74 3949 3890 3879 3825 130 59 54 3695 2243 796
is_linear=0
shrinkage=0.05


Tree=263
num_leaves=15
num_cat=0
split_feature=3 7 51 32 51 49 51 50 3 38 22 40 4 21
split_gain=1.51566 5.61845 4.26364 4.78758 5.32984 4.19321 4.15874 6.2749 4.85248 3.75911 3.74744 4.3745 5.08388 4.65937
threshold=0.22767145135566189 0.66358494758605968 0.40405073649754503 0.41287094547964115 0.29679679679679688 1.5179991185506545 0.45923792645104128 1.2001645753386774 0.18834459459459463 3.2595398588130124 0.16653771466878034 0.68168263980827493 4.3273587226867685 0.42607771706132364
decision_type=2 2 2 2 2 2 2 2 2 2 2 2 2 2
left_child=1 10 3 -2 -5 -3 7 9 -8 -7 -1 -12 13 -13
right_child=2 5 -4 4 -6 6 8 -9 -10 -11 11 12 -14 -15
leaf_value=0.021997550797927534 0.018767812480548967 -0.016681847851798354 0.0044594378253804169 0.017480212601108509 -0.036554080554286071 0.028605900765343945 -0.0032862346915554781 0.029118435920848368 -0.050886387345203468 -0.036871831429251455 -0.039104738034983634 0.016891476600065271 -0.029309704327418574 -0.015991070328501684
leaf_weight=26.530623395228758 7.4621784890769041 80.947986355633475 258.65811546542682 5.2095233909785774 19.555866459384561 2.2211403418332356 40.891747994348407 20.26663054630626 5.1912582488730541 6.7010026816278696 5.4251228069188064 45.939083650475368 8.8661390652414394 13.118920743698252
leaf_count=232 55 919 1491 33 131 12 423 134 34 44 93 350 85 95
internal_value=-0.000157219 -0.00295622 0.00230874 -0.0145674 -0.0249504 -0.00885586 -0.000331346 0.0141591 -0.00961529 -0.0193312 0.00626759 0.000358678 0.00403226 0.00944243
internal_weight=546.985 256.1 290.886 32.2276 24.7654 156.22 75.2718 29.1888 46.083 8.92214 99.8799 73.3493 67.9241 59.058
internal_count=4131 2421 1710 219 164 1566 647 190 457 56 855 623 530 445
is_linear=0
shrinkage=0.05


Tree=264
num_leaves=15
num_cat=0
split_feature=55 50 4 1 3 51 55 44 50 3 17 44 7 44
split_gain=1.51535 3.89043 5.35192 6.1864 4.2438 5.86319 3.52343 3.58954 4.41963 3.89231 4.21736 3.84214 6.0168 3.9459
threshold=2.4223345518112187 23.301036382321396 3.6105476617813115 0.11635863408446313 0.20126582278481017 0.64334637964774966 6.5497822761535653 2.0159810781478886 23.301036382321396 0.055050505050505051 0.43405797101449278 1.4719817638397219 0.64633271098136913 0.4556975811719895
decision_type=2 2 2 2 2 2 2 2 2 2 2 2 2 2
left_child=1 2 -1 -4 -5 -6 7 8 9 10 -2 12 13 -11
right_child=6 -3 3 4 5 -7 -8 -9 -10 11 -12 -13 -14 -15
leaf_value=0.0013846774228791 -0.039348087393472758 0.018470220392209316 0.03927115835517269 -0.0049707111940985767 -0.059323006460154697 0.025529423520091604 0.0060334891249402764 -0.033195570304912818 -0.040228881675992902 -0.034944120497289476 0.01367843505761984 0.037472057346524368 -0.029393306338613479 0.037719677291912168
leaf_weight=386.38300849171355 8.8747685048729164 29.107239606790245 2.8654914512299028 10.598978202790024 11.867526700254528 1.8348820693790902 39.616608305368572 15.21148071810603 6.8595120739191762 1.4999909515027017 5.3901348843937731 8.5229772441089136 8.9723879338707757 8.3332185260951501
leaf_count=2527 240 199 20 97 78 11 431 125 86 32 108 38 104 35
internal_value=-0.000157856 0.00111723 -0.000145748 -0.0211887 -0.0295882 -0.0469969 -0.00558112 -0.0127901 -0.00584222 0.000640095 -0.019728 0.0115929 -0.00143573 0.0244328
internal_weight=545.938 442.657 413.55 27.1669 24.3014 13.7024 103.281 63.6645 48.453 41.5935 14.2649 27.3286 18.8056 9.83321
internal_count=4131 2932 2733 206 186 89 1199 768 643 557 348 209 171 67
is_linear=0
shrinkage=0.05


Tree=265
num_leaves=15
num_cat=0
split_feature=5 35 35 51 49 31 45 8 44 42 50 5 25 29
split_gain=1.48162 5.39872 5.08278 4.88051 6.05842 4.51691 5.49548 4.19163 3.99664 3.90481 4.4151 3.47435 5.55135 5.23093
threshold=0.89248007535934459 2.0714355388849777 3.1782094042056261 0.51149577167019034 0.92985169770379217 0.46720430107526884 0.67607313195548502 0.30504150688648229 0.24562826007604602 1.9183536171913149 0.23663242458646913 1.1497550606727602 1.8898441791534426 105.00000000000001
decision_type=2 2 2 2 2 2 2 2 2 2 2 2 2 2
left_child=1 5 8 -4 -5 6 7 -1 -3 10 -8 12 -2 -14
right_child=11 2 3 4 -6 -7 9 -9 -10 -11 -12 -13 13 -15
leaf_value=-0.065167136347866181 0.023037460956927158 -0.039603327892124028 -0.043407529283597285 0.039720346323230071 -0.027380027115883221 0.017796368036572377 0.05776921213408856 -0.021985299596398333 0.01894426105168345 0.026653594170816981 -0.02324267831384887 -0.00079748923497131884 -0.038785044248193123 0.0071453052468198391
leaf_weight=7.0722083316650233 40.970914372242987 2.2098508269991717 7.7575002841185805 5.5692299278452975 5.9226881342474371 8.3241863267030549 0.92623203992843883 25.504136784235016 40.566512521589175 7.3763524482492349 14.653812606818972 347.67634078767151 7.3773771114647415 23.002294855425134
leaf_count=71 261 83 103 52 71 59 17 215 268 90 184 2470 41 146
internal_value=-0.000155904 -0.00489061 0.00557825 -0.0152475 0.00571479 -0.0149885 -0.0201307 -0.0330216 0.0150841 -0.00122304 -0.0152327 0.00127474 0.0112437 -0.00488894
internal_weight=544.91 125.883 62.0258 19.2494 11.4919 63.8569 55.5327 32.5763 42.7764 22.9564 15.58 419.027 71.3506 30.3797
internal_count=4131 1213 577 226 123 636 577 286 351 291 201 2918 448 187
is_linear=0
shrinkage=0.05


Tree=266
num_leaves=15
num_cat=0
split_feature=20 23 2 24 32 2 25 16 32 29 23 2 31 23
split_gain=1.49239 2.82619 1.83929 4.21271 3.02991 2.81158 4.8529 2.24226 4.11438 3.49924 4.58902 3.92522 2.96631 2.95724
threshold=8.0052582509154799 0.35173332460645063 0.3807275146245957 3.6648652674250806 0.27326839826839833 0.3643969744443894 2.0513644218444829 1.0000000180025095e-35 0.78065486134313411 122.00000000000001 0.50597166113562342 0.25338412821292883 0.2965856481481482 0.27808728154186962
decision_type=2 2 2 2 2 2 2 2 2 2 2 2 2 2
left_child=2 -2 5 4 -4 7 -7 -1 9 -9 13 -12 -13 -11
right_child=1 -3 3 -5 -6 6 -8 8 -10 10 11 12 -14 -15
leaf_value=-0.0020010859420000037 -0.024525417935127126 0.029235361257287953 -0.028352146752735171 -0.047433217423886322 0.017983312268870417 0.032709516309701307 -0.030647424506208554 0.022479353391130372 -0.018737539463995746 0.0080753183717476949 -0.026558882741659608 0.040755353733857837 -0.01458371515191618 -0.05824237922921114
leaf_weight=429.50735533353873 2.3908741765189907 9.0693421331234259 4.586370600329249 5.791206724010407 8.5788523266091925 13.202117823064329 2.9912922466173759 35.844240175327286 11.300124932080506 2.2326442450284985 3.8936776230111709 8.2224448397755605 2.7010119687765828 3.8708844967186451
leaf_count=3347 23 57 77 57 52 83 25 215 64 14 21 49 18 29
internal_value=-0.000154453 0.0169514 -0.000553515 -0.0154464 0.000979433 2.49271e-05 0.0199042 -0.000660666 0.00770422 0.0132012 -0.00299573 0.0121336 0.0269963 -0.0362619
internal_weight=544.182 11.4602 532.722 18.9564 13.1652 513.766 16.1934 497.572 68.065 56.7649 20.9207 14.8171 10.9235 6.10353
internal_count=4131 80 4051 186 129 3865 108 3757 410 346 131 88 67 43
is_linear=0
shrinkage=0.05


Tree=267
num_leaves=15
num_cat=0
split_feature=22 53 4 55 7 6 49 34 22 7 43 52 45 8
split_gain=1.47694 3.12656 3.38054 4.34945 4.87238 3.03271 2.70683 2.63782 2.53776 4.20228 2.60845 4.67865 3.9723 4.38709
threshold=0.066551861429267875 0.59629629629629644 1.6341317296028139 0.36066585779190069 0.65800267457962047 0.60007226467132579 0.39882192451937898 10.834059024790252 0.099993668669626473 0.73727816343307506 16.525939024913594 1.5000000000000002 0.18065268065268067 0.30356796085834509
decision_type=2 2 2 2 2 2 2 2 2 2 2 2 2 2
left_child=1 -1 3 5 -5 -3 -4 -8 9 -2 -10 -12 -13 -14
right_child=8 2 6 4 -6 -7 7 -9 10 -11 11 12 13 -15
leaf_value=-0.027001675792886329 0.025539543607106731 -0.020909110882623563 -0.026910804625971549 0.012929463303510431 -0.05478002367121302 0.041664849920752645 0.032670534297061897 -0.02107097154180786 -0.0029357526688078223 -0.017694013694996635 0.032899304973991537 -0.031660288135187835 -0.016903870820715691 0.0078409721052939037
leaf_weight=14.505028437240979 21.425721240695569 2.5223513916134861 2.2836306646931943 3.4615725073963386 7.1384772046003491 3.6186116635799408 12.111663269577546 2.0446321200579396 306.6532057976583 6.7085163078736505 12.669885212089865 7.152001767884939 20.028080565854907 121.21915157767944
leaf_count=153 139 14 24 36 82 18 93 13 2489 57 71 62 125 755
internal_value=-0.000155214 -0.00846591 0.000189896 -0.0151827 -0.0334602 0.0166342 0.015817 0.0240304 0.000659447 0.0149772 -0.000231902 0.0049022 0.00230768 0.00423812
internal_weight=543.543 47.686 33.1809 16.741 10.6 6.14096 16.4399 14.1563 495.857 28.1342 467.722 161.069 148.399 141.247
internal_count=4131 433 280 150 118 32 130 106 3698 196 3502 1013 942 880
is_linear=0
shrinkage=0.05


Tree=268
num_leaves=15
num_cat=0
split_feature=23 55 28 34 34 40 2 51 21 21 23 49 38 27
split_gain=1.45665 4.98896 3.62963 3.38694 3.035 3.96002 3.01412 2.92961 2.89783 2.63696 2.49777 2.70534 2.38048 2.97717
threshold=0.13457113238280707 1.4841767549514773 1.0948987246811706 1.5498735633314851 1.9715716704009978 2.3779726223817446 0.30693785846233373 0.47646733111849399 0.96428571428571441 0.30839160839160845 0.16037562069423658 2.8771893416001215 2.4921325233700613 0.55274922160196327
decision_type=2 2 2 2 2 2 2 2 2 2 2 2 2 2
left_child=1 2 9 -2 5 7 -4 -5 -3 -1 11 -6 13 -12
right_child=3 8 6 4 10 -7 -8 -9 -10 -11 12 -13 -14 -15
leaf_value=0.047515428102595202 0.024821338280650838 -0.050543176133852896 -0.050598700226626062 0.032966054872808521 0.048257325539469847 -0.053590740833024487 0.016015304095416443 -0.026593385257271004 0.026073619759020474 -0.019350522756748173 -0.023838596088162453 -0.020721712921866298 0.00064885325913848694 0.023803835438381552
leaf_weight=4.7696005865000206 12.775851598940788 7.3063046730239858 2.6092921572271734 3.0179962043184769 4.1769562636036417 5.0715644246665761 2.5143189560621977 3.254397587152198 0.8158695027232169 1.3616984486579893 18.122196301817898 1.3111595623195169 472.3701986852102 3.1178953454364082
leaf_count=32 101 273 31 33 39 38 14 37 3 21 164 13 3297 35
internal_value=-0.00015314 -0.0132687 0.00833155 0.000356974 -0.000302679 -0.0247944 -0.020632 0.00265644 -0.0408325 0.0320341 0.000302457 0.0311238 -0.000102458 -0.0160892
internal_weight=542.595 19.3771 11.2549 523.218 510.442 11.344 5.12361 6.27239 8.12217 6.1313 499.098 5.48812 493.61 21.2401
internal_count=4131 374 98 3757 3656 108 45 70 276 53 3548 52 3496 199
is_linear=0
shrinkage=0.05


Tree=269
num_leaves=15
num_cat=0
split_feature=31 55 30 55 32 32 3 53 50 33 39 1 38 51
split_gain=1.42749 4.17323 5.18785 4.26997 3.64369 3.46965 5.5269 4.72013 8.96863 5.46646 4.70024 3.85993 3.79698 4.492
threshold=0.19586530264279628 0.13884103298187259 133.50000000000003 13.224465370178224 0.17425810904071776 0.49698795180722893 0.22996794871794876 0.90692640692640702 1.839138422367774 0.057578396052122123 0.95252683834409491 0.081425745040178313 7.9344764696963823 0.41612554112554118
decision_type=2 2 2 2 2 2 2 2 2 2 2 2 2 2
left_child=-1 2 -2 4 -3 6 -6 9 11 -7 -10 -9 13 -11
right_child=1 3 -4 -5 5 7 -8 8 10 12 -12 -13 -14 -15
leaf_value=0.0027062934129960439 0.016846710151092709 -0.028164404048399896 -0.030725471859839839 0.040008892614817201 -0.0063304519060358782 -0.060578079102007756 0.017356848727545421 -0.050267585416427091 0.023546673843521642 -0.033222896661832153 -0.053142867827601352 0.014434398722137091 -0.030746744729676586 0.0031694704060934082
leaf_weight=241.67620321776485 43.025704318657517 16.230911877588369 5.6555330678820601 4.1687992103397837 65.188986821565777 5.928640477359294 38.24457123503089 1.4654022902250279 1.9067783039063204 10.003392036538569 8.5275976378470641 43.010713032446802 20.612963055260479 36.349805551581085
leaf_count=1944 215 325 28 24 616 32 203 7 9 59 63 246 136 224
internal_value=-0.000148023 -0.00244633 0.0108128 -0.00504405 -0.00596097 -0.00428792 0.00251026 -0.00976651 0.00131388 -0.018018 -0.038295 0.0112441 -0.0134142 -0.00522004
internal_weight=541.996 300.32 48.6812 251.639 247.47 231.239 103.434 127.805 54.9105 72.8948 10.4344 44.4761 66.9662 46.3532
internal_count=4131 2187 243 1944 1920 1595 819 776 325 451 72 253 419 283
is_linear=0
shrinkage=0.05


Tree=270
num_leaves=15
num_cat=0
split_feature=35 7 43 8 23 53 21 26 53 26 32 33 13 12
split_gain=1.40876 3.26409 2.87802 4.64102 3.3788 3.5259 3.10249 3.80834 3.08835 3.07916 2.90355 4.3947 5.01671 4.53122
threshold=2.4494511989963739 0.79560810327529918 18.159128209618835 0.3027916699647904 1.461135321337244 0.95346320346320357 0.41223155929038285 4.1329786330289009 0.95119047619047625 2.6298676174321085 0.40405073649754503 0.214654415845871 0.18470712532657999 2.5529434680938725
decision_type=2 2 2 2 2 2 2 2 2 2 2 2 2 2
left_child=2 -2 4 8 10 -6 -5 9 -4 -8 -1 12 -12 -13
right_child=1 -3 3 6 5 -7 7 -9 -10 -11 11 13 -14 -15
leaf_value=0.0062058007496830821 -0.0017143296818847771 -0.025810647891443966 -0.034798637481534334 0.017317894614835069 -0.042738134640128406 0.017365440784590552 -0.016136690677090722 -0.036979735737452953 0.018776287242507964 0.033513980674986933 -0.01454828239726874 -0.017196535355179395 0.015478576699742353 0.0023682644067910754
leaf_weight=114.61505042179488 116.54694764234591 15.009980938513761 8.3157078791409713 69.534784219227731 8.0273925198707712 2.7135553881525984 5.0177355762571114 5.5053247259929767 3.044183673337101 5.6834909999743104 18.901833903044462 73.305953910574317 45.737271434627473 48.820213068276644
leaf_count=1170 933 155 55 440 67 14 40 32 18 29 106 506 244 322
internal_value=-0.000156742 -0.00463757 0.00129155 0.00876231 -0.00105317 -0.027368 0.0127717 -0.00660685 -0.0200843 0.0108437 -2.79271e-05 -0.00386615 0.00661022 -0.00941975
internal_weight=540.779 131.557 409.222 97.1012 312.121 10.7409 85.7413 16.2066 11.3599 10.7012 301.38 186.765 64.6391 122.126
internal_count=4131 1088 3043 614 2429 81 541 101 73 69 2348 1178 350 828
is_linear=0
shrinkage=0.05


Tree=271
num_leaves=15
num_cat=0
split_feature=45 44 21 6 21 55 4 45 35 27 2 13 30 35
split_gain=1.43864 4.97065 4.12394 3.6095 4.07089 3.63645 4.33504 4.26156 3.59462 3.58038 3.57193 3.52682 5.56878 5.24785
threshold=0.38035823637477045 1.0964261889457705 0.037087912087912095 0.58539053797721874 0.14459930313588851 0.25700588524341589 1.0312872529029848 0.14371772805507746 1.5235599534749393 0.13093994641502052 0.2973239421844483 0.20406178035963365 107.50000000000001 2.3744217529055245
decision_type=2 2 2 2 2 2 2 2 2 2 2 2 2 2
left_child=1 2 -1 4 -3 -5 7 -7 -4 -6 -8 12 -2 -13
right_child=11 3 8 5 9 6 10 -9 -10 -11 -12 13 -14 -15
leaf_value=0.011019081035367162 -0.018172461425043661 0.016559690219443202 0.0052997764106758709 0.022246042713047035 0.021438548142231464 0.01752240811339199 -0.0085640460134556191 -0.036552379123039345 -0.051389142464101201 -0.020236677820076231 0.022498303362494514 0.0090873120722759926 0.0035513353962151467 -0.0065867170020188492
leaf_weight=4.9824051357572925 49.901962676784024 11.203676612582056 3.3607139161322257 23.955802034586668 4.9828904340974978 4.3995206714607802 15.965068169403819 11.775504338322206 11.707161003607323 44.938356566941366 19.742512499680743 190.31114037381485 69.538573464262299 73.255470311501995
leaf_count=84 377 66 60 112 38 42 129 124 289 319 152 1177 676 486
internal_value=-0.000155597 -0.00417102 -0.026792 -0.000689307 -0.00964647 0.00656165 -0.000964036 -0.0216805 -0.0392024 -0.0157375 0.00875519 0.0014971 -0.00560034 0.00472246
internal_weight=540.021 157.014 20.0503 136.963 61.1249 75.8384 51.8826 16.175 15.0679 49.9212 35.7076 383.007 119.441 263.567
internal_count=4131 1415 433 982 423 559 447 166 349 357 281 2716 1053 1663
is_linear=0
shrinkage=0.05


Tree=272
num_leaves=15
num_cat=0
split_feature=3 7 2 22 55 9 39 32 27 27 22 39 38 1
split_gain=1.47628 4.78062 5.60164 6.91943 5.87578 4.34069 5.70765 4.22345 3.87172 8.65821 4.80049 3.70653 4.04763 4.01524
threshold=0.22767145135566189 0.66521948575973522 0.30870452523231512 0.29948483891501809 0.091862510889768614 0.69631093544137035 3.0796683613546683 0.89564428312159727 0.42521734801087452 0.31382799159877744 0.19983739047229246 1.2062869348960457 7.9344764696963823 0.16709408909082415
decision_type=2 2 2 2 2 2 2 2 2 2 2 2 2 2
left_child=1 -1 4 -4 -3 6 8 -8 9 10 -6 13 -13 -5
right_child=-2 2 3 11 5 -7 7 -9 -10 -11 -12 12 -14 -15
leaf_value=0.0054945848387261929 0.0022991663719195694 0.02493630267910539 -0.024433069310042885 0.020228756247747611 -0.036497988053275171 -0.04966661699537897 -0.038059308641248062 0.03873323144884875 0.010756421333325057 -0.059161795724479715 0.014267796566429259 0.030808413838717009 -0.018068426114908109 -0.032203763959618457
leaf_weight=100.41262062365422 286.98656827118248 7.2234629224985829 15.059828729135914 5.918274386203846 5.4294826763216468 9.7874339069239777 25.497948244097646 1.1331601217389096 21.374166033929214 7.5895967298420137 15.889970114105379 25.589185590157289 4.3542857745196661 6.8344304652418941
leaf_count=872 1710 34 169 38 66 83 360 4 227 84 150 217 45 72
internal_value=-0.000149491 -0.00293514 -0.00851504 0.00370492 -0.0159891 -0.0196443 -0.0152355 -0.0335082 -0.0050931 -0.0167794 0.000283138 0.0139618 0.0233467 -0.00816931
internal_weight=539.08 252.094 151.681 57.756 93.9252 86.7018 76.9143 26.6311 50.2832 28.909 21.3195 42.6962 29.9435 12.7527
internal_count=4131 2421 1549 541 1008 974 891 364 527 300 216 372 262 110
is_linear=0
shrinkage=0.05


Tree=273
num_leaves=15
num_cat=0
split_feature=55 50 4 1 20 33 14 2 45 49 26 7 33 35
split_gain=1.42481 3.47317 4.79569 5.601 3.74351 3.45139 3.43303 3.39443 3.83271 3.32029 3.49145 3.80263 4.91445 3.54932
threshold=2.4223345518112187 23.301036382321396 3.6105476617813115 0.11635863408446313 6.9729114685464557 0.63209235668182384 0.18426135363246557 0.13327449560165408 0.65345368916797497 0.14447966475845067 5.3545057773590097 0.66885679960250866 0.18470498174428943 1.6531664244605768
decision_type=2 2 2 2 2 2 2 2 2 2 2 2 2 2
left_child=1 2 7 -4 6 -3 -5 -1 -9 -2 11 12 -11 -14
right_child=9 5 3 4 -6 -7 -8 8 -10 10 -12 -13 13 -15
leaf_value=-0.045152959102065064 -0.031847167916086369 0.023551098650271399 0.038144588758953768 -0.00517993232196286 0.030367065334792678 -0.027597838397232469 -0.047015106648192487 -0.00055607167834212259 0.012447821047231624 -0.032685239410152979 -0.033032718000164572 -0.010200687816698469 -0.012376211610504621 0.024306112134767011
leaf_weight=2.8866267115809014 9.6925773886614461 25.761302543804053 2.7722707255743471 7.4970907113747733 1.7475522607564915 2.9114439028780899 14.832491149660198 310.14892710139975 68.308499981183559 4.7711214050650588 7.4309003092348567 40.371869122376665 7.6369598265737286 31.01863092975691
leaf_count=47 128 153 20 62 12 46 112 2026 454 28 95 580 87 281
internal_value=-0.000153748 0.00108591 -0.000114439 -0.020146 -0.0281111 0.0176024 -0.0337932 0.00134493 0.00181764 -0.00547791 -0.00236141 0.000715856 0.0108657 0.0169297
internal_weight=537.788 436.866 408.193 26.8494 24.0771 28.6727 22.3296 381.344 378.457 100.922 91.2295 83.7986 43.4267 38.6556
internal_count=4131 2932 2733 206 186 199 174 2527 2480 1199 1071 976 396 368
is_linear=0
shrinkage=0.05


Tree=274
num_leaves=15
num_cat=0
split_feature=17 31 35 24 31 55 25 21 20 30 25 12 44 28
split_gain=1.41901 2.22755 1.95664 1.77988 1.67136 4.05642 4.5112 4.61569 3.95611 3.88854 3.99686 3.70756 3.70712 4.27973
threshold=0.68683574879227061 0.4010869565217392 2.7819893394969566 8.9322028970089757 0.31057781919850891 0.95651826262474071 1.4865422248840334 0.24509048902579902 0.16141259319508564 94.500000000000014 0.93894433975219738 13.500604152679445 1.7378271222114565 1.1612697603263642
decision_type=2 2 2 2 2 2 2 2 2 2 2 2 2 2
left_child=3 2 -2 4 12 6 7 -6 -9 10 -7 -11 13 -1
right_child=1 -3 -4 -5 5 9 -8 8 -10 11 -12 -13 -14 -15
leaf_value=0.0018782490559053487 -0.033609033064303746 0.025752031655249231 0.013968981563198099 -0.036832366440852742 0.032495464888714604 -0.038072994265301918 -0.0063199313762275864 -0.01750838239072702 0.02997227672648365 -0.030944508737427403 0.017920003029863952 0.037178224352303828 0.0081273549466681205 -0.014652934797317191
leaf_weight=169.28788784058997 9.1526448053773475 1.8696955628693093 2.1426404570229343 2.2136801250744602 18.188918900676072 3.260919783730059 65.67217217804864 12.784476384054871 5.4408660251647225 28.042350007686768 11.726482748519627 1.3180600441992272 155.95186565071344 49.863375793036539
leaf_count=1362 109 12 26 29 98 61 365 85 29 363 94 6 926 566
internal_value=-0.000156964 -0.0157727 -0.0241817 0.000264863 0.000492509 -0.00402074 0.00149285 0.0153753 -0.00251213 -0.0164658 0.00411778 -0.0267625 0.00226041 -0.00193256
internal_weight=536.916 13.165 11.2953 523.751 521.537 146.434 102.086 36.4143 18.2253 44.3478 14.9874 29.3604 375.103 219.151
internal_count=4131 147 135 3984 3955 1101 577 212 114 524 155 369 2854 1928
is_linear=0
shrinkage=0.05


Tree=275
num_leaves=15
num_cat=0
split_feature=45 22 2 31 50 44 26 2 33 43 43 45 14 45
split_gain=1.40795 2.96568 3.62271 2.11751 3.71273 3.64295 3.44814 3.39799 3.19072 4.85607 6.29898 4.37058 4.93236 4.16037
threshold=0.90967365967365976 0.13317359440681928 0.14134980738162997 0.078023538961038974 0.59429526103243957 0.34569990634918218 4.0480322837829599 0.19132671505212787 0.35546143352985388 4.0825339163649028 2.2372785308951744 0.31686991869918707 0.010916637937986048 0.58476052249637167
decision_type=2 2 2 2 2 2 2 2 2 2 2 2 2 2
left_child=3 2 -2 4 -1 -6 -7 -5 13 10 -10 12 -11 -9
right_child=1 -3 -4 7 5 6 -8 8 9 11 -12 -13 -14 -15
leaf_value=-0.030780893901846636 0.056851841346178794 -0.03534048572303277 -0.028763131677466885 -0.020233214728058654 -0.019585948684603206 0.023442622965437129 -0.0059937042313107682 -0.00011826917249873431 0.018320267255180614 0.028900658359853965 -0.059052620975174219 0.00084625768258454618 -0.030809684066159294 0.014374955934604323
leaf_weight=4.5724731548689297 1.5944628010038271 6.6266725705936551 1.4992905595572663 20.841975742485374 7.1583875381620592 40.820818427484483 12.59154499042779 226.01605777349323 3.2157234749756736 3.2801132751628783 7.6713346105534583 116.17421484633815 21.234874493209645 62.400974470190704
leaf_count=63 15 196 46 150 211 237 78 1355 53 21 129 864 365 348
internal_value=-0.000150414 -0.0180886 0.0184702 0.000214792 0.00858154 0.0120047 0.0165206 -0.000983944 -2.83143e-05 -0.00587918 -0.0365803 -0.00326201 -0.0220008 0.00305627
internal_weight=535.699 9.72043 3.09375 525.978 65.1432 60.5708 53.4124 460.835 439.993 151.576 10.8871 140.689 24.515 288.417
internal_count=4131 257 61 3874 589 526 315 3285 3135 1432 182 1250 386 1703
is_linear=0
shrinkage=0.05


Tree=276
num_leaves=15
num_cat=0
split_feature=6 8 8 14 6 29 55 50 7 12 1 33 4 24
split_gain=1.37839 2.56526 2.6972 2.17293 2.12504 3.22878 6.9223 3.63626 2.83384 3.18028 5.04527 6.68803 6.09537 4.85327
threshold=0.87366262078285228 0.31273397803306585 0.32449214160442358 0.59538047170903763 0.74878883361816417 132.00000000000003 0.47267186641693121 1.6934819283968581 0.80901393294334423 2.2706034183502202 0.098837547004222884 0.16187972575426104 2.6279917955398564 2.2575703490975845
decision_type=2 2 2 2 2 2 2 2 2 2 2 2 2 2
left_child=4 3 -3 -2 8 -6 7 -7 9 10 -1 13 -13 -12
right_child=1 2 -4 -5 5 6 -8 -9 -10 -11 11 12 -14 -15
leaf_value=-0.039789777301693224 -0.050872234446350632 0.034098947545378032 -0.013242609676427975 0.011836588227290293 0.0088047045231257181 0.037852952616030458 -0.031560020330451591 -0.0097008188624156892 -0.029880830724827764 0.0026635063333925383 -0.016134208285512552 -0.0048315569148930882 -0.038565467648109274 0.028861149875074966
leaf_weight=9.8535312972962839 4.7596855674637508 3.2200636849738649 9.481281058280727 1.3869694690220056 123.85726748325396 7.273425096645953 15.494093961082397 7.1867905631661415 7.737805377226322 219.11668409430422 7.5191812925040749 81.426596547709778 15.123991461936383 20.825559388846159
leaf_count=99 43 25 94 14 913 36 165 38 84 1830 42 529 115 104
internal_value=-0.000152093 -0.0130821 0.000372242 -0.0370459 0.000345158 0.00524852 -0.00926523 0.0151198 -0.00174926 -0.00105165 -0.00706803 -0.00419092 -0.0104569 0.0167819
internal_weight=534.263 18.848 12.7013 6.14666 515.415 153.812 29.9543 14.4602 361.603 353.866 134.749 124.895 96.5506 28.3447
internal_count=4131 176 119 57 3955 1152 239 74 2803 2719 889 790 644 146
is_linear=0
shrinkage=0.05


Tree=277
num_leaves=15
num_cat=0
split_feature=42 29 3 7 7 26 22 45 13 21 53 51 28 55
split_gain=1.43412 1.97259 2.04012 2.28465 2.06902 1.88226 1.7698 4.49773 4.66794 4.69728 4.35126 4.26896 4.15215 4.08936
threshold=3.1246939897537236 101.50000000000001 0.19836065573770495 0.57921546697616588 0.59733939170837413 1.8818222303401682 0.56599003403607118 0.52419984387197516 0.94310039371486354 0.17752100840336138 0.59175084175084181 0.6256868131868133 1.3144603934077621 0.58107474446296703
decision_type=2 2 2 2 2 2 2 2 2 2 2 2 2 2
left_child=6 -2 4 -4 -3 -5 7 8 12 -10 11 -9 -1 -12
right_child=1 2 3 5 -6 -7 -8 10 9 -11 13 -13 -14 -15
leaf_value=0.0037262233257720151 -0.04664619329079131 0.015538897561674937 -0.031417551434178938 -0.021325689249220427 -0.040549863946898745 0.027049137617671117 -0.0024297891840275084 0.0033458766448417653 0.014552720481157617 -0.034169663395072533 0.031107113509205919 -0.047315442758322314 -0.045576465175890209 0.0070246855230206955
leaf_weight=101.65735371876508 2.5923763490864102 1.6661594071192691 2.1538512539118519 1.7792159747332323 4.8965374648105353 8.0362869314849359 266.96995587006677 40.56862784770783 5.9905812989454743 18.497768655768596 32.063005622942001 3.6218916187062851 3.4570586031768462 39.413751232903451
leaf_count=707 28 17 11 20 59 47 2066 325 55 252 183 24 31 306
internal_value=-0.000154604 -0.0126185 -0.00571398 0.00663632 -0.0261381 0.0171194 0.000382982 0.00344204 -0.00294874 -0.0221474 0.0105667 -0.00176151 0.00169051 0.0181077
internal_weight=533.364 21.1244 18.5321 11.9694 6.5627 9.8155 512.24 245.27 129.603 24.4883 115.667 44.1905 105.114 71.4768
internal_count=4131 182 154 78 76 67 3949 1883 1045 307 838 349 738 489
is_linear=0
shrinkage=0.05


Tree=278
num_leaves=15
num_cat=0
split_feature=32 29 5 40 24 39 44 5 34 43 14 32 52 46
split_gain=1.44026 2.57039 2.62573 4.66245 3.67681 3.60934 3.45569 4.02283 3.45986 5.64985 3.11611 2.87675 3.46291 2.78003
threshold=0.74106002554278427 92.500000000000014 1.0925334095954897 6.8006292975087144 3.9058864193035574 8.5670892823984239 2.0381493568420415 0.94149911403656017 5.3600956697710194 11.354939422041637 0.2102173249782906 0.81501610305958139 8.5000000000000018 1.0000000180025095e-35
decision_type=2 2 2 2 2 2 2 2 2 2 2 2 2 2
left_child=-1 -2 4 5 6 11 7 8 -3 -10 -8 -4 -13 -11
right_child=1 2 3 -5 -6 -7 10 -9 9 13 -12 12 -14 -15
leaf_value=0.0010192756946213004 0.024888683839078152 0.018455061148419907 -0.0098081189691112819 0.028223133320203927 0.038062498826135494 0.011353224015961307 -0.052903720239904965 0.034809525796861411 -0.045795150952223022 0.031754086497566614 0.013773469552408555 -0.04706270717350966 0.017994448204613215 -0.025132678811002201
leaf_weight=441.73073687282158 5.3857039473950854 7.9430423886515262 13.492959605064241 4.3385560363531104 4.7717028381302944 6.2319500967860213 4.8858272936195126 6.5100134536623946 8.4601474604569358 4.7823796272277823 1.9984982768073676 17.604234761558477 1.7753818258643139 2.5099874511361122
leaf_count=3596 29 57 78 25 27 32 29 35 52 21 12 113 9 16
internal_value=-0.000162278 -0.00586569 -0.00807324 -0.0165379 0.000892111 -0.022084 -0.00476368 0.00284034 -0.00699663 -0.0201659 -0.0342556 -0.028571 -0.0405123 0.0115044
internal_weight=532.421 90.6904 85.3047 43.4431 41.8616 39.1045 37.0899 30.2056 23.6956 15.7525 6.88433 32.8726 19.3796 7.29237
internal_count=4131 535 506 257 249 232 222 181 146 89 41 200 122 37
is_linear=0
shrinkage=0.05


Tree=279
num_leaves=15
num_cat=0
split_feature=20 3 12 55 7 2 55 53 49 35 25 55 31 36
split_gain=1.36159 1.39343 4.29516 5.66605 4.24004 5.44005 5.74067 4.85483 5.63268 5.2617 3.92961 3.38049 4.0711 3.3607
threshold=60.734104609605275 0.22767145135566189 1.5367227196693423 0.39818713068962103 0.66521948575973522 0.30870452523231512 0.27269391715526586 0.56385869565217395 1.5179991185506545 1.7047092071645864 1.7192775011062624 1.9600015282630923 0.41421362489486968 14.48857509836439
decision_type=2 2 2 2 2 2 2 2 2 2 2 2 2 2
left_child=1 4 3 13 -1 6 -6 8 9 -8 -10 12 -7 -3
right_child=-2 2 -4 -5 5 11 7 -9 10 -11 -12 -13 -14 -15
leaf_value=0.0049475277887438733 0.035764686792078414 -0.012980459024776023 0.00520189857300336 -0.038775161476218047 0.01064747735268372 0.018714681943954061 0.012460020638112166 -0.031059799292239721 0.032666295445795412 -0.048433010156481583 -0.022600010830021569 -0.014158414185580503 -0.022804665722426357 0.013713573430990332
leaf_weight=98.486494112177752 1.626126596238463 26.61773562990129 224.92191867833026 12.219780762214212 16.188643472269177 33.249176349956542 5.0945692397654083 47.949026032350957 10.109136248240246 8.5741610048571584 3.7111413283273569 17.322475289809518 6.2481630165129891 19.585529483854771
leaf_count=867 10 139 1364 101 85 235 41 685 71 98 26 259 47 103
internal_value=-0.000149846 -0.000327091 0.0020624 -0.00990843 -0.00306619 -0.00838041 -0.0158559 -0.0216082 -0.00461036 -0.0264349 0.0173021 0.00374012 0.0117457 -0.00161408
internal_weight=531.904 530.278 283.345 58.423 246.933 148.446 91.6267 75.438 27.489 13.6687 13.8203 56.8198 39.4973 46.2033
internal_count=4131 4121 1707 343 2414 1547 1006 921 236 139 97 541 282 242
is_linear=0
shrinkage=0.05


Tree=280
num_leaves=15
num_cat=0
split_feature=13 13 8 32 5 30 34 44 31 14 27 13 32 44
split_gain=1.36635 6.35824 4.49412 4.30847 4.15478 5.23324 5.01048 3.99528 3.68042 4.91036 4.80142 4.73655 4.22603 4.22469
threshold=0.20406178035963365 0.44643722098894673 0.41461262106895452 0.21118935837245698 0.30510428547859197 142.50000000000003 11.048765818911869 0.16711873561143878 0.30816714150047492 0.2178826049910659 0.3778809889635843 0.72720301227134476 0.54598308668076123 0.60755023360252391
decision_type=2 2 2 2 2 2 2 2 2 2 2 2 2 2
left_child=2 3 4 -2 5 7 -6 -1 9 10 12 -10 -3 -14
right_child=1 8 -4 -5 6 -7 -8 -9 11 -11 -12 -13 13 -15
leaf_value=-0.038545614299957176 -0.035015784362475072 0.0091143808351321371 -0.042983018486941693 0.019133623451797113 -0.004233063739009362 -0.041662880184867107 -0.041688484001982218 0.019679229675866036 -0.020175195856418335 -0.0029825419609742008 0.024901464693935289 0.0025747457690659661 0.031088811422702846 -0.043436618022545559
leaf_weight=2.2703459536423898 3.0124359969049683 30.043877566815354 6.183698368491604 58.51837398391217 75.289448679657653 3.4729475564090526 9.1814082870259863 37.704541328828782 49.659624660387635 167.57979671563953 37.027237248257734 41.352168838377111 1.6720390180125813 7.4619062058627605
leaf_count=115 19 218 58 319 459 193 52 324 394 1257 254 421 7 41
internal_value=-0.000148696 0.00132857 -0.00449215 0.015965 -0.00231249 0.0101076 -0.00874433 0.0155124 -0.00140092 0.00180811 0.0122452 -0.00992288 -3.83383e-05 -0.0280726
internal_weight=530.43 396.327 134.102 61.5308 127.919 43.4478 84.4709 39.9749 334.797 243.785 76.2051 91.0118 39.1778 9.13395
internal_count=4131 2930 1201 338 1143 632 511 439 2592 1777 520 815 266 48
is_linear=0
shrinkage=0.05


Tree=281
num_leaves=15
num_cat=0
split_feature=5 35 35 49 51 44 5 25 29 17 44 14 33 26
split_gain=1.39054 4.4644 4.5805 4.21448 5.12867 3.53653 3.11959 4.87091 4.50386 5.49213 4.38532 4.35019 4.31682 3.99497
threshold=0.89248007535934459 2.0714355388849777 3.1782094042056261 0.75850486929845984 0.52667140825035574 0.24562826007604602 1.1497550606727602 1.8898441791534426 105.00000000000001 0.29509077878643103 2.0491560697555546 0.39629054997708374 0.30543479323387152 2.292765855789185
decision_type=2 2 2 2 2 2 2 2 2 2 2 2 2 2
left_child=1 -1 5 4 -4 -3 7 10 -9 12 11 -2 -10 -12
right_child=6 2 3 -5 -6 -7 -8 8 9 -11 13 -13 -14 -15
leaf_value=-0.014119732403936462 0.03782936236546245 -0.038613037611160278 -0.028817398527230927 -0.034595514961296807 0.043198988268340045 0.017720794468195366 -0.00073535102074957196 -0.036045711154570295 0.012229614205335436 0.025971575305819856 -0.0402743240505717 -0.020670907601777117 -0.053225882202832565 0.01870847677865518
leaf_weight=62.022403413429856 26.631119678728286 2.063361183856613 3.5973335276357847 10.601477685850112 4.4547673820634373 39.28440773836337 338.5035046566627 7.2651513349264887 4.2223700899630803 13.625086301239206 3.9203242007642967 2.9535582731477907 4.2971799485385418 5.9518098765984178
leaf_count=636 170 83 59 127 40 268 2470 41 28 92 25 28 26 38
internal_value=-0.000156217 -0.00481594 0.00487504 -0.0151729 0.0113959 0.0140642 0.00124793 0.0108675 -0.00447771 0.00698896 0.0221332 0.0315041 -0.0229086 -0.00626418
internal_weight=529.394 122.024 60.0013 18.6536 8.0521 41.3478 407.37 68.8666 29.4098 22.1446 39.4568 29.5847 8.51955 9.87213
internal_count=4131 1213 577 226 99 351 2918 448 187 146 261 198 54 63
is_linear=0
shrinkage=0.05


Tree=282
num_leaves=15
num_cat=0
split_feature=2 20 35 2 29 16 32 33 6 5 21 29 21 9
split_gain=1.34751 2.94069 2.54835 2.43436 2.65751 1.93415 3.19662 3.17755 4.62972 3.45531 2.8685 3.86618 2.78064 3.32079
threshold=0.3807275146245957 0.68616142794275825 1.7383259642192392 0.36943006515502935 126.50000000000001 1.0000000180025095e-35 0.78065486134313411 0.32301491498947149 0.7109699845314027 1.121525824069977 0.60263157894736852 155.50000000000003 0.21483516483516488 0.27466150870406197
decision_type=2 2 2 2 2 2 2 2 2 2 2 2 2 2
left_child=3 2 -2 5 -5 10 7 -7 12 -10 -1 -12 13 -9
right_child=1 -3 -4 4 -6 6 -8 8 9 -11 11 -13 -14 -15
leaf_value=-0.00064604988335692677 0.010733667400593545 0.019909491749980857 -0.034627020942312597 0.039026091064593885 -0.015854185861450598 0.023291710474672659 -0.015588716993865251 0.022163406750999856 0.020100281014834638 -0.047030481089245214 -0.036795266972388233 0.026757767787826427 0.028996879191086802 -0.041499045897260604
leaf_weight=421.52331251086434 3.6411999827250865 4.3920251871459177 10.987319481268058 6.8225375653710199 2.4348016227595508 30.285538101568818 11.257856721058486 3.1449759621173206 1.9927077535539854 5.9872505397070199 10.184710243949665 2.2644777167588463 10.444916512351481 3.1542846327647567
leaf_count=3357 38 35 119 45 19 173 65 18 13 56 94 11 66 22
internal_value=-0.000158199 -0.0128825 -0.0233719 0.000341131 0.0244534 -0.000152982 0.00773753 0.0127044 -0.000665705 -0.0298954 -0.00137288 -0.0241051 0.0141644 -0.0110329
internal_weight=528.518 19.0205 14.6285 509.497 9.25734 500.24 66.2675 55.0097 24.7241 7.97996 433.973 12.4492 16.7442 6.29926
internal_count=4131 192 157 3939 64 3875 413 348 175 69 3462 105 106 40
is_linear=0
shrinkage=0.05


Tree=283
num_leaves=15
num_cat=0
split_feature=22 3 34 19 49 22 13 51 55 42 26 12 28 25
split_gain=1.3981 2.98335 3.76559 3.21663 2.49417 2.31853 6.03313 3.6239 5.04399 6.71716 5.5274 4.63245 4.52612 3.71891
threshold=0.066551861429267875 0.44562647754137119 2.4143360700319443 2.2611436212720766 1.44870677138296 0.43341963985061382 0.99591100781751296 0.46318879855465228 0.42099113762378698 1.0696083903312685 2.8741296529769902 5.1291251182556161 0.97258225324027925 1.8161730766296389
decision_type=2 2 2 2 2 2 2 2 2 2 2 2 2 2
left_child=1 2 -1 -4 -3 6 7 12 -9 -10 11 -11 -2 -12
right_child=5 4 3 -5 -6 -7 -8 8 9 10 13 -13 -14 -15
leaf_value=0.017878273118134995 -0.020806897584947272 -0.013255971033398616 -0.03774295502452947 0.0003973337566265568 0.024761251653946558 -0.0020325259473609339 -0.018683130274852262 0.019772396439478437 -0.030926934947169044 0.029401379269773847 -0.035694353460014941 -0.024337410101268428 0.024771128088186385 0.00098259543283664322
leaf_weight=5.4022249226109151 5.4166116153355679 6.6914335330948225 16.455449136439714 8.0599548253230733 9.0927828177809698 301.66947900364175 22.325155743979849 31.737601561937481 16.488419895758852 22.769119766075168 8.6077146129682642 4.0335960120428345 44.740974251879379 24.446207351516932
leaf_count=95 38 47 180 56 55 2368 252 177 138 160 58 74 287 146
internal_value=-0.000150097 -0.00841096 -0.0174903 -0.0256794 0.00881498 0.000648577 0.0051144 0.0085681 0.00334462 -0.00365196 0.00424608 0.0207296 0.0195386 -0.00933631
internal_weight=527.937 45.7018 29.9176 24.5154 15.7842 482.235 180.565 158.24 108.083 76.3451 59.8566 26.8027 50.1576 33.0539
internal_count=4131 433 331 236 102 3698 1330 1078 753 576 438 234 325 204
is_linear=0
shrinkage=0.05


Tree=284
num_leaves=15
num_cat=0
split_feature=13 13 49 14 55 38 26 50 50 44 17 23 12 26
split_gain=1.372 2.01875 3.56159 3.45604 4.40997 4.22884 3.63723 3.01038 2.68118 4.28562 2.62598 2.23317 2.12422 2.12141
threshold=7.7516245238409329 1.0826116543408086 10.656060848141625 0.17167162146983747 1.259836792945862 8.6642874760457893 3.7960465190288235 2.5548059623967885 1.6095279662588944 1.565657436847687 0.4010869565217392 1.2827505530112329 2.1784706115722661 1.0765631011921175
decision_type=2 2 2 2 2 2 2 2 2 2 2 2 2 2
left_child=1 -1 3 5 8 7 -6 13 9 -5 -8 -10 -9 -3
right_child=-2 2 -4 4 6 -7 10 12 11 -11 -12 -13 -14 -15
leaf_value=0.00055772399252020056 0.019858786520857794 -0.022810867043387993 0.040875215775294127 -0.047537449770731766 -0.021497318437102175 -0.042730778527690826 -0.01883146914676111 0.029124131556169858 -0.063687896924947709 0.035888673604951675 0.048655215270142722 0.0083259966956767649 -0.026400426247640402 0.036695714025012122
leaf_weight=469.02808434102917 7.4325135799590489 1.0636848313733995 2.2986181848682454 2.1105529773049083 9.2664246296626498 3.1777291074395171 1.5091802275273938 1.464988525956868 8.7573458021506632 2.072600744664669 3.3264942448586226 0.9681915398687132 5.2002757448935881 9.2135062702000123
leaf_count=3484 59 18 13 19 234 30 13 8 83 13 16 7 83 51
internal_value=-0.000148405 -0.000472279 -0.00987656 -0.013083 -0.0241317 0.00271307 -0.00380382 0.013143 -0.0431046 -0.00725354 0.0279753 -0.0564109 -0.0119891 0.0290602
internal_weight=526.89 519.458 50.4296 48.131 28.0108 20.1202 14.1021 16.9425 13.9087 4.18315 4.83567 9.72554 6.66526 10.2772
internal_count=4131 4072 588 575 385 190 263 160 122 32 29 90 91 69
is_linear=0
shrinkage=0.05


Tree=285
num_leaves=15
num_cat=0
split_feature=35 12 22 22 45 27 31 5 4 27 12 55 51 22
split_gain=1.32646 2.7877 3.01292 3.22193 5.03444 5.4697 4.9017 4.51213 3.07169 3.29692 2.92745 3.64032 5.8429 4.39927
threshold=2.4494511989963739 0.42942979931831365 1.4973945376192817 0.53273797432152803 0.47901995305164324 0.39526430427798137 0.02409988385598142 2.5328140258789067 1.073183596134186 0.44724752086603464 9.2855267524719256 0.54469525814056408 0.40405073649754503 0.19983739047229246
decision_type=2 2 2 2 2 2 2 2 2 2 2 2 2 2
left_child=-1 -2 3 10 7 6 -6 8 9 -5 11 12 -3 -13
right_child=1 2 -4 4 5 -7 -8 -9 -10 -11 -12 13 -14 -15
leaf_value=0.0012837666850055288 0.028384415809902239 -0.036814468597030726 0.019614118822561737 -0.058634987356110529 0.0096110050216276412 -0.0072869362896812798 -0.067610684307678207 -0.05381262157917991 0.016252630432374914 0.011615207060477882 0.035703366469084667 -0.025713399454034121 0.028110766082007323 0.0063238580563246315
leaf_weight=397.812893385184 5.1553802518174043 3.5289494227618006 9.4968530151527357 2.3404077000450405 2.2135578774614286 11.444861588533966 10.730989975854753 2.6177211336325845 17.261851338087581 2.7956233938457444 4.0242815641686311 23.857855159090832 14.618971595540641 18.261942749610171
leaf_count=3043 27 21 81 36 40 94 69 25 121 20 55 250 91 158
internal_value=-0.000143529 -0.0045431 -0.00613849 -0.0084418 -0.0179068 -0.0335943 -0.0546633 -0.00190861 0.00619822 -0.0247355 -0.00100558 -0.00399949 0.0142225 -0.0119984
internal_weight=526.162 128.349 123.194 113.697 49.405 24.3894 12.9445 25.0156 22.3979 5.13603 64.292 60.2677 18.1479 42.1198
internal_count=4131 1088 1061 980 405 203 109 202 177 56 575 520 112 408
is_linear=0
shrinkage=0.05


Tree=286
num_leaves=15
num_cat=0
split_feature=33 28 55 12 5 12 1 32 7 24 27 50 31 33
split_gain=1.33414 1.55972 5.50776 4.25818 3.98166 3.74255 3.46049 3.17221 2.9831 2.86278 2.50196 2.17849 1.99258 4.71393
threshold=2.1355429887771611 0.97258225324027925 0.86675763130187999 1.6210815310478213 0.3664445579051972 0.42942979931831365 0.098837547004222884 0.97201565557729952 0.67840284109115612 6.8204568344595105 0.17754008184850009 1.1889179852750047 0.20611577964519143 0.6615203619003297
decision_type=2 2 2 2 2 2 2 2 2 2 2 2 2 2
left_child=1 2 3 5 10 -1 -6 -7 11 -8 -4 -5 -3 -14
right_child=-2 12 4 8 6 7 9 -9 -10 -11 -12 -13 13 -15
leaf_value=0.021150565253895894 -0.027733850298474923 0.0044839300630417824 -0.033077611206799203 0.026194433090967969 0.027118310565964344 -0.038136801886751892 -0.051577590094396546 0.028919144203673464 0.033084400507747379 0.014700092070625207 0.027596070065820672 -0.02776139427492242 -0.003275433487884337 0.036882155678364441
leaf_weight=4.6201396677643052 3.3459054457489392 220.48226937412983 1.579037182964387 2.0723960846662548 1.1951413755305136 10.025195975555103 13.850170298013834 1.3412178829312331 12.935182447545229 1.3959680944681157 4.1250296449288726 3.9109880793839693 238.16740885935724 6.5409261591266832
leaf_count=23 255 1589 13 12 7 75 174 8 78 7 33 23 1762 72
internal_value=-0.000145167 8.42553e-05 -0.00764462 0.00477064 -0.026574 -0.0137692 -0.0384826 -0.0285256 0.0203419 -0.0449778 0.00837138 -0.00799844 0.00104648 -0.00205631
internal_weight=525.587 522.241 57.0505 34.9051 22.1453 15.9866 16.4413 11.3664 18.9186 15.2461 5.70407 5.98338 465.191 244.708
internal_count=4131 3876 453 219 234 106 188 83 113 181 46 35 3423 1834
is_linear=0
shrinkage=0.05


Tree=287
num_leaves=15
num_cat=0
split_feature=42 4 1 55 4 50 4 4 21 39 7 36 33 1
split_gain=1.30046 2.05011 2.07542 2.58022 2.92903 1.98349 1.91876 1.61155 2.70952 2.67022 1.91659 3.18413 5.99831 7.50526
threshold=3.1246939897537236 0.59915444254875194 0.18376564234495166 0.9751763939857484 1.85236531496048 1.1889179852750047 5.6127951145172128 5.9988920688629159 0.37858312858312865 0.78886155061089303 0.73452958464622509 8.786748292520409 0.23780304938554767 0.096008714288473143
decision_type=2 2 2 2 2 2 2 2 2 2 2 2 2 2
left_child=7 -2 5 -4 -5 -3 -6 10 9 -9 -1 -12 -13 -14
right_child=1 2 3 4 6 -7 -8 8 -10 -11 11 12 13 -15
leaf_value=0.0030310465228049234 -0.036604449705746445 0.011382400868050063 0.038790884780105034 0.020470639881894116 -0.047614725574966904 -0.054343614460337086 0.016072272340530807 0.019865108545835241 0.014810175656652711 -0.050131425187828482 0.0051172725923563081 0.0038011575978958538 0.035560666679654462 -0.025832114781835249
leaf_weight=325.70444947411306 5.1388692897162427 1.3600464342162006 3.4781283773481837 4.1421963672619295 3.3915212738793343 2.0876432303339243 1.0557450545020399 1.1614002659916858 3.3336500525474548 5.1421919970307499 64.957643475965597 48.925724389497191 4.6425926801748565 50.306401768699288
leaf_count=2406 47 10 19 38 35 21 12 9 20 54 640 290 29 501
internal_value=-0.000134394 -0.0121329 -0.00230191 0.00787552 -0.00738274 -0.0316863 -0.0323209 0.000380183 -0.0188769 -0.0362808 0.00079279 -0.00351758 -0.00891466 -0.0201022
internal_weight=524.828 20.6542 15.5153 12.0676 8.58946 3.44769 4.44727 504.174 9.63724 6.30359 494.537 168.832 103.875 54.949
internal_count=4131 182 135 104 85 31 47 3949 83 63 3866 1460 820 530
is_linear=0
shrinkage=0.05


Tree=288
num_leaves=15
num_cat=0
split_feature=20 22 31 38 20 20 14 13 44 17 20 3 33 8
split_gain=1.33181 2.48004 1.94129 1.71191 1.68948 1.88334 1.71796 2.86859 3.62868 3.15261 3.10361 3.05769 2.89937 2.79882
threshold=8.0052582509154799 0.33292462530091221 0.35758377425044097 4.3292209887753241 6.2300817921846603 5.3939143513392169 0.74007447186334796 5.8356496960517825 1.9271676540374758 0.55799755799755812 0.25834161074262235 0.11200716845878138 0.39292149245738989 0.36621922254562383
decision_type=2 2 2 2 2 2 2 2 2 2 2 2 2 2
left_child=4 3 -3 -2 5 6 -1 8 13 10 -10 -12 -9 -8
right_child=1 2 -4 -5 -6 -7 7 12 9 -11 11 -13 -14 -15
leaf_value=0.00055642998341743927 -0.045845136380599165 0.042937395586233391 -0.0091453310094367028 0.014073989600557163 -0.031617832447963658 0.037291914149030492 -0.030272047640218947 -0.017354971724873141 0.034217100215759959 -0.024251438880414998 0.026956062558829031 -0.039890844783420532 0.035899855873826825 0.01052680388070415
leaf_weight=449.34423416515347 1.4039307683706268 5.8906696201302111 2.0020399913191795 1.6633967813104389 3.3296852463390669 2.3189025782048693 25.233388337772343 3.384871809743343 8.2592272553592938 5.9665815716143689 2.0851419009268275 2.9954223148524761 5.6320457626134157 4.4870250136591485
leaf_count=3547 16 34 16 14 25 15 230 21 46 42 14 15 38 58
internal_value=-0.000132541 0.0163619 0.0301835 -0.01788 -0.000516058 -0.000251372 -0.000495971 -0.00851455 -0.0132873 0.00352878 0.0167789 -0.0125346 0.0161717 -0.0239703
internal_weight=523.997 10.96 7.89271 3.06733 513.037 509.707 507.388 58.0437 49.0268 19.3064 13.3398 5.08056 9.01692 29.7204
internal_count=4131 80 50 30 4051 4026 4011 464 405 117 75 29 59 288
is_linear=0
shrinkage=0.05


Tree=289
num_leaves=15
num_cat=0
split_feature=17 42 52 4 39 55 55 35 35 1 6 42 52 7
split_gain=1.29718 2.13447 1.78172 1.59976 2.59931 2.09211 2.25359 3.28506 3.74188 6.03985 3.308 2.86432 3.48679 2.9716
threshold=0.68683574879227061 1.2311792969703677 8.5000000000000018 5.9988920688629159 0.78886155061089303 13.224465370178224 2.5316654443740849 1.6531664244605768 1.935857201869456 0.17969961464405063 0.35607504844665533 0.79811519384384166 28.500000000000004 0.74864792823791515
decision_type=2 2 2 2 2 2 2 2 2 2 2 2 2 2
left_child=3 2 -2 5 -5 6 -1 10 9 -9 -8 -10 13 -13
right_child=1 -3 -4 4 -6 -7 7 8 11 -11 -12 12 -14 -15
leaf_value=0.0018445166690011 -0.026820567144066099 -0.041081599875367164 0.015489288766240037 0.022033794495354645 -0.031896584416583884 0.030770374499773486 0.015220511381039734 -0.033157008783268903 0.017318732794250013 0.025340541227621385 -0.038209040241042221 -0.031288187180154366 0.02264716667389171 0.0031550206833398709
leaf_weight=414.44497187354136 2.9522203514352423 4.0638434775173655 5.7176702932920307 2.2263534502126259 7.5828587529249489 4.7152312160469583 3.107882793294265 4.699204777833077 6.5876516376156351 19.533841782482341 12.347532125771975 23.147701350389983 4.121364213526248 8.2229633115930465
leaf_count=2823 41 49 57 15 74 55 37 81 85 147 191 307 30 139
internal_value=-0.00012517 -0.0152893 -0.000201539 0.000282042 -0.0187502 0.000691347 0.000344212 -0.00719055 -0.00219388 0.0131324 -0.027193 -0.01112 -0.0167284 -0.0224413
internal_weight=523.471 12.7337 8.66989 510.738 9.80921 500.928 496.213 81.7681 66.3127 24.233 15.4554 42.0797 35.492 31.3707
internal_count=4131 147 98 3984 89 3895 3840 1017 789 228 228 561 476 446
is_linear=0
shrinkage=0.05


Tree=290
num_leaves=15
num_cat=0
split_feature=43 8 3 21 6 17 14 7 12 28 6 5 40 39
split_gain=1.32783 3.50649 3.72852 3.8407 4.61054 3.5853 4.96193 3.47843 3.2976 2.9079 5.47358 3.41208 2.74871 2.77577
threshold=17.877906638001743 0.30521795153617864 0.61651583710407254 0.24509048902579902 0.82458633184432995 0.26520146520146526 0.52298606982797269 0.77464172244071972 1.497268080711365 1.0397442203639942 0.41176368296146398 0.97059521079063427 1.3289632756415333 1.1552900620891637
decision_type=2 2 2 2 2 2 2 2 2 2 2 2 2 2
left_child=-1 5 3 -3 7 12 -7 9 -4 10 -5 -11 -2 -14
right_child=1 2 8 4 -6 6 -8 -9 -10 11 -12 -13 13 -15
leaf_value=-0.001652571647027485 0.0086643734780612273 0.017122363230146286 -0.014251343841461921 0.019043091291246872 -0.03377577177315795 0.019017790476103358 -0.032073278514718334 0.028334604042960111 0.044676956128304884 -0.037845452661260506 -0.04354695070122605 0.01156339483241247 0.0045935790281895336 -0.06337102132459109
leaf_weight=382.16621581453364 2.4900927804410475 37.092977053020149 2.5081363543868056 4.7244278769940129 9.2122049063909781 12.935617380309852 6.2138401865959159 9.7560480574611557 10.013521352782844 3.0182831105776158 8.7475918222335149 26.496781608555466 1.7850720919668672 5.5182071588933468
leaf_count=3187 16 249 18 30 75 92 37 65 69 24 60 161 14 34
internal_value=-0.000124186 0.00401501 0.00803549 0.00462277 -0.00301391 -0.0112341 0.00167018 0.00288751 0.0326924 -0.00340065 -0.0217984 0.00543608 -0.0342833 -0.0482065
internal_weight=522.679 140.513 111.57 99.0483 61.9553 28.9428 19.1495 52.7431 12.5217 42.9871 13.472 29.5151 9.79337 7.30328
internal_count=4131 944 751 664 415 193 129 340 87 275 90 185 64 48
is_linear=0
shrinkage=0.05


Tree=291
num_leaves=15
num_cat=0
split_feature=44 7 6 4 6 24 43 7 21 24 49 44 6 36
split_gain=1.32571 3.30225 3.40728 3.46156 3.10166 2.97531 2.84467 3.64819 4.64114 4.6589 4.37283 3.4325 4.41468 2.52994
threshold=2.854890108108521 0.79300209879875194 0.34613743424415594 4.0837790966033944 0.31853960454463964 2.2325636734337375 23.249257019608514 0.71638727188110363 0.24068965517241384 3.5749029890073425 0.50044439983643318 1.7220835089683535 0.43093386292457586 27.968397681893002
decision_type=2 2 2 2 2 2 2 2 2 2 2 2 2 2
left_child=6 2 4 -4 -2 -3 13 8 -8 11 -9 12 -10 -1
right_child=1 5 3 -5 -6 -7 7 10 9 -11 -12 -13 -14 -15
leaf_value=-0.00093228371977267192 0.0027725708647965428 0.014605130613892675 0.0056645626857792794 -0.033839336269218687 -0.067981659011487131 -0.054256928738247737 0.023123379559166279 -0.026199209753724268 0.027131403691321155 -0.059017602333629876 0.036309517081696351 0.026327353009174121 -0.049422668116955067 0.036652527379401605
leaf_weight=404.63695171027211 2.5935049019753924 1.6358170269522805 49.108065628446639 5.2368312105536452 2.5871019661426544 5.0133953057229519 11.468389650806786 2.544406151399019 2.1420240984298271 3.7605459019541732 17.920137894805521 5.4350406397134066 4.2595262229442596 3.5275577832944682
leaf_count=3368 17 16 295 35 16 37 76 18 13 21 123 39 28 29
internal_value=-0.000124117 -0.00668221 -0.00266175 0.00131521 -0.0378432 -0.0376211 0.000840778 0.0122852 7.41334e-05 -0.0172458 0.0276792 -0.000410912 -0.0236021 -0.000518672
internal_weight=521.869 66.1747 59.5255 54.3449 5.18061 6.64921 455.695 47.5301 27.0655 15.5971 20.4645 11.8366 6.40155 408.165
internal_count=4131 416 363 330 33 53 3715 318 177 101 141 80 41 3397
is_linear=0
shrinkage=0.05


Tree=292
num_leaves=15
num_cat=0
split_feature=32 39 45 9 5 29 3 32 7 29 23 34 24 51
split_gain=1.30557 2.455 4.07909 7.56462 2.91653 3.2047 2.72717 3.1608 2.58531 2.42395 4.13902 3.96438 3.66841 3.64322
threshold=0.74106002554278427 0.3807808676307009 0.46702898550724642 0.69098143236074283 0.9639575481414796 126.50000000000001 0.66352201257861643 0.65039682539682553 0.72306835651397716 116.50000000000001 0.60376912303041474 5.2788451777020091 5.0692361397018812 0.39159811985898946
decision_type=2 2 2 2 2 2 2 2 2 2 2 2 2 2
left_child=1 2 3 6 8 -6 7 -1 -4 11 -11 12 -2 -13
right_child=9 -3 4 -5 5 -7 -8 -9 -10 10 -12 13 -14 -15
leaf_value=-0.068690439132230344 0.029638107581598377 0.0020553427029900901 -0.041854047133753104 0.035488015776635816 0.030307509493098513 -0.023600494761312762 0.015703339676461443 0.010038899883810036 0.024429817763396575 -0.046232242866459175 -0.0057937964847870329 -0.049735874312541756 -0.022290339894229832 -0.0026886518148010567
leaf_weight=8.1942602895433065 14.996798188425602 402.10143413534388 4.1054051730316159 2.4955812357366076 9.3032079017721099 2.9301220835186532 0.9824823588132866 1.2074220925569541 1.3081342133227734 7.565366950351744 25.641782857477665 3.7215858753770581 3.5292666405439368 33.122360926121473
leaf_count=78 91 3358 46 14 49 23 7 7 14 61 144 27 21 191
internal_value=-0.000128797 0.00100666 -0.0124339 -0.032725 0.0033366 0.0165878 -0.0507957 -0.0585865 -0.0245254 -0.0056239 -0.0160888 0.000826336 0.0191107 -0.00862953
internal_weight=521.205 432.628 30.5266 12.8797 17.6469 12.2333 10.3842 9.40168 5.41354 88.5772 33.2071 55.37 18.5261 36.8439
internal_count=4131 3596 238 106 132 72 92 85 60 535 205 330 112 218
is_linear=0
shrinkage=0.05


Tree=293
num_leaves=15
num_cat=0
split_feature=24 27 17 32 55 3 22 9 22 44 25 53 32 7
split_gain=1.27898 2.08113 2.88581 3.11331 2.33128 2.27773 1.62314 3.55334 2.95821 3.89656 4.37077 4.11434 3.78814 5.08099
threshold=1.4134510943994318 0.76415200103062364 0.32787864309603448 0.093178294573643419 0.58107474446296703 0.014815627743634768 1.4987789119005879 0.54653679653679665 0.93171215248768124 1.2289116978645327 0.86969086527824413 0.13809523809523813 0.5337121212121213 0.75148820877075206
decision_type=2 2 2 2 2 2 2 2 2 2 2 2 2 2
left_child=-1 6 3 -3 -4 -6 8 -8 -2 11 -11 -10 -12 -14
right_child=1 2 4 -5 5 -7 7 -9 9 10 12 -13 13 -15
leaf_value=-0.031930285032503107 0.0013857199284449278 -0.029690649268710595 -0.03788283427843242 0.043448124620134809 -0.025280907972449349 0.032798149860758491 0.021242372380906815 -0.036264285218997362 0.032481401207637151 -0.029852695069929804 0.0095616172397322598 -0.027515166148672849 0.0017394185845727942 -0.03507265256453565
leaf_weight=2.1434609972056924 341.12551621487364 0.99388327251654374 2.5088515952229491 8.5427768277004343 1.7565140059450639 3.6531527377665043 17.2620116166072 2.2191938718315205 2.3162604261888218 11.987180701922624 55.039108495693654 29.555533533217385 28.635602593421936 12.872187775792552
leaf_count=68 2659 26 15 64 30 23 144 22 30 113 340 352 161 84
internal_value=-0.000133363 5.93067e-05 0.0165492 0.0337314 -0.00560605 0.0129379 -0.000547019 0.0132408 -0.00113111 -0.00721248 -0.00261894 -0.0222995 0.00103375 -0.0102331
internal_weight=520.611 518.468 17.4552 9.53666 7.91852 5.40967 501.013 19.4812 481.531 140.406 108.534 31.8718 96.5469 41.5078
internal_count=4131 4063 158 90 68 53 3905 166 3739 1080 698 382 585 245
is_linear=0
shrinkage=0.05


Tree=294
num_leaves=15
num_cat=0
split_feature=3 3 14 55 4 28 14 8 4 49 6 6 51 32
split_gain=1.22343 3.51725 5.74393 3.46082 5.85826 5.75562 7.27773 4.28008 3.80968 4.41847 3.60392 4.03101 3.39708 3.64465
threshold=0.22767145135566189 0.20126582278481017 0.21545350059203069 0.29326054453849798 1.6444715261459353 1.1551886792452832 0.15802976581556558 0.42707285284996038 1.8634595870971682 0.2340036846258278 0.53004509210586559 0.41176368296146398 0.40642170329670335 0.41287094547964115
decision_type=2 2 2 2 2 2 2 2 2 2 2 2 2 2
left_child=1 3 -3 10 5 6 7 -5 -6 -10 11 -1 13 -2
right_child=12 2 -4 4 8 -7 -8 -9 9 -11 -12 -13 -14 -15
leaf_value=0.015598084091301079 0.017138705147821523 0.0079309237909107062 -0.055521917285127009 0.019996711733879034 0.024302856256537567 -0.034253310535002565 -0.021863753078389725 -0.045517761968404236 -0.033191599711502394 0.0028607533154773575 0.023566021341276961 -0.037860612936367971 0.0041209892840353901 -0.021836906577261044
leaf_weight=6.9745349846780282 6.9972475345712182 6.1402797186747176 6.838447755202651 24.074392238631848 17.25953120063059 23.900430003355723 29.405557017365936 1.8215589402243484 8.4027286615455505 87.407584497355856 24.17899327352643 5.4036345286294818 246.20540262095165 24.821209361660294
leaf_count=61 55 43 47 234 139 373 378 33 122 847 112 32 1483 172
internal_value=-0.000137234 -0.00273226 -0.0270823 -0.00123934 -0.00393305 -0.0142731 -0.0051829 0.0138673 0.00337144 -0.000611291 0.0126557 -0.00882468 0.00212146 -0.0130047
internal_weight=519.832 241.808 12.9787 228.829 192.272 79.2019 55.3015 25.896 113.07 95.8103 36.5572 12.3782 278.024 31.8185
internal_count=4131 2421 90 2331 2126 1018 645 267 1108 969 205 93 1710 227
is_linear=0
shrinkage=0.05


Tree=295
num_leaves=15
num_cat=0
split_feature=33 55 25 31 32 28 21 33 4 55 32 39 33 14
split_gain=1.25135 1.43608 2.04143 1.83688 4.00723 3.26285 7.0179 4.08692 5.61841 4.33707 4.67436 5.81427 3.87908 6.51159
threshold=2.1355429887771611 13.224465370178224 2.7622109651565556 0.19586530264279628 0.17425810904071776 1.2080627705627707 0.3176274944567628 0.214654415845871 0.1998882740736008 0.81700304150581371 0.46702898550724642 3.0796683613546683 0.35967151820659643 0.10772673911723031
decision_type=2 2 2 2 2 2 2 2 2 2 2 2 2 2
left_child=1 3 -3 -1 -5 7 12 9 -9 -6 -11 -12 -7 -14
right_child=-2 2 -4 4 5 6 -8 8 -10 10 11 -13 13 -15
leaf_value=0.003111437796290222 -0.027200931448587075 0.035066780530638803 -0.022156168345128627 -0.027160411238124679 0.011751652545272447 0.03038768586774987 -0.014820615703214227 0.022250595278523078 -0.013802578950820411 0.0098307768372780293 -0.060246753804440202 0.0014918637799159777 0.029355057016369965 -0.033872081245651289
leaf_weight=226.11861085868441 3.2384477924788362 5.1184452662710092 1.3300287853926418 15.08880221750587 56.512502167373896 28.121646614745259 20.994375351816416 11.070125615457071 110.15769764804281 12.282600066624584 7.0320532303303462 7.1709998268634081 7.417275882791726 6.8898752755485475
leaf_count=1665 255 43 11 320 305 159 170 90 844 79 40 43 42 65
internal_value=-0.000144023 7.83717e-05 0.0218742 -0.000240197 -0.00292217 -0.00145972 0.00836364 -0.00453629 -0.0103552 0.00398497 -0.0124115 -0.0310277 0.0199127 -0.00131683
internal_weight=518.543 515.305 6.44847 508.857 282.738 267.649 63.4232 204.226 121.228 82.9982 26.4857 14.2031 42.4288 14.3072
internal_count=4131 3876 54 3822 2157 1837 436 1401 934 467 162 83 266 107
is_linear=0
shrinkage=0.05


Tree=296
num_leaves=15
num_cat=0
split_feature=45 30 55 31 50 2 30 25 27 17 10 2 43 39
split_gain=1.26287 3.14656 3.07191 1.83626 3.13518 3.11891 3.85171 2.84033 2.79501 4.75477 3.50146 3.53038 3.27475 4.20827
threshold=0.90967365967365976 115.00000000000001 6.964588165283204 0.078023538961038974 0.59429526103243957 0.19132671505212787 117.00000000000001 3.1278010606765752 0.48535735956290088 0.46995938843764934 1.0000000180025095e-35 0.36747767031192785 16.525939024913594 0.40162192422307369
decision_type=2 2 2 2 2 2 2 2 2 2 2 2 2 2
left_child=3 -2 -3 4 -1 6 -5 -6 -7 12 -11 -12 13 -10
right_child=1 2 -4 5 7 8 -8 -9 9 10 11 -13 -14 -15
leaf_value=-0.028667374316585711 -0.052949199255418682 -0.021375121710303958 0.040343437225415946 0.00014805043164592738 0.014045344624262896 -0.0028388631846233726 -0.042554681343898115 -0.030315775848138684 -0.047117263851995189 0.0053756748065854534 -0.037810198888808072 0.021806163316822377 0.022323117950431379 0.0069320170997343618
leaf_weight=4.3835329234134397 2.8953559231013042 4.0961345819523558 2.3435587529093027 11.38992941635661 55.448089572950266 284.53411525953561 8.8337221087422204 2.9282341883517793 2.801124876132234 15.180612451396883 12.768536059069445 2.3400606852956125 37.692391572520137 69.779351720470004
leaf_count=63 79 127 51 77 492 2023 73 34 21 105 175 21 264 526
internal_value=-0.000141984 -0.0174451 0.00348941 0.000209573 0.00814641 -0.000924728 -0.0196308 0.011347 9.18135e-06 0.00575369 -0.0115303 -0.0277962 0.0105621 0.00423407
internal_weight=517.415 9.33505 6.43969 508.08 62.7599 445.32 20.2237 58.3763 425.096 140.562 30.2892 15.1086 110.273 72.5805
internal_count=4131 257 178 3874 589 3285 150 526 3135 1112 301 196 811 547
is_linear=0
shrinkage=0.05


Tree=297
num_leaves=15
num_cat=0
split_feature=13 13 53 6 30 14 1 38 43 49 53 30 21 50
split_gain=1.27798 5.55116 4.38725 4.4623 4.05043 4.62734 4.1595 6.42682 3.96698 4.04731 3.9534 3.93596 5.79214 3.908
threshold=0.20406178035963365 0.44643722098894673 0.36515151515151517 0.50567480921745311 107.50000000000001 0.41312990234562635 0.18881141394376758 5.8897440736128841 11.168938283228565 1.8335918278913914 0.32795698924731187 149.00000000000003 0.34833164812942369 16.757542531811456
decision_type=2 2 2 2 2 2 2 2 2 2 2 2 2 2
left_child=4 2 -2 8 5 6 -1 -8 13 -10 -3 -6 -13 -4
right_child=1 10 3 -5 11 -7 7 -9 9 -11 -12 12 -14 -15
leaf_value=-0.019560088623320041 -0.028807153908105759 0.016605955170444327 -0.038894883468838716 0.030086876371369697 0.0073064558069728435 -0.049136526582270051 0.034988081326643224 -0.020522540887846497 -0.0076097927937580911 0.046844393493658598 -0.0029635540427981125 -0.054155281408264672 0.029911518199561362 0.02895061486531569
leaf_weight=30.576420001802035 4.3432526141405097 27.246060790726915 7.1521940529346484 33.976927781477571 66.634816490113735 7.2337749004364005 10.279840057482945 8.7962342416867596 6.5651013478636724 5.6074086483567953 298.54589302901877 5.3461139757418996 2.2579318499192595 2.0542487502098083
leaf_count=262 27 204 38 197 538 34 78 67 36 29 2388 209 13 11
internal_value=-0.000149929 0.00130158 0.015185 0.0190866 -0.00439474 -0.0143143 -0.00837118 0.00964413 0.00104093 0.019127 -0.00128114 0.00329544 -0.0286175 -0.0224031
internal_weight=516.616 385.491 59.6991 55.3559 131.125 56.8863 49.6525 19.0761 21.379 12.1725 325.792 74.2389 7.60405 9.20644
internal_count=4131 2930 338 311 1201 441 407 145 114 65 2592 760 222 49
is_linear=0
shrinkage=0.05


Tree=298
num_leaves=15
num_cat=0
split_feature=5 35 31 45 35 39 36 35 37 9 52 44 38 34
split_gain=1.2723 4.04171 3.93612 4.69737 3.84109 3.67136 3.6356 3.61791 4.28111 3.52917 3.91969 3.46754 3.363 3.07236
threshold=0.89248007535934459 2.0714355388849777 0.46720430107526884 0.67607313195548502 2.3177251430405552 0.62175295706235734 16.44447663563955 1.7763984469173624 3.1574511230087072 0.74596774193548399 36.500000000000007 2.2945880889892583 4.9276579563840643 2.9089002491719143
decision_type=2 2 2 2 2 2 2 2 2 2 2 2 2 2
left_child=1 2 3 6 5 -3 9 8 -5 10 12 13 -1 -6
right_child=-2 4 -4 7 11 -7 -8 -9 -10 -11 -12 -13 -14 -15
leaf_value=-0.0076397892363717626 0.0012159284419715807 -0.026698855687274953 0.017860510868151325 -0.0067972747895318174 -0.015027993132513635 0.033905947710909483 0.003968354453533625 -0.02544037631986833 0.047402233161638795 0.010242643274184478 0.021539994744289394 -0.035106855298922261 -0.060429881136240163 0.014260868605356608
leaf_weight=4.0224718666868418 396.95730307378108 2.2222333828685832 7.822061624377965 8.7905438255984354 13.696051298291421 14.058140532462856 5.9313702164217821 8.067356863524763 4.9791687403339884 2.8828759938478461 1.4973108291160304 6.1804458480328313 16.607850260101259 21.978486539795995
leaf_count=80 2918 15 59 150 208 120 49 105 36 16 10 53 131 181
internal_value=-0.000143991 -0.00466263 -0.0135968 -0.0185043 0.00472287 0.0245672 -0.0307227 -0.000604282 0.0146839 -0.0387862 -0.0453405 -0.00338915 -0.050966 0.00291322
internal_weight=515.694 118.736 60.601 52.7789 58.1354 16.2804 30.9419 21.8371 13.7697 25.0105 22.1276 41.855 20.6303 35.6745
internal_count=4131 1213 636 577 577 135 286 291 186 237 221 442 211 389
is_linear=0
shrinkage=0.05


Tree=299
num_leaves=15
num_cat=0
split_feature=42 5 43 3 43 36 37 37 36 50 5 13 12 34
split_gain=1.23707 1.95813 2.12704 2.24138 2.05549 1.50297 3.54111 3.5798 2.42867 3.11121 2.26354 2.09182 1.95318 5.122
threshold=3.1246939897537236 1.0925334095954897 18.43494218698681 0.19836065573770495 22.539999179226836 27.968397681893002 50.056918706318918 37.39499864429488 21.452498269640646 1.1455457855142792 1.1016069054603579 0.55078372861042901 2.3775532245635991 1.1217748068336313
decision_type=2 2 2 2 2 2 2 2 2 2 2 2 2 2
left_child=5 4 3 -3 -2 6 7 8 12 -10 -7 -9 -1 -14
right_child=1 2 -4 -5 -6 10 -8 11 9 -11 -12 -13 13 -15
leaf_value=-0.0029758717269596016 -0.037221498025427041 -0.022461186885665577 -0.024016952665234823 0.033317690091457908 0.017334879239006919 -0.012569667075455758 -0.058964011823232743 0.045623600613164075 0.012578733807404905 -0.032698458555455945 0.039625182953736862 -0.0099626355100607342 -0.039280780170210167 0.0047274528287744675
leaf_weight=220.689916186966 7.8245931412675436 1.7301814034581164 3.7334927995689213 5.2174212317913771 1.5176980495452879 2.6687889583408824 1.5327309984713782 5.6830620677210382 4.8974093422293654 11.035059036687015 4.6697844248265028 1.8478219141252337 5.8079547563684164 236.21892417757772
leaf_count=1542 89 25 28 33 7 33 11 38 29 101 26 16 181 1972
internal_value=-0.000139477 -0.0120189 0.0027517 0.0183486 -0.0275394 0.000364271 4.39189e-06 0.000310945 -0.000260705 -0.01886 0.0214126 0.0324156 0.000419003 0.00351409
internal_weight=515.075 20.0234 10.6811 6.9476 9.34229 495.051 487.713 486.18 478.649 15.9325 7.33857 7.53088 462.717 242.027
internal_count=4131 182 86 58 96 3949 3890 3879 3825 130 59 54 3695 2153
is_linear=0
shrinkage=0.05


Tree=300
num_leaves=15
num_cat=0
split_feature=45 13 51 17 23 44 13 43 43 44 1 43 3 7
split_gain=1.22346 3.22686 3.05017 3.76432 2.82259 3.15084 2.24012 2.83146 1.91574 3.93264 3.53963 3.25617 3.04979 4.299
threshold=0.20126582278481017 0.92732112861314386 0.52976612331679673 0.45903010033444819 0.77590554033188119 4.6491658687591562 7.7516245238409329 5.4040949606529454 22.957089683590866 2.7630797624588017 0.26102173328399664 35.292172739541165 0.58477011494252884 0.63039359450340282
decision_type=2 2 2 2 2 2 2 2 2 2 2 2 2 2
left_child=1 2 3 -1 -4 -6 8 -8 -2 10 -10 12 13 -11
right_child=6 -3 4 -5 5 -7 7 -9 9 11 -12 -13 -14 -15
leaf_value=-0.034875476987481439 -0.0011159968122319941 -0.03920796215762614 0.028375871443634633 0.017951446371267516 -0.03747296952234986 0.03691848344450243 -0.016896139077392992 0.048103890736336877 0.02373112157669463 0.0078763205515322617 -0.011211392366431962 0.022419532242662479 0.019777041179529234 -0.055236153976216479
leaf_weight=9.1490022412035632 414.25538149970816 6.121376543364021 9.7994956808397529 4.2956230065319678 3.5135447995271525 1.1612667348235843 1.8631491924170394 4.1793850855901837 33.67888407909777 3.7455992568284291 8.5169683471322042 4.5476674530655137 2.6340609639883033 6.9446960296481848
leaf_count=117 3273 130 82 37 34 5 30 19 232 19 59 35 16 43
internal_value=-0.000140845 -0.00916094 -0.00144498 -0.0179227 0.0140297 -0.0157442 0.000516052 0.0285085 0.000100221 0.00836873 0.0165819 -0.0108737 -0.0230088 -0.034341
internal_weight=514.406 34.0403 27.9189 13.4446 14.4743 4.67481 480.366 6.04253 474.323 60.0679 42.1959 17.872 13.3244 10.6903
internal_count=4131 405 275 154 121 39 3726 49 3677 404 291 113 78 62
is_linear=0
shrinkage=0.05


Tree=301
num_leaves=15
num_cat=0
split_feature=2 24 36 35 33 2 36 43 13 19 19 2 7 51
split_gain=1.21414 2.89226 2.89645 2.51022 2.19961 2.02594 2.32002 1.90133 3.57571 4.74511 5.61538 3.6262 2.52084 3.75772
threshold=0.3807275146245957 2.7811532824555387 8.4151395146099421 2.8262618883277875 0.3030600249767304 0.36943006515502935 12.239667802486141 22.957089683590866 0.93779857773631892 2.4050247097293549 5.3682948726780184 0.16484808176755908 0.73131373524665844 0.42572892040977156
decision_type=2 2 2 2 2 2 2 2 2 2 2 2 2 2
left_child=5 4 3 -3 -2 7 -7 12 9 11 -11 -9 13 -1
right_child=1 2 -4 -5 -6 6 -8 8 -10 10 -12 -13 -14 -15
leaf_value=-0.01013608199990332 0.032563320378413418 0.029943918743203159 -0.046048749675663504 -0.03887652497885688 -0.014879325588599612 0.037854662163593719 -0.01287084111062844 -0.033984445817809093 -0.014411599746788429 -0.056372910495774399 0.022375696081489392 0.02520088113232364 -0.0066552586887050017 0.0042899658453481601
leaf_weight=55.213811693480238 3.9542512129992273 2.6684072907082723 6.7478871271014214 1.0896741034230215 3.9713967613060959 6.1939188349060696 2.6854935931041837 1.9251240827143181 12.789595192531122 3.7924559339880934 3.510395023971796 37.162006050348282 143.42535576439695 228.42754932353273
leaf_count=485 22 18 61 19 72 45 19 14 103 22 16 246 1317 1672
internal_value=-0.0001328 -0.0123931 -0.028522 0.00601234 0.00978706 0.000347662 0.0227633 -0.000107551 0.00821435 0.0146247 -0.0203835 0.0215108 -0.00127723 0.00145604
internal_weight=513.557 18.4316 10.506 3.75808 7.92565 495.126 8.87941 486.246 59.1796 46.39 7.30285 39.0871 427.067 283.641
internal_count=4131 192 98 37 94 3939 64 3875 401 298 38 260 3474 2157
is_linear=0
shrinkage=0.05


Tree=302
num_leaves=15
num_cat=0
split_feature=22 23 23 55 5 42 27 43 22 7 30 7 24 5
split_gain=1.22273 2.75308 4.25184 3.72286 4.73348 3.83817 3.63915 2.94345 2.12685 3.31645 2.47931 2.10061 2.18493 2.08049
threshold=0.066551861429267875 0.86245140496720674 1.3458957356589465 0.23782073706388476 0.20311992615461352 2.0259279012680058 0.34715334242524215 10.971038542921731 0.099993668669626473 0.73727816343307506 99.500000000000014 0.53336501121521007 4.4412973337562924 0.9639575481414796
decision_type=2 2 2 2 2 2 2 2 2 2 2 2 2 2
left_child=1 3 -3 7 5 -5 -6 -1 9 11 -11 -2 -13 -10
right_child=8 2 -4 4 6 -7 -8 -9 13 10 -12 12 -14 -15
leaf_value=-0.025584588517903052 -0.01945588509483747 0.026257228815391359 -0.036110749671831269 0.03821145099643157 -0.052006465022510634 -0.031011223379185104 -0.0073557053103337506 0.039166432389412677 -0.006252936318301908 -0.053589263259573167 0.0056011048702404439 0.035924716369352912 -0.0095641016455619392 0.001727522638050533
leaf_weight=1.857256718911233 1.8309743120335102 9.893049846403299 2.7016235236078492 4.0833062202436876 11.763167717261242 2.3768136836588383 7.6867255795514202 4.033128447830677 106.88083227945026 1.7236527325585473 4.5862942370586097 15.485358594916763 2.7068750550970426 335.11390835203929
leaf_count=14 21 69 19 58 141 42 67 23 1057 18 39 94 24 2445
internal_value=-0.00013365 -0.00796919 0.0112068 -0.015674 -0.023714 0.012 -0.0355828 0.0180001 0.000624517 0.0141598 -0.0156867 0.0238641 0.0290106 -0.000212029
internal_weight=512.723 44.3951 12.5947 31.8004 25.91 6.46012 19.4499 5.89039 468.328 26.3332 6.30995 20.0232 18.1922 441.995
internal_count=4131 433 88 345 308 100 208 37 3698 196 57 139 118 3502
is_linear=0
shrinkage=0.05


Tree=303
num_leaves=15
num_cat=0
split_feature=23 53 49 23 5 34 42 50 23 1 49 2 33 45
split_gain=1.20316 5.59821 5.96144 5.34192 5.29584 4.60898 3.54247 3.47655 3.70666 4.16053 3.62699 3.43339 5.42216 3.48226
threshold=0.45678012871599583 0.95916666666666683 0.92985169770379217 0.5396789485152732 2.5561382770538335 2.3831564165027435 2.386142492294312 0.59429526103243957 0.43153279377742021 0.1436116695404053 5.2360168658946558 0.19132671505212787 0.4210957288742066 0.38035823637477045
decision_type=2 2 2 2 2 2 2 2 2 2 2 2 2 2
left_child=1 7 -3 4 -2 -4 -6 10 -9 -10 -1 12 -5 -13
right_child=3 2 5 11 6 -7 -8 8 9 -11 -12 13 -14 -15
leaf_value=-0.051875380292896123 0.024147133275296759 0.01200684512508278 0.0059499495447819786 -0.04919305255563599 -0.04047554497027922 -0.059575767282772377 0.030817571886591229 0.0042119582563747392 -0.077562329751332551 -0.0073812485047320235 0.0056821264753585572 -0.0083678936646493004 0.0020339865152404794 0.0041268079313772034
leaf_weight=5.3504709255648759 39.521427683881484 6.1579048954299678 3.2647495390847316 8.1918052919209021 5.0872233253903678 10.658919414971022 1.6037002950906751 133.09373079333454 1.8659226871095587 9.0135203488171083 4.4952329413499683 76.92492041317746 11.619846963672897 195.10346883849707
leaf_count=82 276 85 63 52 36 110 8 1328 15 71 41 619 87 1258
internal_value=-0.000136152 -0.00350417 -0.0276673 0.00160165 0.0172059 -0.0448425 -0.0216026 -0.000191264 0.00185274 -0.0249338 -0.0274955 -0.000919582 -0.0204935 0.000575815
internal_weight=511.953 173.9 20.0816 338.052 46.2124 13.9237 6.69092 153.819 143.973 10.8794 9.8457 291.84 19.8117 272.028
internal_count=4131 1795 258 2336 320 173 44 1537 1414 86 123 2016 139 1877
is_linear=0
shrinkage=0.05


Tree=304
num_leaves=15
num_cat=0
split_feature=55 50 4 1 43 8 33 2 33 2 45 13 40 2
split_gain=1.21314 3.26187 3.97643 5.01674 3.27858 3.69051 3.09929 2.95274 2.8838 2.81064 3.03484 4.09417 3.79292 3.92077
threshold=2.4223345518112187 23.301036382321396 3.6105476617813115 0.13183683156967166 11.168938283228565 0.31823097169399267 0.63209235668182384 0.32837404310703283 0.24061333388090136 0.13327449560165408 0.65345368916797497 0.2123119606896974 3.364727514276542 0.27053447067737585
decision_type=2 2 2 2 2 2 2 2 2 2 2 2 2 2
left_child=1 2 9 -4 7 8 -3 -5 -6 -1 -11 12 13 -12
right_child=-2 6 3 4 5 -7 -8 -9 -10 10 11 -13 -14 -15
leaf_value=-0.042841704842681079 -0.0052156933516563078 0.023196556032173812 0.032521162623029586 -0.02546930208389513 0.02632945084380859 -0.063655813453590629 -0.026406080292224389 0.030725496599165972 -0.03167275937749954 -0.00053144730508829739 -0.022056822886916034 0.029972517478949426 0.028739364655967076 0.01041096775850139
leaf_weight=2.5895685993600628 95.047198262240272 24.476239955751229 3.2507742233574417 4.1354655995965031 2.3148801960051042 7.2269154894165695 2.7494084949139497 3.2907050852663815 5.4594030966982245 295.87029392912518 16.497530961176381 19.371912558330223 9.9001038814894837 18.944191629067063
leaf_count=47 1199 153 29 49 13 50 46 28 37 2026 150 104 73 127
internal_value=-0.000149801 0.00101716 -0.000173702 -0.0188065 -0.0273168 -0.0400594 0.0174293 0.000123107 -0.0133695 0.00119175 0.00162559 0.0113455 0.00291228 -0.00489279
internal_weight=511.125 416.077 388.852 25.6781 22.4274 15.0012 27.2256 7.42617 7.77428 363.174 360.584 64.7137 45.3418 35.4417
internal_count=4131 2932 2733 206 177 100 199 77 50 2527 2480 454 350 277
is_linear=0
shrinkage=0.05


Tree=305
num_leaves=15
num_cat=0
split_feature=17 13 32 42 24 6 51 33 32 30 52 12 13 51
split_gain=1.1985 1.96427 2.26104 1.88589 1.48855 1.51832 3.41381 4.82764 6.23441 5.28907 3.90385 3.50766 3.30356 3.98689
threshold=0.68683574879227061 0.28704237306571567 0.3197222222222223 2.1236683130264287 8.9322028970089757 0.74878883361816417 0.29679679679679688 0.28406861424446112 0.37057844361215153 108.50000000000001 3.5000000000000004 4.2414815425872812 1.0649226082141463 0.47856705450091858
decision_type=2 2 2 2 2 2 2 2 2 2 2 2 2 2
left_child=4 -2 3 -3 5 -1 -7 12 9 -9 -10 -12 -8 -14
right_child=1 2 -4 -5 -6 6 7 8 10 -11 11 -13 13 -15
leaf_value=-0.0014367828123146588 0.018430566516562177 0.020413284054590548 -0.045062886163911103 -0.035935347773740495 -0.034707467723410768 0.039914168776533997 0.014304372813110092 0.024663526753172592 0.0013265426529791278 -0.01486617600777683 -0.036779111812598131 0.021841851049036794 0.010312431214516112 -0.063704299879354706
leaf_weight=337.15441432635998 2.6432100385427466 3.3202094186563027 5.0538472526241094 1.2634321688092311 2.0270483457716173 5.525679594022221 74.08154706703499 20.655293713207357 14.362961215432732 13.037445520982144 22.981523630442101 2.1978460699319831 3.7393319811671963 2.1640178486704826
leaf_count=2711 12 49 69 17 29 37 456 216 98 187 184 26 24 16
internal_value=-0.000145394 -0.0149695 -0.0250013 0.00122723 0.000249492 0.000461943 0.00447833 0.00294986 -0.00628247 0.00937985 -0.01953 -0.0310234 0.0113763 -0.0221179
internal_weight=510.208 12.2807 9.63749 4.58364 497.927 495.9 158.746 153.22 73.2351 33.6927 39.5423 25.1794 79.9849 5.90335
internal_count=4131 147 135 66 3984 3955 1244 1207 711 403 308 210 496 40
is_linear=0
shrinkage=0.05


Tree=306
num_leaves=15
num_cat=0
split_feature=3 12 55 43 36 55 31 36 33 21 12 53 21 28
split_gain=1.21443 3.74097 4.73039 4.41542 5.21577 3.12333 3.8647 4.03921 4.03067 4.00971 3.60167 3.68635 3.20706 3.1271
threshold=0.22767145135566189 1.5367227196693423 0.39818713068962103 7.3554255934332042 14.48857509836439 0.29326054453849798 0.16575091575091577 16.596864749970099 0.17756906151771548 0.29061583577712619 1.8364367485046389 0.40370370370370373 0.1731634182908546 1.1646341463414636
decision_type=2 2 2 2 2 2 2 2 2 2 2 2 2 2
left_child=5 2 3 -2 -5 10 8 -8 9 -7 11 -1 -12 -10
right_child=1 -3 -4 4 -6 6 7 -9 13 -11 12 -13 -14 -15
leaf_value=-0.01518078776695388 0.027055914596411448 0.0051057112495459175 -0.036212305859837854 -0.027270283173319566 0.010422493841332191 0.0073119720563071394 -0.0074627183388315524 -0.03506465320479047 0.010978055330091463 -0.062739056980350469 0.025751163084254181 0.02491707586761676 -0.043126944931301758 -0.015066851955097127
leaf_weight=6.5430377810262135 9.4750667288899404 216.73141335439868 11.678118227748199 18.667947111651301 16.441293403506279 3.4391230549663296 100.3093746942468 14.466420220211146 62.960730902908836 3.4371964070014656 1.6863932353444386 26.075956259854138 4.337033761665225 13.145142691268118
leaf_count=65 48 1365 102 105 90 20 1114 173 634 19 8 127 26 235
internal_value=-0.000146333 0.002122 -0.00926018 -0.00156098 -0.00981933 -0.00276369 -0.00530924 -0.0112145 0.00289484 -0.0312236 0.0100688 0.0166615 -0.0229222 0.00634247
internal_weight=509.394 272.994 56.2624 44.5843 35.1092 236.4 197.758 114.776 82.9822 6.87632 38.6424 32.619 6.02343 76.1059
internal_count=4131 1710 345 243 195 2421 2195 1287 908 39 226 192 34 869
is_linear=0
shrinkage=0.05


Tree=307
num_leaves=15
num_cat=0
split_feature=44 53 36 25 33 28 43 8 49 45 28 45 42 8
split_gain=1.25998 4.27807 4.58931 4.85627 4.70142 4.33337 3.70714 5.19442 3.88376 3.48481 3.47264 3.25594 3.17083 3.57607
threshold=1.4955547451972964 0.51668520578420474 15.421854846035064 2.1357053518295293 0.16187972575426104 1.1107550849818895 7.1255503626037404 0.31800110638141638 1.1704609138536608 0.8978432282003711 1.2634623055444758 0.49424983476536688 0.56682702898979198 0.36332418024539953
decision_type=2 2 2 2 2 2 2 2 2 2 2 2 2 2
left_child=1 9 5 -4 -5 -3 7 8 -7 12 -8 -6 13 -1
right_child=-2 2 3 4 11 6 10 -9 -10 -11 -12 -13 -14 -15
leaf_value=-0.018379342229944209 0.0019361235294025206 -0.0043850884868843545 0.030969629190184318 0.028564478785185306 -0.043631777641537792 0.034342271869050561 -0.044045936679530009 -0.036201337556226364 -0.025016546582451945 -0.036216519262108345 0.003266862253047564 -0.0012463254938756118 0.016170699686788245 0.036695125299396593
leaf_weight=14.601569163380193 298.03346789791249 59.360969236760866 12.568081960198468 6.1152170151472118 6.9100678688846555 7.2835369658423605 22.498560563661162 7.5022690042387685 3.2695835593622178 3.4233045915607354 4.4865845582680768 10.748702891520223 48.729412852204405 2.6670040241442612
leaf_count=158 1936 643 96 32 96 76 262 135 45 110 45 79 393 25
internal_value=-0.000152196 -0.00310877 -0.00810083 0.00706088 -0.00631834 -0.0133955 -0.0249176 -0.00682895 0.0153781 0.00698336 -0.036344 -0.0192817 0.00973125 -0.00833045
internal_weight=508.198 210.165 140.744 36.3421 23.774 104.402 45.0405 18.0554 10.5531 69.4213 26.9851 17.6588 65.998 17.2686
internal_count=4131 2195 1509 303 207 1206 563 256 121 686 307 175 576 183
is_linear=0
shrinkage=0.05


Tree=308
num_leaves=15
num_cat=0
split_feature=35 7 5 49 28 5 44 45 45 44 13 28 14 23
split_gain=1.2207 2.59406 3.00704 4.32913 3.63994 3.04106 3.89282 2.68328 2.36029 5.20228 4.51503 5.96555 5.72269 5.05425
threshold=2.4494511989963739 0.79560810327529918 2.4318803548812871 2.2824758717140488 1.1476034858387802 1.7235183119773867 0.95005083084106456 0.53640862495581498 0.38035823637477045 1.0964261889457705 0.20406178035963365 1.0848739495798321 0.082580051741198354 0.57216730773290425
decision_type=2 2 2 2 2 2 2 2 2 2 2 2 2 2
left_child=8 2 5 4 -4 -2 -7 -5 9 -1 11 13 -12 -10
right_child=1 -3 3 7 -6 6 -8 -9 10 -11 12 -13 -14 -15
leaf_value=-0.032001670710464412 -0.0030062550937475043 -0.023972327118455809 -0.054082784390739803 0.035123064601488355 0.0077982644391813407 -0.027547875828910967 0.027823183961044492 -0.026672373231261117 0.0022142662727512772 -0.00062066146883390572 0.02926244488867118 0.0049026363926878347 0.0044722815256136193 -0.037871607859038002
leaf_weight=14.157508437172508 72.607278375595342 13.9890862070024 7.912109733559193 3.7144051208160809 2.9279750362038612 3.0136341002071303 16.99142148392275 1.9039287846535442 12.660872697248125 102.95545797632076 26.409672155743465 50.096081539290026 158.37824248033576 19.30647722480353
leaf_count=323 660 155 71 25 27 39 95 16 158 773 157 427 1061 144
internal_value=-0.000151248 -0.00446417 -0.00176706 -0.0208055 -0.0381214 0.00180243 0.0185675 0.013316 0.00123904 -0.00465306 0.00383263 -0.00587845 0.0081537 -0.0224098
internal_weight=507.024 123.06 109.071 16.4584 10.8401 92.6123 20.0051 5.61833 383.964 117.113 266.851 82.0634 184.788 31.9673
internal_count=4131 1088 933 139 98 794 134 41 3043 1096 1947 729 1218 302
is_linear=0
shrinkage=0.05


Tree=309
num_leaves=15
num_cat=0
split_feature=20 39 32 44 1 38 8 39 27 32 30 5 44 51
split_gain=1.16894 1.2885 3.44644 3.40929 3.88709 3.01297 2.27289 2.47025 2.03768 1.98438 2.7404 2.60587 3.67837 2.86515
threshold=60.734104609605275 0.3807808676307009 0.66862745098039222 2.4252547025680546 0.22113645076751712 8.5363850431639801 0.31004194915294653 0.2568266082961741 0.44145363376944535 0.73765182186234834 93.500000000000014 0.40352821350097662 1.0197789669036867 0.58287545787545803
decision_type=2 2 2 2 2 2 2 2 2 2 2 2 2 2
left_child=1 2 3 4 5 6 -1 -8 -5 -3 -11 12 -12 -13
right_child=-2 9 -4 8 -6 -7 7 -9 -10 10 11 13 -14 -15
leaf_value=-0.019683325531822584 0.033743996716369143 0.0018600866677387564 0.024977233400294119 -0.060644502671761372 -0.043271120480243341 -0.043412535448220241 0.044194787204237557 -0.00082731952815949051 0.00072061646203929819 0.011157894298808891 -0.028211330882126347 -0.024656205112213989 0.022893418512451191 -0.00084293882913932154
leaf_weight=3.0744159089517913 1.5307843317277718 387.88514016859699 4.9877016269601873 4.6839984506368628 4.3181675063678986 1.6927838195115317 5.8110127501422522 5.4472690273541957 1.7447712272405622 16.686401606537402 4.1407189739402375 33.746317093260586 10.378696484491227 19.960335657000542
leaf_count=32 10 3341 29 29 42 14 42 50 14 109 45 206 52 116
internal_value=-0.000152876 -0.000322259 -0.00991185 -0.017077 -0.00616316 0.00579007 0.0140536 0.0241206 -0.0461349 0.000341482 -0.0065365 -0.0109628 0.00744041 -0.0159831
internal_weight=506.089 504.558 31.7601 26.7724 20.3436 16.0255 14.3327 11.2583 6.42877 472.798 84.9125 68.2261 14.5194 53.7067
internal_count=4131 4121 252 223 180 138 124 92 43 3869 528 419 97 322
is_linear=0
shrinkage=0.05


Tree=310
num_leaves=15
num_cat=0
split_feature=3 3 51 42 43 39 53 12 6 39 24 12 35 3
split_gain=1.18167 3.55433 3.60991 4.02753 3.77102 3.51443 3.02024 4.71134 3.72253 3.08526 3.68222 4.70847 3.38003 3.03219
threshold=0.27346041055718479 0.31180555555555561 0.40405073649754503 2.1797426939010625 5.5723819821568794 9.3544535088374463 0.83045977011494265 1.0917342901229861 0.50168853998184215 6.2312936265458223 2.8044833134646212 0.42942979931831365 2.3845574607393769 0.17752100840336138
decision_type=2 2 2 2 2 2 2 2 2 2 2 2 2 2
left_child=6 -2 3 4 -3 -6 9 8 -8 12 11 -11 -1 -14
right_child=1 2 -4 -5 5 -7 7 -9 -10 10 -12 -13 13 -15
leaf_value=0.0079581560567265983 0.020660171984677341 0.016853311671939208 0.002605496956641631 0.038702785427487577 -0.040983749358234144 0.026795681986289056 -0.026559918037696542 -0.015389300939623735 0.039390610443864257 0.030879609187958526 0.012954032037484603 -0.04033894917449081 -0.00087505155618021089 -0.030032029327283008
leaf_weight=116.107694347098 22.93542174086906 3.8666875296039569 195.66842042049393 1.9383246209472407 15.935946124373006 1.4664682243019331 2.1794454576447588 66.843101337261032 6.5818640207871795 2.0147222056984928 6.8036451452644533 13.050271397805771 39.717256087053102 10.522286775056271
leaf_count=1015 149 34 1200 11 112 6 16 808 33 9 57 159 449 73
internal_value=-0.00015294 0.0023667 0.000364534 -0.0178568 -0.0245177 -0.0341264 -0.0024626 -0.0108329 0.0219446 0.000939154 -0.0162927 -0.0294852 0.00328834 -0.00744869
internal_weight=505.632 241.811 218.876 23.2074 21.2691 17.4024 263.82 75.6044 8.76131 188.216 21.8686 15.065 166.347 50.2395
internal_count=4131 1512 1363 163 152 118 2619 857 49 1762 225 168 1537 522
is_linear=0
shrinkage=0.05


Tree=311
num_leaves=15
num_cat=0
split_feature=33 32 13 44 29 44 8 9 1 7 51 6 31 44
split_gain=1.17332 5.43347 5.12689 4.10266 5.44937 3.84766 4.03883 3.63998 4.29801 3.99786 6.17682 4.2022 4.1443 3.64912
threshold=0.214654415845871 0.36056042699199392 0.18470712532657999 2.2768461704254155 146.50000000000003 2.7871760129928593 0.34426011145114904 0.40824915824915831 0.11742765456438066 0.60572034120559703 0.57795138888888897 0.62399715185165416 0.2243138634764251 1.801500737667084
decision_type=2 2 2 2 2 2 2 2 2 2 2 2 2 2
left_child=1 -1 3 -3 -5 -4 -7 -2 -9 -10 11 -11 -13 -14
right_child=7 2 5 4 -6 6 -8 8 9 10 -12 12 13 -15
leaf_value=-0.017925374971999405 0.0011433666440263059 0.003914987056725207 0.020127719609974504 -0.052684952844696646 0.021927006942965854 0.0072154504441919558 -0.043395825242153539 0.020136666450623855 0.010064073238612905 -0.028068456421217643 -0.048606235505810474 0.01635085749552086 -0.047047332108723715 0.0047735291513339041
leaf_weight=23.229466247837991 277.29221975425025 21.300943944603208 66.062510899733752 7.7695668786764127 2.7501940876245499 16.530486559029672 4.0972452368587247 9.233070414979009 13.063681680243461 20.234364895615727 13.423198747565037 17.411737991729755 5.5133942681131867 6.7544606984592974
leaf_count=176 2559 127 390 42 15 92 25 69 75 179 138 118 71 55
internal_value=-0.000141122 0.00370111 0.00805467 -0.00891162 -0.0329689 0.014313 -0.00437904 -0.00164775 -0.0105946 -0.0145206 -0.019669 -0.0110852 0.00103085 -0.0203063
internal_weight=504.667 141.74 118.511 31.8207 10.5198 86.6902 20.6277 362.926 85.6339 76.4008 63.3372 49.914 29.6796 12.2679
internal_count=4131 867 691 184 57 507 117 3264 705 636 561 423 244 126
is_linear=0
shrinkage=0.05


Tree=312
num_leaves=15
num_cat=0
split_feature=43 8 17 14 3 21 5 28 23 42 13 12 5 7
split_gain=1.21675 3.02578 3.37203 4.19431 3.34189 3.36807 3.18941 5.26624 3.82832 3.04169 3.27444 2.94135 2.40736 2.41029
threshold=17.877906638001743 0.30521795153617864 0.26520146520146526 0.52298606982797269 0.61651583710407254 0.24509048902579902 1.5873269438743594 1.0397442203639942 0.99374370344817153 2.8041423559188847 1.1638819589938174 1.497268080711365 3.4274843931198125 0.79074093699455272
decision_type=2 2 2 2 2 2 2 2 2 2 2 2 2 2
left_child=12 2 -2 -4 5 -3 -7 8 -8 10 -9 -6 13 -1
right_child=1 4 3 -5 11 6 7 9 -10 -11 -12 -13 -14 -15
leaf_value=0.00039398093363114586 -0.033169534678235149 0.016452250503733414 0.018528343805726353 -0.02932607968520767 -0.013139776276735085 -0.017389387621253045 -0.032351880494698816 0.029409155334773174 0.033222714088225407 -0.032242846609626646 -0.032593981928501485 0.043840768853258424 -0.024199015685367319 -0.01377275946686919
leaf_weight=326.96817998785991 9.4634719155728835 35.404411647934467 12.400863565271722 5.960365609265863 2.4078032709658137 22.230221508303657 10.047483469068537 21.640211038757123 1.924936644732951 1.790421669371425 1.5290133450180281 9.2257145196199399 10.449916562531142 32.054505364387296
leaf_count=2698 64 249 92 37 18 156 74 138 12 11 24 69 123 366
internal_value=-0.0001473 0.00391634 -0.0105081 0.00228165 0.00775834 0.00448033 -0.00283839 0.00614771 -0.0200604 0.0190075 0.0241381 0.0319409 -0.00162796 -0.000905606
internal_weight=503.498 134.025 27.8247 18.3612 106.2 94.5667 59.1623 36.9321 11.9724 24.9596 23.1692 11.6335 369.473 359.023
internal_count=4131 944 193 129 751 664 415 259 86 173 162 87 3187 3064
is_linear=0
shrinkage=0.05


Tree=313
num_leaves=15
num_cat=0
split_feature=27 52 24 35 36 2 7 6 40 36 33 2 4 2
split_gain=1.17938 3.37834 4.10781 3.8867 3.41415 3.50024 5.48927 5.81722 4.04382 3.84898 3.6357 3.02702 2.96712 2.78651
threshold=0.48535735956290088 2.5000000000000004 1.6306654686916473 2.1809002454758395 21.452498269640646 0.34827311336994177 0.73727816343307506 0.74423232674598705 1.4551719183126133 11.497800342679708 0.214654415845871 0.23443643003702166 0.85510089993476879 0.22088453173637393
decision_type=2 2 2 2 2 2 2 2 2 2 2 2 2 2
left_child=-1 2 -2 -4 5 6 8 11 10 12 -3 -8 -9 -10
right_child=1 4 3 -5 -6 -7 7 9 13 -11 -12 -13 -14 -15
leaf_value=-0.0018259708920232483 -0.031508353700797791 0.023535162295798689 0.034359548832996183 -0.01585566833095799 -0.036301080115134825 0.025463970849885904 0.011933280105668714 -0.023170497213325619 -0.0078805372474121168 -0.022025167233711163 -0.017670231254268712 -0.043028966514466582 0.033062344999495161 0.020496530748014868
leaf_weight=339.42728486959822 2.7177767256507677 6.0040945485234287 20.420054240617905 4.0791209975723168 5.1655168193392447 12.936390916875096 2.4889070312492576 2.2735387595603269 10.325872944667934 8.057239582994951 22.468772507272661 16.254022539709695 9.1182012910139729 40.892888210713863
leaf_count=2675 40 36 155 38 49 124 30 38 73 74 241 184 83 291
internal_value=-0.000147499 0.00333324 0.0190775 0.0257048 6.58156e-05 0.00176628 -0.00102659 -0.0163706 0.00643869 0.00289475 -0.0084775 -0.0354957 0.0208754 0.0147343
internal_weight=502.63 163.202 27.217 24.4992 135.985 130.82 117.884 38.1919 79.6916 19.449 28.4729 18.7429 11.3917 51.2188
internal_count=4131 1456 233 193 1223 1174 1050 409 641 195 277 214 121 364
is_linear=0
shrinkage=0.05


Tree=314
num_leaves=15
num_cat=0
split_feature=44 4 4 25 53 36 1 28 49 38 53 32 42 31
split_gain=1.15909 4.10035 4.95756 4.71365 4.25157 4.45304 3.31374 3.2476 4.29111 3.05014 3.13685 3.89956 3.68882 3.36363
threshold=1.4955547451972964 1.9368294477462771 1.791958272457123 1.8764663338661196 0.60357142857142865 15.421854846035064 0.17277812212705615 1.188746438746439 4.3796265664960421 7.7905592401539341 0.52277432712215333 0.5929064657878218 0.6275041699409486 0.068337484433374854
decision_type=2 2 2 2 2 2 2 2 2 2 2 2 2 2
left_child=1 2 4 9 7 -6 -4 -1 -9 10 12 -12 -3 -14
right_child=-2 3 6 -5 5 -7 -8 8 -10 -11 11 -13 13 -15
leaf_value=0.01416119202607624 0.001867350445117542 -0.042415071150576189 -0.019927204114312123 -0.033906269602130328 -0.016858049785457178 0.0099090538892169112 0.046420673618476904 -0.03627529652334776 0.030269358309370189 0.025436986184109795 -0.028507026155439059 0.029415433018661331 -0.018743053432338754 0.029793184035050647
leaf_weight=49.333065967657603 294.65993115189485 2.2996524311602142 1.7552142047788937 18.523304693284445 51.1088616886409 21.363680138485506 8.255043843528254 6.8177817998221126 2.6312676966190338 6.2800340889953068 20.846749277494386 2.5255236010998479 4.3090642007300621 10.868491002125664
leaf_count=406 1936 38 30 202 615 179 58 107 17 44 316 16 93 74
internal_value=-0.00014456 -0.00300481 0.00180628 -0.0132286 -0.000890334 -0.00894009 0.0340339 0.00901775 -0.0166212 -0.00456605 -0.0096762 -0.021298 0.00617718 0.0157065
internal_weight=501.578 206.918 141.265 65.6528 131.255 72.4725 10.0103 58.7821 9.44905 47.1295 40.8495 23.3723 17.4772 15.1776
internal_count=4131 2195 1412 783 1324 794 88 530 124 581 537 332 205 167
is_linear=0
shrinkage=0.05


Tree=315
num_leaves=15
num_cat=0
split_feature=55 50 33 49 36 6 44 45 2 6 50 33 23 2
split_gain=1.14046 2.97474 2.82472 2.62415 3.16586 3.18663 3.46883 2.84981 4.39521 2.84189 2.64678 3.40327 4.36587 3.05762
threshold=2.4223345518112187 23.301036382321396 0.63209235668182384 0.14447966475845067 21.79910601667568 0.50813037157058727 1.423404395580292 0.79873417721519002 0.32536923885345465 0.74608734250068676 23.301036382321396 0.44400407373905187 0.86245140496720674 0.27443912625312811
decision_type=2 2 2 2 2 2 2 2 2 2 2 2 2 2
left_child=1 -1 -3 -2 5 10 -7 8 9 -8 13 12 -12 -5
right_child=3 2 -4 4 -6 6 7 -9 -10 -11 11 -13 -14 -15
leaf_value=-0.00014124416092308671 -0.029495156530314249 0.0224578062332834 -0.025393293088448607 0.026844853328890046 -0.042022327237029221 -0.030393771946520615 -0.045042140957718912 0.041362539566355355 0.020917008604878728 0.0027315047741109312 -0.061145449164607048 0.019984190468186697 0.016600711256490576 -0.0028925190323960803
leaf_weight=380.7612118255347 8.8731599061866273 23.848023509141061 2.6785402803216121 21.10851131263189 3.7185513654258093 13.081030994071623 6.3343000273453125 2.7384147197008124 7.986776767182163 5.2203181970398873 3.8893468482419831 4.0840205448912457 2.3072084337472916 13.900055757781955
leaf_count=2733 128 153 46 208 54 345 63 16 59 63 29 38 15 181
internal_value=-0.000138742 0.00100591 0.016879 -0.0050963 -0.00221479 0.000112813 -0.0109659 0.00125624 -0.00610403 -0.0249599 0.0088129 -0.0126287 -0.0339133 0.0152853
internal_weight=500.529 407.288 26.5266 93.2417 84.3685 80.65 35.3608 22.2798 19.5414 11.5546 45.2891 10.2806 6.19656 35.0086
internal_count=4131 2932 199 1199 1071 1017 546 201 185 126 471 82 44 389
is_linear=0
shrinkage=0.05


Tree=316
num_leaves=15
num_cat=0
split_feature=43 44 32 43 29 50 52 20 28 25 23 50 9 1
split_gain=1.16156 3.95113 3.33553 2.81693 5.18096 3.24396 3.93533 2.93489 2.90782 2.44212 2.80085 2.32919 2.05247 5.11644
threshold=1.7167693838938727 0.19327680021524432 0.2215762273901809 4.2174360451679096 110.50000000000001 1.0412683430201055 28.500000000000004 0.002494255225905941 1.0315270935960592 2.4862567186355595 0.58598308032938562 0.86602133371517309 0.40824915824915831 0.12515199184417727
decision_type=2 2 2 2 2 2 2 2 2 2 2 2 2 2
left_child=1 -1 -3 4 7 9 8 -2 -7 10 -6 -4 -5 -14
right_child=3 2 11 12 5 6 -8 -9 -10 -11 -12 -13 13 -15
leaf_value=-0.030198395395284901 -0.010107613307357502 -0.02823373702098116 -0.017435268301758886 0.002466870406581648 -0.028953173608188987 0.011059298994500861 0.0085209895427158077 0.036347651706532424 -0.054001126716838849 -0.038526693943153618 0.047774785575236921 0.037184644847739687 0.021134357201536058 -0.009356133636748894
leaf_weight=3.7031879916321513 6.5083131294231844 2.0827077811700319 1.6696719415485848 328.36139211058617 0.94081923097838016 1.6007158765569354 3.6581371559295794 5.4305487656965852 13.529503329889847 1.0863019600510595 2.8361254525370896 12.881572925602084 14.956836676457895 100.45457556750625
leaf_count=81 96 36 14 2517 56 11 36 35 305 6 16 73 111 738
internal_value=-0.000140874 0.0112747 0.0216967 -0.000647647 -0.0139821 -0.0271567 -0.0361908 0.0121992 -0.0468591 0.00796468 0.0266022 0.0301992 0.000450807 -0.00525709
internal_weight=499.7 20.3371 16.634 479.363 35.5905 23.6516 18.7884 11.9389 15.1302 4.86325 3.77694 14.5512 443.773 115.411
internal_count=4131 204 123 3927 561 430 352 131 316 78 72 87 3366 849
is_linear=0
shrinkage=0.05


Tree=317
num_leaves=15
num_cat=0
split_feature=32 29 22 27 27 27 26 1 28 6 35 1 52 8
split_gain=1.17473 2.22499 3.90932 3.42822 2.99449 3.74668 2.50779 2.20698 4.92014 3.39494 2.80963 2.82676 2.48794 2.77339
threshold=0.74106002554278427 146.50000000000003 1.0324920993550453 0.4043095527836939 0.52279542348464292 0.65535229943625539 5.1220514774322519 0.16779881715774539 1.1490218996062993 0.41844251751899725 1.9710579378566233 0.15162779390811923 5.5000000000000009 0.41461262106895452
decision_type=2 2 2 2 2 2 2 2 2 2 2 2 2 2
left_child=-1 2 7 6 -4 -6 -3 9 -9 10 11 -2 13 -11
right_child=1 3 4 -5 5 -7 -8 8 -10 12 -12 -13 -14 -15
leaf_value=0.00096276663385862519 -0.053870760834705468 -0.070666493580359091 -0.047861339543522667 -3.138888770857757e-05 0.025423957453536834 -0.033587527384232416 -0.0042361096852508414 -0.028942828934807305 0.021922116878441932 0.031493284749149142 0.018659959390630056 0.014113401259616409 -0.0064897468427885302 -0.026366758550065879
leaf_weight=413.85265692556277 3.9324591169133765 3.53708527702838 6.1336322450079015 7.4238571389578283 4.5101315448991937 4.2691155704669654 2.2641940228641033 11.402708565816285 6.8023544009774914 21.194680290296681 3.2282343134284019 1.7110094949603079 6.9968681265600017 1.5341997183859337
leaf_count=3596 24 22 39 48 30 30 12 76 44 127 20 10 42 11
internal_value=-0.00013972 -0.00546003 -0.00185003 -0.0235296 -0.023774 -0.00377199 -0.0491742 0.00421758 -0.0097852 0.0109025 -0.0150486 -0.0342372 0.0188854 0.0266412
internal_weight=498.793 84.9405 71.7154 13.2251 14.9129 8.77925 5.80128 56.8025 18.2051 38.5975 8.8717 5.64347 29.7257 22.7289
internal_count=4131 535 453 82 99 60 34 354 120 234 54 34 180 138
is_linear=0
shrinkage=0.05


Tree=318
num_leaves=15
num_cat=0
split_feature=17 13 32 44 50 31 19 6 42 31 26 26 49 50
split_gain=1.14136 1.74829 2.03341 1.79097 1.43855 4.55929 2.10915 2.08513 1.7744 1.75809 1.75667 1.64028 1.60381 4.70056
threshold=0.68683574879227061 0.28704237306571567 0.3197222222222223 1.4719817638397219 31.484269891316416 0.12974987974987975 27.140520402844341 0.56722930073738109 1.4582036733627322 0.078023538961038974 4.5803048610687265 1.4439453482627871 1.5860279392001819 20.486967827348025
decision_type=2 2 2 2 2 2 2 2 2 2 2 2 2 2
left_child=4 -2 3 -3 6 7 12 8 10 -9 -6 -7 -1 -14
right_child=1 2 -4 -5 5 11 -8 9 -10 -11 -12 -13 13 -15
leaf_value=-0.0038622504406843707 0.017111886561988306 -0.033911520546202396 -0.044084592008218335 0.020850184596552704 -0.039347932373502509 -0.013453178946962761 0.029511018984936278 0.0031773910515101086 0.023631236533345611 -0.044942551778654458 0.023387118096141843 0.032707389483512019 0.0029451758524368442 -0.058113597210338201
leaf_weight=224.19998910679715 2.5473308861255637 1.3648689163965153 4.7881026116665453 3.0512618809007108 2.1111617272254102 1.6368177873082483 4.7841337684076271 2.8081461584661147 5.2461814499692991 4.1526883379556239 0.92835987359285344 15.045985303353516 223.3998377280077 2.1981661869212976
leaf_count=2000 12 42 69 24 28 28 33 33 49 29 5 93 1669 17
internal_value=-0.000148368 -0.0149151 -0.0245871 0.000788987 0.000238182 0.01033 -0.000491773 -0.00918282 0.00756927 -0.0275693 -0.0191406 0.0276737 -0.000875644 0.0020964
internal_weight=498.263 11.7516 9.20423 4.41613 486.511 31.9293 454.582 15.2465 8.2857 6.96083 3.03952 16.6828 449.798 225.598
internal_count=4131 147 135 66 3984 265 3719 144 82 62 33 121 3686 1686
is_linear=0
shrinkage=0.05


Tree=319
num_leaves=15
num_cat=0
split_feature=20 39 55 39 7 45 4 24 2 32 8 37 1 52
split_gain=1.117 1.2799 3.29143 4.36497 3.0907 2.19078 3.01246 3.12675 2.07381 1.88789 2.39242 3.51293 2.41319 3.0937
threshold=60.734104609605275 0.3807808676307009 0.46558278799057012 0.34114539843608388 0.53336501121521007 0.52206359506813771 1.2513878941535952 3.1538361291196044 0.33253502845764166 0.73765182186234834 0.3027916699647904 1.6898738277494092 0.17837042361497882 5.5000000000000009
decision_type=2 2 2 2 2 2 2 2 2 2 2 2 2 2
left_child=1 2 3 -1 -4 8 -7 -8 -6 -3 11 -11 13 -12
right_child=-2 9 4 -5 5 6 7 -9 -10 10 12 -13 -14 -15
leaf_value=0.024879675683586986 0.033218183496104677 0.0018399525867740644 0.028869902135910966 -0.048510012352141363 -0.053355251402916165 0.037996876613024713 -0.049204863748302984 0.014777334055757202 -3.81019712230305e-05 0.027261060336390731 0.009861770034785472 -0.041998804694817538 -0.016767951488096577 -0.017185996271509459
leaf_weight=9.4446327402256447 1.4956182432360936 381.74580127181252 1.8954949439503277 1.547803098335861 7.9202845973195526 1.7753681272733945 3.5412135999649763 2.6641549568157643 2.2943031119648367 1.5694513064809124 38.583888235036284 7.8199153440073133 21.86549210967496 13.442315452266483
leaf_count=58 10 3341 19 10 77 14 35 21 18 12 243 43 147 83
internal_value=-0.00014952 -0.000316734 -0.00997591 0.0113626 -0.0216362 -0.0281276 -0.00710944 -0.0234968 -0.0424509 0.000348925 -0.00642642 -0.0289122 -0.00322126 0.00268097
internal_weight=497.606 496.11 31.0833 10.9924 20.0908 18.1953 7.98074 6.20537 10.2146 465.027 83.2811 9.38937 73.8917 52.0262
internal_count=4131 4121 252 68 184 165 70 56 95 3869 528 55 473 326
is_linear=0
shrinkage=0.05


Tree=320
num_leaves=15
num_cat=0
split_feature=2 24 36 35 2 25 21 43 1 36 20 1 35 21
split_gain=1.12295 2.61013 2.43742 2.28488 1.74322 3.60727 3.1126 1.76065 2.82892 2.87791 2.56842 3.14397 3.19296 2.54215
threshold=0.3807275146245957 2.7811532824555387 8.4151395146099421 2.8262618883277875 0.3643969744443894 2.0513644218444829 0.40121951219512203 22.957089683590866 0.23005940765142444 4.5893721010042894 0.11156772394456013 0.44347502291202551 2.5764621430070345 0.41223155929038285
decision_type=2 2 2 2 2 2 2 2 2 2 2 2 2 2
left_child=4 -2 3 -3 7 6 -6 -1 9 -9 11 12 -10 -11
right_child=1 2 -4 -5 5 -7 -8 8 10 13 -12 -13 -14 -15
leaf_value=-0.0013761285029160659 0.0094047130684576305 0.028393194216819895 -0.043997473147706356 -0.037861228081689367 0.039668325892545056 -0.028405713949005928 -0.01912817928580467 -0.029030011596924889 0.040809754087172648 0.02377668055902216 -0.028874464965501775 -0.042665429204410237 -0.022087281366893738 -0.013723516179666315
leaf_weight=408.83466456824681 7.5664694508886923 2.5385816486086683 6.5026229557115585 1.0689991121180353 9.815071046818046 2.7119370242580763 2.1939892671070984 2.5313072919961987 5.3970643784850854 32.311466433107853 7.4835069868713608 1.41546961851418 2.1915464904159307 4.5627226559445253
leaf_count=3435 94 18 61 19 65 25 22 21 35 226 49 11 20 30
internal_value=-0.000146873 -0.0121753 -0.0277186 0.00480443 0.00032102 0.0166962 0.0282819 -0.000232425 0.00801044 0.0151757 -0.00900317 0.00874773 0.0221887 0.0188967
internal_weight=497.125 17.6767 10.1102 3.60758 479.449 14.721 12.0091 464.728 55.8931 39.4055 16.4876 9.00408 7.58861 36.8742
internal_count=4131 192 98 37 3939 112 87 3827 392 277 115 66 55 256
is_linear=0
shrinkage=0.05


Tree=321
num_leaves=15
num_cat=0
split_feature=3 7 12 4 6 12 3 43 7 29 7 3 1 4
split_gain=1.13172 3.54405 3.37074 4.11183 3.21235 3.88772 4.24738 3.59415 2.96696 2.95247 2.97836 2.92904 2.94189 2.92423
threshold=0.22767145135566189 0.66521948575973522 1.5367227196693423 2.4911674261093144 0.76102918386459362 3.3996908664703374 0.17752100840336138 19.909563243120527 0.67678532004356395 105.00000000000001 0.74958273768424999 0.63224516988674229 0.12310051172971727 1.0974414944648745
decision_type=2 2 2 2 2 2 2 2 2 2 2 2 2 2
left_child=1 -1 3 9 7 6 -6 -3 -9 10 -2 -11 -13 -14
right_child=2 4 -4 -5 5 -7 -8 8 -10 11 -12 12 13 -15
leaf_value=0.0048370295135636834 -0.041717886036981164 -0.019927791908950023 0.0049237375984703541 -0.038228803441927368 0.014782990958958893 -0.022361738383957074 -0.027487571474157292 -0.046523816074060184 0.010746698635653902 0.015901141928484377 0.0027465286496198837 0.019398011074361246 -0.049430806604961353 0.01762678707633486
leaf_weight=92.292840020323638 7.0087377112358791 61.701376978307962 211.70763562002685 8.8429497012402845 37.780748511198908 12.272325261961667 6.0727256955578914 1.5667093694210077 18.393586719350424 21.921590128913525 6.8902893257327378 3.3017588253132981 5.092940878123045 1.6353846453130243
leaf_count=872 46 797 1365 61 318 229 40 10 155 129 49 17 30 13
internal_value=-0.000151462 -0.00271397 0.00206355 -0.00889727 -0.00777019 0.00143702 0.00844714 -0.0140391 0.00424631 -0.00254505 -0.0209703 0.00586311 -0.0155284 -0.03296
internal_weight=496.482 230.08 266.401 54.6937 137.787 56.1258 43.8535 81.6617 19.9603 45.8507 13.899 31.9517 10.0301 6.72833
internal_count=4131 2421 1710 345 1549 587 358 962 165 284 95 189 60 43
is_linear=0
shrinkage=0.05


Tree=322
num_leaves=15
num_cat=0
split_feature=42 29 25 31 34 3 4 21 39 31 33 17 26 21
split_gain=1.09858 1.76285 1.60845 1.78383 1.46268 1.75537 1.35337 2.17816 2.21616 1.55981 3.29774 5.89229 4.14904 4.05915
threshold=3.1246939897537236 101.50000000000001 1.4137269258499148 0.051503094606542892 6.5261039764499893 0.36451048951048953 5.9988920688629159 0.37858312858312865 0.78886155061089303 0.19586530264279628 0.214654415845871 0.31694935499283333 4.3183305263519296 0.3176274944567628
decision_type=2 2 2 2 2 2 2 2 2 2 2 2 2 2
left_child=6 -2 3 -3 -4 -6 9 8 -8 -1 -11 12 -12 -13
right_child=1 2 4 -5 5 -7 7 -9 -10 10 11 13 -14 -15
leaf_value=0.00400243679094206 -0.044570506948655893 0.008844732783872036 0.020926267955703595 -0.04147470921406058 -0.032885435899929823 0.022132797966497298 0.018682978881892957 0.013570687275514325 -0.046718056378405037 0.0056877727407244477 0.0078468615015491409 -0.006349976217696375 -0.019103266030800922 -0.029316997858997412
leaf_weight=202.52456472947961 2.3898552851169397 2.3488226274494108 6.3804603286553156 3.6688346401788294 2.8654602775350213 1.4558759192004798 1.0733017304446528 3.0534911807626486 4.8247063679154962 93.701002765912563 74.415900571038947 48.199030497053172 16.633269872982055 31.862031228956766
leaf_count=1760 28 30 48 44 23 9 9 20 54 567 546 469 144 380
internal_value=-0.000160093 -0.0116077 -0.00464662 -0.0233723 0.00698043 -0.0136736 0.000322559 -0.0179244 -0.0338335 0.000709594 -0.00181432 -0.00593169 0.00276944 -0.0157391
internal_weight=495.397 19.1093 16.7195 6.01766 10.7018 4.32134 476.287 8.9515 5.89801 467.336 264.811 171.11 91.0492 80.0611
internal_count=4131 182 154 74 80 32 3949 83 63 3866 2106 1539 690 849
is_linear=0
shrinkage=0.05


Tree=323
num_leaves=15
num_cat=0
split_feature=33 55 45 22 38 22 26 33 24 35 1 51 8 8
split_gain=1.09068 1.29053 1.4869 3.59962 4.17087 4.6424 3.07441 2.81173 3.49569 3.03676 4.69412 4.36534 4.28762 2.90266
threshold=2.1355429887771611 13.224465370178224 0.65768535262206151 0.93221152301445775 3.4084476461038968 0.99993668669626468 1.9982435654832884 0.13842581212520602 2.3559694582619728 1.8720456133013998 0.43322895467281347 0.42770034843205579 0.32484930753707891 0.32150293886661535
decision_type=2 2 2 2 2 2 2 2 2 2 2 2 2 2
left_child=1 2 -1 7 -5 -6 -7 8 -4 10 11 12 -9 -11
right_child=-2 -3 3 4 5 6 -8 9 -10 13 -12 -13 -14 -15
leaf_value=-0.0017604921542365847 -0.026330061903032477 0.021259392173125839 -0.056286269282266072 -0.040953182337343151 -0.048188552478070835 -0.024100955041884382 0.018843012132661548 -0.050361892721636881 0.0086714801010931361 0.014138145148698029 -0.016583805390281564 0.04170292640841905 0.030034395303719957 -0.013614216404274813
leaf_weight=375.62709940830246 2.9510358292027368 6.0664044573204583 2.4223251193761817 6.8377690801862654 3.1103288610465851 4.4509802481625256 17.581112120533362 2.1664126883260932 4.6898455582559109 24.493200410623103 5.1479373462498179 22.44758377969265 2.5333223019260913 13.995417837752028
leaf_count=3011 255 54 13 84 21 37 112 24 31 183 31 147 19 109
internal_value=-0.000164752 4.54612e-05 -0.000262762 0.00482713 -0.00910553 0.000791032 0.00949763 0.0105901 -0.0176636 0.0136355 0.0247042 0.0328446 -0.00935927 0.00395749
internal_weight=494.521 491.57 485.503 109.876 31.9802 25.1424 22.0321 77.896 7.11217 70.7839 32.2953 27.1473 4.69973 38.4886
internal_count=4131 3876 3822 811 254 170 149 557 44 513 221 190 43 292
is_linear=0
shrinkage=0.05


Tree=324
num_leaves=15
num_cat=0
split_feature=22 28 8 34 51 9 43 5 22 43 44 44 45 5
split_gain=1.09241 2.69222 3.14665 2.36277 4.51382 3.02641 2.02357 1.92683 1.88588 3.09601 2.67714 2.39578 2.07794 1.93324
threshold=0.066551861429267875 1.021779641276497 0.33677159249782568 7.2689287966505196 0.52762515262515275 0.072751322751322761 5.0654073958469912 3.123034000396729 0.099993668669626473 21.06048144356382 1.8946170806884768 0.71219757199287426 0.88077469793887719 0.9639575481414796
decision_type=2 2 2 2 2 2 2 2 2 2 2 2 2 2
left_child=1 2 6 4 7 -6 -1 -3 9 11 -11 12 -2 -10
right_child=8 3 -4 -5 5 -7 -8 -9 13 10 -12 -13 -14 -15
leaf_value=0.0083385449879373012 -0.030225036750185404 -0.042503710202338528 0.014334862711329647 0.016460466724546312 0.021434718859639101 -0.040739027264735411 -0.053590912821500927 0.019855239395089447 -0.0061712942289652781 0.019910318821407421 -0.058071013699141943 0.027726036896221606 0.03173975412038469 0.0016609992476601648
leaf_weight=1.3051835806108991 3.1873492975719335 8.0949217529268971 2.6751897928770632 11.995785276405512 9.5467565308790636 1.4434935480821867 6.4314780808053911 0.83794905710965473 103.08246617796249 1.2039944571442895 1.6761286053806541 18.049209322780371 1.0639859410002825 323.17979037109762
leaf_count=17 48 136 21 92 88 22 49 8 1057 8 15 115 10 2445
internal_value=-0.000170319 -0.00775411 -0.0285979 -0.000292753 -0.0106845 0.010552 -0.0433847 -0.0352441 0.000556363 0.0135819 -0.0287422 0.020047 -0.0116261 -0.000243085
internal_weight=493.774 42.3308 10.4119 31.9189 19.9231 10.9903 7.73666 8.93287 451.443 25.1807 2.88012 22.3005 4.25134 426.262
internal_count=4131 433 87 346 254 110 66 144 3698 196 23 173 58 3502
is_linear=0
shrinkage=0.05


Tree=325
num_leaves=15
num_cat=0
split_feature=44 4 4 25 53 23 51 33 55 39 7 28 22 22
split_gain=1.07988 3.67142 4.48283 4.19839 3.79986 3.74336 3.63594 4.95471 4.53856 3.43589 3.18889 3.81048 3.20004 3.0298
threshold=1.4955547451972964 1.9368294477462771 1.791958272457123 1.8764663338661196 0.60357142857142865 0.76081639819819002 0.5615236721941842 0.28256368637084966 0.74127632379531871 0.39221665095990665 0.71544229984283458 1.188746438746439 0.066586275271486667 1.1979157233058488
decision_type=2 2 2 2 2 2 2 2 2 2 2 2 2 2
left_child=1 2 4 5 10 -3 7 8 -6 -9 11 13 -12 -1
right_child=-2 3 -4 -5 6 -7 -8 9 -10 -11 12 -13 -14 -15
leaf_value=0.013093871309681711 0.0017826269720057142 -0.0093139124258587551 0.032690560674023053 -0.03252668210939684 0.024447833784277877 0.035372970667145655 0.0036587522704945689 0.016685880929933825 -0.034790108337845363 -0.037327844431800143 -0.03197630337353477 -0.035412473154776594 0.028135948772716319 -0.029281067981018483
leaf_weight=25.281606586067941 290.53826346667483 41.548450424743351 9.7177055520587583 18.053702202625573 9.2552340999245626 4.2788959274766958 32.594835662515834 2.7779168609995422 3.7435721689835182 22.980074171209708 1.6300885189557472 5.61860539659392 21.091129584936425 4.056767950532957
leaf_count=206 1936 547 88 202 49 34 324 28 37 356 21 85 175 43
internal_value=-0.00016916 -0.00296273 0.00161734 -0.0127821 -0.000956311 -0.00447521 -0.00861739 -0.0187741 0.00612116 -0.0310968 0.00850629 -0.00106574 0.0226571 0.00646246
internal_weight=493.167 202.629 138.748 63.881 129.03 45.8273 71.3516 38.7568 12.9988 25.758 57.6782 34.957 22.7212 29.3384
internal_count=4131 2195 1412 783 1324 581 794 470 86 384 530 334 196 249
is_linear=0
shrinkage=0.05


Tree=326
num_leaves=15
num_cat=0
split_feature=4 4 44 30 32 22 17 8 43 50 44 32 3 39
split_gain=1.09921 4.15507 5.42017 3.29015 3.14281 3.21104 3.18528 3.75817 3.55397 3.11414 3.10077 2.90065 2.8432 3.29166
threshold=1.574119567871094 1.9570848345756533 1.4479703903198244 83.500000000000014 0.51630627437079057 0.19998733733925295 0.46410256410256417 0.33792977035045629 17.670427627208749 2.849910127667965 2.6735349893569951 0.5929064657878218 0.22767145135566189 3.2717462169878191
decision_type=2 2 2 2 2 2 2 2 2 2 2 2 2 2
left_child=-1 -2 3 -3 5 9 7 10 -9 -4 -6 -5 13 -7
right_child=1 2 4 11 6 12 -8 8 -10 -11 -12 -13 -14 -15
leaf_value=-0.0024960115790355793 0.013886324021727249 0.030124713305773938 0.018906091474425256 -0.020966604318001372 0.025657329298847328 0.013224217972209016 -0.032656934713617976 -0.05830939794451543 0.01248347566322333 -0.026362222235905525 -0.016810713368288582 0.011536429392729326 0.024919508615332247 -0.015423829469860945
leaf_weight=249.09027501739911 57.15373432735214 3.1227776568848631 4.8818545485846689 49.144857823674101 12.511988611891871 35.361038384959102 8.8405882799997908 3.3506240360438815 2.4915177039802074 10.22603674372658 5.4822834990918627 7.3004649775102726 30.221174003556371 12.91123940143734
leaf_count=2107 432 21 33 670 88 235 56 20 16 85 30 55 183 100
internal_value=-0.000166888 0.00222105 -0.00142151 -0.0137269 0.00444544 0.0090861 -0.00872256 0.00111182 -0.0307062 -0.0114689 0.0125148 -0.0166351 0.0131369 0.00540429
internal_weight=492.09 243 185.846 59.5681 126.278 93.6013 32.677 23.8364 5.84214 15.1079 17.9943 56.4453 78.4935 48.2723
internal_count=4131 2024 1592 746 846 636 210 154 36 118 118 725 518 335
is_linear=0
shrinkage=0.05


Tree=327
num_leaves=15
num_cat=0
split_feature=2 52 43 35 32 2 25 21 43 19 19 2 45 38
split_gain=1.08513 2.43386 2.62378 2.30008 1.77428 1.62405 3.26046 2.92715 1.50427 2.79232 3.19962 2.67566 3.42305 2.3502
threshold=0.3807275146245957 11.500000000000002 22.201769068672601 2.3282853645395143 0.28232998885172805 0.3643969744443894 2.0513644218444829 0.40121951219512203 22.957089683590866 2.4050247097293549 5.3682948726780184 0.22088453173637393 0.18673992673992676 2.2927801554643383
decision_type=2 2 2 2 2 2 2 2 2 2 2 2 2 2
left_child=5 2 4 -3 -2 8 7 -7 -1 11 -11 -10 -13 -14
right_child=1 3 -4 -5 -6 6 -8 -9 9 10 -12 12 13 -15
leaf_value=-0.0012943735425463519 -0.036435848396954004 0.03150383898242741 -0.055928113550582997 -0.026719199532006112 0.0081919745319066675 0.038601811558061749 -0.02677409700410549 -0.018760817780559384 -0.020940110879130225 -0.04368404785711244 0.014156129119504599 -0.037758646444305093 -0.0083523987523930407 0.024409420019461787
leaf_weight=404.38634061656194 2.3338927076838463 4.051975486567243 3.3838357971981159 1.6556445360183714 5.9151590142864734 9.5966573611367476 2.6878239228390148 2.162617173511534 4.6134544461965552 4.2888092305511227 3.6764424815773964 1.8750694440677751 5.9620755956857456 34.468881116248667
leaf_count=3435 62 33 29 21 47 65 25 22 32 26 20 18 50 246
internal_value=-0.000160272 -0.0120937 -0.0245394 0.0131492 -0.00700876 0.000301107 0.0162476 0.0274088 -0.000234727 0.00745612 -0.0183861 0.0121354 0.0161425 0.0194933
internal_weight=491.059 17.3405 11.6329 5.70762 8.24905 473.718 14.4471 11.7593 459.271 54.8847 7.96525 46.9195 42.306 40.431
internal_count=4131 192 138 54 109 3939 112 87 3827 392 46 346 314 296
is_linear=0
shrinkage=0.05


Tree=328
num_leaves=15
num_cat=0
split_feature=20 39 21 21 28 25 53 13 40 49 3 7 6 42
split_gain=1.07473 1.14859 3.04228 5.19697 4.30836 3.32003 2.85 2.46563 1.78879 4.05019 3.92767 4.31525 3.90719 2.91967
threshold=60.734104609605275 0.3807808676307009 0.12660256410256412 0.32173123486682814 1.188746438746439 0.94554546475410473 0.98387096774193561 0.80760780628980888 5.7395446897792191 0.96233708483648484 0.27346041055718479 0.75421869754791271 0.33505131304264074 0.90644633769989025
decision_type=2 2 2 2 2 2 2 2 2 2 2 2 2 2
left_child=1 2 -1 4 5 -4 7 -5 -3 -10 11 13 -12 -11
right_child=-2 8 3 6 -6 -7 -8 -9 9 10 12 -13 -14 -15
leaf_value=0.018911525882588123 0.032770638344124428 -0.00088634365357678671 0.00056847329259095993 0.03837159199505958 0.018626030279079692 -0.062522702608859421 -0.028927924437906177 -0.01938378978567766 0.027398639042014169 -0.00067976837270653412 -0.046138983959206563 0.022016988036603621 0.022021416176503383 -0.045062497784028988
leaf_weight=6.4553672895999652 1.4641074426472176 401.27117338095559 2.6344800718361538 5.7913469932973367 2.3515708777122191 8.6850099209696037 2.6901084646233357 1.8359117365907875 18.05405974923633 5.896991825662556 1.4241931140422845 4.8382828577887258 17.892475745640695 9.1140548316761834
leaf_count=73 10 3471 29 30 18 56 23 23 127 38 7 39 122 65
internal_value=-0.000168169 -0.00033349 -0.00957808 -0.0176947 -0.0368781 -0.0489847 0.00873674 0.0238342 0.000299859 0.00849077 -0.000690192 -0.0159195 0.0149724 -0.0287585
internal_weight=490.399 488.935 30.4438 23.9884 13.6711 11.3195 10.3174 7.62726 458.491 57.2201 39.166 19.8493 19.3167 15.011
internal_count=4131 4121 252 179 103 85 76 53 3869 398 271 142 129 103
is_linear=0
shrinkage=0.05


Tree=329
num_leaves=15
num_cat=0
split_feature=6 8 8 44 6 34 24 29 44 26 26 8 27 3
split_gain=1.04718 2.17996 2.14505 1.90673 1.79171 2.82464 3.97538 3.60295 3.41915 2.95037 3.57047 2.93505 2.88153 3.3152
threshold=0.87366262078285228 0.31273397803306585 0.32449214160442358 4.0472702980041513 0.74878883361816417 9.1113883263367494 2.2325636734337375 129.50000000000003 0.81445276737213146 1.9647419452667239 1.8225787878036501 0.32585372030735021 0.55053521257189841 0.49576271186440685
decision_type=2 2 2 2 2 2 2 2 2 2 2 2 2 2
left_child=4 3 -3 -2 -1 6 9 8 -8 10 11 -6 13 -9
right_child=1 2 -4 -5 5 -7 7 12 -10 -11 -12 -13 -14 -15
leaf_value=-0.0017096940092967865 -0.047497152367217077 0.03247990238401844 -0.011572776583625311 0.013316855723860464 -0.012671968103721143 -0.011816135782507682 -0.024538019466817627 -0.037991305650353274 0.011342442666329222 0.039967395060204108 -0.050319523912945301 0.033227870626295467 0.02129257974046107 0.011247135526509855
leaf_weight=332.3639203402563 4.4965668214717907 2.8788172906497485 8.6167632972937991 1.1993253380060194 4.8862776551395681 20.363808794412762 6.424860206549055 11.464916869648734 66.311600087559782 13.609948848374186 1.3419264620169986 8.293888104381038 3.4062490058131507 4.1826930902898303
leaf_count=2803 52 25 94 5 74 156 105 100 472 99 14 81 28 23
internal_value=-0.000161638 -0.0119337 0.00117569 -0.0346157 0.000290834 0.00500901 0.00794015 0.00280028 0.0078833 0.0240389 0.00749775 0.0165178 -0.0160292 -0.0249446
internal_weight=489.842 17.1915 11.4956 5.69589 472.65 140.286 119.922 91.7903 72.7365 28.132 14.5221 13.1802 19.0539 15.6476
internal_count=4131 176 119 57 3955 1152 996 728 577 268 169 155 151 123
is_linear=0
shrinkage=0.05


Tree=330
num_leaves=15
num_cat=0
split_feature=43 43 29 31 24 53 49 31 2 30 53 27 43 2
split_gain=1.06441 3.77032 4.48766 2.8372 3.09866 3.00267 2.62221 2.56362 3.32015 3.99607 3.71963 3.30171 4.43758 3.23299
threshold=2.3768662221481169 4.2174360451679096 110.50000000000001 0.082843137254901972 1.9553808985045944 0.59629629629629644 2.8771893416001215 0.093541666666666676 0.22088453173637393 113.50000000000001 0.72570532915360519 0.63369486559028199 14.628902829910702 0.23783820122480395
decision_type=2 2 2 2 2 2 2 2 2 2 2 2 2 2
left_child=3 2 -2 4 -1 -6 -5 11 9 10 -9 -3 -13 -10
right_child=1 7 -4 6 5 -7 -8 8 13 -11 -12 12 -14 -15
leaf_value=0.027350825895986842 0.0098730758200293329 0.014338657005417102 -0.032623077687190617 0.0084422713202676261 -0.042702546688281537 0.0086441055730569673 0.054067920694686467 0.012712418038595109 0.014910585128514221 -0.041052322479036403 -0.023300871332154523 -0.043889683762273056 0.027266838392874599 -0.0012281184647638869
leaf_weight=3.8217942363116917 8.7353810028871539 52.795380913215922 17.677593234111555 9.7543599849450384 5.5155014811316487 4.5523963815066963 4.0131020196713498 13.970283558126541 33.540431610774249 9.7445015932898951 12.822080528829245 5.0121811229037112 2.6114268787205219 304.55628112278646
leaf_count=76 91 417 300 112 100 65 21 81 238 85 112 69 22 2342
internal_value=-0.000156796 -0.000735915 -0.0187212 0.00919443 -0.00660544 -0.0208019 0.0245025 0.000396436 -0.00115295 -0.0152609 -0.0047408 0.00986589 -0.01918 0.00041215
internal_weight=489.123 461.466 26.413 27.6572 13.8897 10.0679 13.7675 435.053 374.634 36.5369 26.7924 60.419 7.62361 338.097
internal_count=4131 3757 391 374 241 165 133 3366 2858 278 193 508 91 2580
is_linear=0
shrinkage=0.05


Tree=331
num_leaves=15
num_cat=0
split_feature=42 5 43 3 43 22 45 51 50 4 38 42 49 53
split_gain=1.0315 1.63166 1.86152 1.79612 1.61928 1.32281 3.78227 4.11694 5.65444 5.26768 4.83628 4.56859 4.27875 3.8952
threshold=3.1246939897537236 1.0925334095954897 18.43494218698681 0.19836065573770495 22.539999179226836 0.56599003403607118 0.52419984387197516 0.45808232931726911 1.075954529937742 1.3022200465202334 7.2252751384601437 2.3700479269027714 0.26822756381756224 0.59175084175084181
decision_type=2 2 2 2 2 2 2 2 2 2 2 2 2 2
left_child=5 4 3 -3 -2 6 7 9 -9 -1 11 -10 -12 -8
right_child=1 2 -4 -5 -6 -7 13 8 10 -11 12 -13 -14 -15
leaf_value=-0.013243210717502668 -0.034664836389816177 -0.019665230671601638 -0.022962326844040634 0.031780959733597305 0.015408023935459836 -0.0022025199790133665 -0.0022479099346408996 0.010261043976060941 -0.020094548727471892 0.023224411339697874 0.029981553983013165 0.016256640717302779 -0.046900522388698379 0.017462423204423393
leaf_weight=14.977072134031912 7.3425026474869828 1.6197839783271755 3.4940607417374849 4.7806238709017634 1.3899621292948721 246.45425741223153 40.175089193508029 23.838229112327099 24.353956163336989 25.533239914802834 1.3464551195502306 12.218727124156429 15.970158800017087 64.748686122358777
leaf_count=160 89 25 28 33 7 2066 349 147 288 184 10 102 154 489
internal_value=-0.000150153 -0.0113806 0.002662 0.0178632 -0.0259304 0.000318529 0.00310012 -0.00302459 -0.00972058 0.00974773 -0.0185855 -0.00784038 -0.0396121 0.00996541
internal_weight=488.243 18.6269 9.89447 6.40041 8.73246 469.616 223.162 118.238 77.7275 40.5103 53.8893 36.5727 17.3166 104.924
internal_count=4131 182 86 58 96 3949 1883 1045 701 344 554 390 164 838
is_linear=0
shrinkage=0.05


Tree=332
num_leaves=15
num_cat=0
split_feature=51 1 5 3 33 25 5 38 51 49 32 29 32 55
split_gain=1.04185 4.92892 3.72067 2.53182 3.4181 2.47582 2.72874 2.46958 2.35368 6.64139 3.46954 3.37187 2.14242 3.39096
threshold=0.66465863453815277 0.17488130927085879 0.53518593311309826 0.14160401002506268 0.3278705775737763 1.4495859742164614 1.5214158892631533 10.470208932628056 0.63211600429645554 3.819705114406545 0.65039682539682553 107.50000000000001 0.65039682539682553 0.42099113762378698
decision_type=2 2 2 2 2 2 2 2 2 2 2 2 2 2
left_child=8 3 7 4 -2 6 -4 -3 12 10 -10 -12 -1 -14
right_child=1 2 5 -5 -6 -7 -8 -9 9 -11 11 -13 13 -15
leaf_value=0.0017779438637240731 -0.04084398072799425 -0.05106751543227657 0.019032045592820616 0.028317682070173607 0.017988844724435332 0.020778655301484105 -0.050309623858635105 0.019550113450459372 -0.054127982695990097 0.032806897219432772 -0.04675395020587568 0.017835918833032472 0.001727954237254905 -0.017391229878308222
leaf_weight=328.07620231359033 2.8253106549382228 5.8313865345553522 1.7228514817543308 20.779445380438119 5.9823058540641796 7.4617826985195279 2.4068777658976614 0.95624725520610798 7.7811185350874457 4.1452150125987819 2.1425783410668373 4.7146640624850988 51.732841526623815 40.797531428048387
leaf_count=2979 20 60 17 129 81 49 22 6 95 26 12 27 297 311
internal_value=-0.000144326 0.0067748 -0.013126 0.0191619 -0.00312383 0.00446707 -0.0233106 -0.0398859 -0.000913324 -0.0177676 -0.0332711 -0.00572741 -0.000120282 -0.00679769
internal_weight=487.356 47.9662 18.3791 29.5871 8.80762 11.5915 4.12973 6.78763 439.39 18.7836 14.6384 6.85724 420.607 92.5304
internal_count=4131 384 154 230 101 88 39 66 3747 160 134 39 3587 608
is_linear=0
shrinkage=0.05


Tree=333
num_leaves=15
num_cat=0
split_feature=17 31 35 50 4 43 45 19 5 3 35 17 26 22
split_gain=1.04101 1.64502 1.60535 1.37175 3.00806 3.08017 2.38153 1.84106 2.18186 2.60063 1.93845 1.71826 2.98112 2.69122
threshold=0.68683574879227061 0.4010869565217392 2.7819893394969566 34.545283234792414 3.9122462272644047 14.02540436886723 0.83514492753623204 27.140520402844341 3.4274843931198125 0.55718954248366026 1.5785198084938288 0.62089371980676333 3.855405263111328 0.26634096164581533
decision_type=2 2 2 2 2 2 2 2 2 2 2 2 2 2
left_child=3 2 -2 7 6 -6 -5 8 11 10 -10 -1 13 -13
right_child=1 -3 -4 4 5 -7 -8 -9 9 -11 -12 12 -14 -15
leaf_value=-0.00069607530905896418 -0.031487525450926902 0.023078851538765568 0.013802182009916151 0.038468346272482551 -0.022623200235611703 0.019976356751358233 -0.024336938529885385 0.02812014164835884 0.011419967964980453 0.02398650734668438 -0.037250327043396363 0.027360569134692182 0.04241027683205055 -0.027762726120779166
leaf_weight=418.85615406354191 7.8530921229394135 1.6050392230972637 1.8874524257262235 9.4424274784978497 8.2373456484638137 6.8671369887888423 1.0687909829430271 4.5784450981300315 2.0347921969369045 2.0794819965958586 9.7387079227482882 2.9216600257204828 5.3398566029500216 4.1144351271213964
leaf_count=3489 109 12 26 79 87 45 13 33 18 11 101 20 28 60
internal_value=-0.000147558 -0.0144819 -0.0222436 0.000224311 0.011254 -0.00321784 0.0305228 -0.000427589 -0.000783629 -0.0196255 -0.0286032 -0.000134345 0.0175078 -0.004317
internal_weight=486.625 11.3456 9.74054 475.279 25.6157 15.1045 10.5112 449.664 445.085 13.853 11.7735 431.232 12.376 7.0361
internal_count=4131 147 135 3984 224 132 92 3760 3727 130 119 3597 108 80
is_linear=0
shrinkage=0.05


Tree=334
num_leaves=15
num_cat=0
split_feature=7 31 21 21 7 22 22 29 7 1 43 39 42 7
split_gain=1.038 3.34284 3.9476 4.79384 3.75566 3.89306 3.29936 3.16098 3.06185 2.76156 3.49195 3.34452 2.87114 2.67451
threshold=0.74090495705604564 0.21676706827309242 0.22335600907029482 0.20550527903469082 0.7578825354576112 0.33275434819555488 0.26672042795051826 187.50000000000003 0.761559158563614 0.11176035925745965 6.224871472716317 5.4719343495368227 1.3703258633613589 0.79177492856979381
decision_type=2 2 2 2 2 2 2 2 2 2 2 2 2 2
left_child=-1 9 3 6 7 13 -3 -4 -7 -2 -11 -12 -13 -6
right_child=1 2 4 -5 5 8 -8 -9 -10 10 11 12 -14 -15
leaf_value=0.0014019253738036244 0.029462844242208693 -0.038796594633800766 -0.047404435158793126 0.037299450390752963 0.028244937605132938 0.023442690801501267 0.0033410233843080522 0.0097495821650234876 -0.024281012549105169 -0.035721943733219338 0.010472312238070575 -0.051669487155147735 0.0081615467483057876 -0.02326538117704105
leaf_weight=337.44749036093708 8.9135446471627784 5.0895489642862293 12.935611302207688 7.2109773899428538 8.4017934219446015 3.0337851861258995 19.03449305635877 2.5587325299857175 25.978440881532151 4.882561598555184 41.256126854277682 3.4471456431783727 3.2207445381209254 2.5938654631609088
leaf_count=2723 89 56 117 57 69 25 168 18 279 101 332 31 26 40
internal_value=-0.00013125 -0.00359994 -0.00987653 0.00423525 -0.0177776 -0.00923141 -0.00673928 -0.0379472 -0.0186758 0.0052476 0.000688557 0.00505244 -0.0254743 0.0151672
internal_weight=486.005 148.557 86.8372 31.335 55.5022 40.0079 24.124 15.4943 29.0122 61.7201 52.8066 47.924 6.66789 10.9957
internal_count=4131 1408 829 281 548 413 224 135 304 579 490 389 57 109
is_linear=0
shrinkage=0.05


Tree=335
num_leaves=15
num_cat=0
split_feature=27 25 26 44 2 33 35 39 55 39 2 28 19 24
split_gain=1.04743 3.09078 5.74768 3.69884 3.7373 2.91735 2.86515 3.10274 3.75579 2.95101 2.80165 5.54408 3.83824 2.73543
threshold=0.48535735956290088 1.8764663338661196 2.2774287843307373 1.7048758268356325 0.27718721330165869 0.22036557644605639 2.039494115004223 3.2717462169878191 0.1136583983898163 10.309625480502254 0.25538660585880285 1.0571480406386069 0.55655224459633656 3.4478213480548958
decision_type=2 2 2 2 2 2 2 2 2 2 2 2 2 2
left_child=-1 2 6 4 -3 -6 7 -2 -9 -10 -5 -12 -13 -8
right_child=1 3 -4 10 5 -7 13 8 9 -11 11 12 -14 -15
leaf_value=-0.0017393485396117146 0.017654427667754987 -0.0043284296572577976 0.020421640452469803 -0.023943897018594819 0.022232177022726955 -0.062063002927814505 -0.034152602488806486 0.03267230709302605 -0.023678003215888196 0.019126823575965832 0.041021429855983164 0.012011805007739936 -0.035160862743161263 0.0145530141548411
leaf_weight=327.99063594534528 20.451909497729503 9.3883350617252308 48.732656182721257 6.6144916275516179 0.68448491767048736 6.067066072486341 10.072106987994628 3.9082918427884605 19.047434144595176 4.235252550803124 8.4844100773334521 10.094034172594549 6.1062807198613873 3.2566769225522867
leaf_count=2675 263 74 359 45 5 69 136 28 258 29 53 68 39 30
internal_value=-0.00013215 0.00321219 0.00780426 -0.007349 -0.0260281 -0.0517514 -0.0024472 0.00338255 -0.00759762 -0.0154245 0.00279078 0.0106079 -0.00677915 -0.022067
internal_weight=485.134 157.143 109.704 47.4391 16.1399 6.75155 60.9717 47.6429 27.191 23.2827 31.2992 24.6847 16.2003 13.3288
internal_count=4131 1456 1103 353 148 74 744 578 315 287 205 160 107 166
is_linear=0
shrinkage=0.05


Tree=336
num_leaves=15
num_cat=0
split_feature=2 24 44 33 45 2 38 6 6 33 8 26 55 40
split_gain=1.02056 2.19358 2.01908 1.90169 1.56926 1.54966 2.70969 3.6683 3.54437 3.37411 4.0908 3.21195 2.75033 2.5111
threshold=0.3807275146245957 2.7811532824555387 1.8873395323753359 0.3030600249767304 0.65768535262206151 0.31287430226802831 6.3161629094611706 0.50813037157058727 0.387779250741005 0.31933350861072546 0.322891116142273 1.0765631011921175 0.30555227398872381 5.8401828493943286
decision_type=2 2 2 2 2 2 2 2 2 2 2 2 2 2
left_child=5 3 -3 -2 -5 13 11 8 -8 -9 -11 12 -7 -1
right_child=1 2 -4 4 -6 6 7 9 -10 10 -12 -13 -14 -15
leaf_value=-0.0031510047923145757 0.030299611381645442 -0.00085381348615385397 -0.044999226539493162 -0.034180360748823427 0.021611264396210941 0.031621488944201151 0.0038909482887918147 0.020272831466853256 -0.043332016527550123 -0.044424319910013388 0.01118164631846829 0.01487755733176746 -0.036051591742094775 0.0082128873868625631
leaf_weight=297.47167284725583 3.627348359674218 4.5432801620336232 5.1490205782465637 2.4325061935815033 1.1533008397091178 1.1516854166984547 6.6322663910686961 16.604994423687462 8.3742383767385018 4.8753703703405318 6.8640360238496214 63.208493649377488 4.9998619253747165 57.089663077145815
leaf_count=2622 22 57 41 54 18 5 56 107 62 53 68 473 104 389
internal_value=-0.00012593 -0.0118409 -0.0263212 0.00845206 -0.0154365 0.000322286 0.00540246 -0.00434447 -0.0235222 0.00626445 -0.0135859 0.0114696 -0.0207319 -0.0013033
internal_weight=484.178 16.9055 9.6923 7.21316 3.58581 467.272 112.711 43.3509 15.0065 28.3444 11.7394 69.36 6.15155 354.561
internal_count=4131 192 98 94 72 3939 928 346 118 228 121 582 109 3011
is_linear=0
shrinkage=0.05


Tree=337
num_leaves=15
num_cat=0
split_feature=7 36 1 31 14 19 12 43 45 5 3 39 3 30
split_gain=1.02579 2.61927 3.40512 3.02904 4.18255 4.748 3.25823 3.00597 3.92858 4.27478 3.30642 2.89934 2.70003 4.34549
threshold=0.73452958464622509 10.802775154404271 0.093819636851549162 0.19890109890109894 0.28747688555499334 0.20294369868459036 3.6585466861724858 10.64825216396328 0.45401691331923894 1.065218508243561 0.65058139534883741 1.0896517241379311 0.25211864406779666 103.00000000000001
decision_type=2 2 2 2 2 2 2 2 2 2 2 2 2 2
left_child=-1 3 -3 12 6 -6 -5 10 -9 -10 11 -4 13 -2
right_child=1 2 7 4 5 -7 -8 8 9 -11 -12 -13 -14 -15
leaf_value=0.0015013576626420424 0.026357193386711789 0.024520356357521658 0.00026218286537169283 0.012758314771925437 -0.050132375963436615 -1.3827913399598512e-05 -0.026420520472221976 -0.01957686755577677 -0.025306152123908521 0.020816820668373367 0.013165136721443781 -0.046186276400902775 0.026636633434503499 -0.022228389870504326
leaf_weight=322.36849708206137 7.2300176660064635 5.6290526865050188 4.2813679252285572 27.187469485565089 8.0205896138213593 9.925987341324797 5.5665905381320036 24.29691754525993 5.9546134974807527 17.530807685572654 3.5821153884753576 14.417728109518064 18.073177868034691 9.4419145737774652
leaf_count=2595 73 33 32 245 101 98 109 217 41 111 27 175 128 146
internal_value=-0.000126316 -0.00337177 -0.0100832 0.00262148 -0.0051497 -0.0238763 0.00551435 -0.0131693 -0.00585204 0.00856665 -0.0279358 -0.0360779 0.0137881 -0.000859373
internal_weight=483.507 161.138 75.6926 85.4457 50.7006 17.9466 32.7541 70.0636 47.7823 23.4854 22.2812 18.6991 34.7451 16.6719
internal_count=4131 1536 636 900 553 199 354 603 369 152 234 207 347 219
is_linear=0
shrinkage=0.05


Tree=338
num_leaves=15
num_cat=0
split_feature=13 43 13 49 14 34 55 26 38 17 50 44 12 52
split_gain=1.00837 2.40596 1.69775 2.87709 2.60804 3.95173 3.75024 2.96033 2.79923 2.25788 2.09826 3.40317 1.73358 1.66201
threshold=7.7516245238409329 5.4040949606529454 1.0826116543408086 10.656060848141625 0.17167162146983747 8.5552374558817856 1.259836792945862 3.7960465190288235 3.7723420669919192 0.4010869565217392 1.6095279662588944 1.565657436847687 4.0809409618377694 38.500000000000007
decision_type=2 2 2 2 2 2 2 2 2 2 2 2 2 2
left_child=2 -2 13 4 5 8 10 -8 -4 -9 11 -6 -10 -1
right_child=1 -3 3 -5 6 -7 7 9 12 -11 -12 -13 -14 -15
leaf_value=0.00014975167547759294 -0.020737356152683212 0.036078741963229695 -0.017876433458623081 0.037667707869878497 -0.043582698333253157 -0.041631575580056666 -0.019946327122654841 -0.018464572041709339 0.03472912806779925 0.046046689166036478 -0.052958561038527911 0.033867562704862214 -0.012563667213359312 0.023654603060608233
leaf_weight=423.75020418630447 2.0260771322064093 4.5012520886957645 4.3998962443438385 2.0893507804721585 1.902648118790242 3.1669889809563747 8.2025167027604748 1.3650193425128225 8.8488385940436256 3.0969795060809702 8.8933375414926541 1.7977117858827112 1.8643141335342068 6.6568745784461489
leaf_count=3439 36 23 62 13 19 34 234 13 61 16 90 13 33 45
internal_value=-0.000126966 0.018031 -0.000413222 -0.00947612 -0.0125334 0.00186961 -0.0226315 -0.00282287 0.0130034 0.026544 -0.0408785 -0.00675556 0.0261292 0.000567277
internal_weight=482.562 6.52733 476.035 45.6276 43.5383 18.28 25.2582 12.6645 15.113 4.462 12.5937 3.70036 10.7132 430.407
internal_count=4131 59 4072 588 575 190 385 263 156 29 122 32 94 3484
is_linear=0
shrinkage=0.05


Tree=339
num_leaves=15
num_cat=0
split_feature=33 36 37 37 55 34 27 44 28 43 35 24 14 12
split_gain=1.00861 1.22031 2.66029 2.06548 1.99101 1.90879 2.14629 3.13248 4.2313 5.82221 4.01745 3.87989 3.64496 3.50022
threshold=2.1355429887771611 27.968397681893002 50.056918706318918 37.39499864429488 1.1188124418258669 13.040098295346064 0.39526430427798137 1.1350556015968325 1.113992697594502 7.0529454122036013 1.8720456133013998 1.823396182460804 0.2178826049910659 1.4698276519775393
decision_type=2 2 2 2 2 2 2 2 2 2 2 2 2 2
left_child=1 2 3 5 -3 6 -1 8 10 11 -8 -10 13 -9
right_child=-2 4 -4 -5 -6 -7 7 12 9 -11 -12 -13 -14 -15
leaf_value=-0.003185096675788133 -0.025666636821485907 0.035872886543754742 -0.052303146973281436 0.025599329991192715 -0.015730370464222095 -0.024968827350164022 0.02019966332612497 -0.0035286119710643926 0.0392817306769414 -0.04572105860868636 -0.022507342222027441 -0.017087492052650411 0.00062168610478091245 0.022025245905953422
leaf_weight=243.39096759236418 2.833660685515496 4.6233857199549666 1.4409693684428919 6.7682330950628957 2.1026753840269521 6.7716501043178132 16.616893340134997 17.64906805055216 3.7584189382614586 11.712368663051164 7.0664272534195325 7.5407609757967293 98.032027418084908 51.570555008016527
leaf_count=1909 255 28 11 56 24 58 192 113 46 122 108 97 711 401
internal_value=-0.000122277 8.19765e-05 -0.000239941 2.98847e-05 0.0197929 -0.000397239 2.02674e-05 0.00366462 -0.00767258 -0.0224993 0.00706151 0.00333183 0.00685664 0.0155523
internal_weight=481.878 479.044 472.318 470.877 6.72606 464.109 457.337 213.947 46.6949 23.0115 23.6833 11.2992 167.252 69.2196
internal_count=4131 3876 3824 3813 52 3757 3699 1790 565 265 300 143 1225 514
is_linear=0
shrinkage=0.05


Tree=340
num_leaves=15
num_cat=0
split_feature=45 30 12 31 44 50 26 2 30 39 3 36 37 33
split_gain=0.997722 2.56185 2.61699 1.58492 2.88362 2.64731 2.89254 2.54405 2.90454 2.3546 2.59625 2.26028 2.73699 2.38377
threshold=0.90967365967365976 115.00000000000001 7.3915617465972909 0.078023538961038974 0.34569990634918218 0.59429526103243957 4.1329786330289009 0.19132671505212787 117.00000000000001 1.4756352278584977 0.24744897959183676 29.664629975931991 50.056918706318918 0.35546143352985388
decision_type=2 2 2 2 2 2 2 2 2 2 2 2 2 2
left_child=3 -2 -3 4 -1 -6 -7 8 -5 -8 -11 12 13 -9
right_child=1 2 -4 7 5 6 9 11 -10 10 -12 -13 -14 -15
leaf_value=-0.021157634354706776 -0.049405356126271061 -0.020650068696568134 0.037794712042991306 -0.00036565958565913512 -0.024755134895495506 0.021878515690250927 0.01798491334065613 0.0027758139592093983 -0.03890523493301961 0.0099953455815658798 -0.048530949410932701 0.036953467229149183 -0.047263624042967203 -0.0054381060005849122
leaf_weight=6.5871499891218255 2.606858339509925 3.7358615624252707 2.2246936614974402 10.456012996379288 3.6291814004071048 36.45476385159418 4.6735620154067856 257.83761778916232 8.2136358747957257 2.7525584013201296 3.5512269586324692 3.092392125632613 2.0908760745078316 133.08651331043802
leaf_count=241 79 127 51 77 33 239 35 1683 73 21 20 23 17 1412
internal_value=-0.000123054 -0.0161086 0.00345957 0.000200257 0.00789456 0.0119768 0.0152404 -0.000885564 -0.0184369 -0.00679021 -0.0251058 -1.39749e-05 -0.000397898 -2.72798e-05
internal_weight=480.993 8.56741 5.96056 472.425 57.6484 51.0613 47.4321 414.777 18.6696 10.9773 6.30379 396.107 393.015 390.924
internal_count=4131 257 178 3874 589 348 315 3285 150 76 41 3135 3112 3095
is_linear=0
shrinkage=0.05


Tree=341
num_leaves=15
num_cat=0
split_feature=2 52 9 32 25 2 36 43 10 29 42 13 14 53
split_gain=1.0117 2.1527 2.34815 2.03508 1.80156 1.49495 2.93961 1.93938 1.88165 1.48592 4.02072 4.76502 5.33558 3.84975
threshold=0.3807275146245957 11.500000000000002 0.72902097902097907 0.70782520325203258 1.8447105884552004 0.3643969744443894 12.239667802486141 4.6059508181786191 1.5000000000000002 105.00000000000001 1.5780180692672732 0.53829423885930461 0.33271331778828878 0.83602150537634423
decision_type=2 2 2 2 2 2 2 2 2 2 2 2 2 2
left_child=5 2 3 -2 -3 9 7 -7 -8 10 -1 13 -13 -12
right_child=1 4 -4 -5 -6 6 8 -9 -10 -11 11 12 -14 -15
leaf_value=-0.013145532068267997 -0.039279997731026403 0.028847280872366488 0.024195256883497402 0.023824389905815282 -0.023837288600678169 -0.016352136988921025 0.015855108277629419 0.039173682967764301 -0.039338744841989862 0.0014197245953647963 0.0091263413578198498 0.03465517501439818 -0.014889225827370262 -0.033840150267058097
leaf_weight=64.408339594257995 8.9689339621691033 3.8778470524121067 1.4471955206245173 0.79223647713661272 1.5421361387707291 1.3186818563844998 2.0805529700592151 8.1593070572707784 2.3712938674725592 341.41774708777666 10.044833106687294 17.614171979075767 7.0082490616478017 9.1444659116677922
leaf_count=547 124 40 10 4 14 21 17 54 20 2948 84 119 72 57
internal_value=-0.000130479 -0.0118874 -0.0237272 -0.0324203 0.012479 0.000315927 0.0158815 0.030625 -0.0153673 -0.000200469 -0.00527813 0.00632311 0.0205227 -0.0120109
internal_weight=480.196 16.6283 11.2084 9.76117 5.41998 463.568 13.9298 9.47799 4.45185 449.638 108.22 43.8117 24.6224 19.1893
internal_count=4131 192 138 128 54 3939 112 75 37 3827 879 332 191 141
is_linear=0
shrinkage=0.05


Tree=342
num_leaves=15
num_cat=0
split_feature=55 50 4 1 3 51 1 4 21 7 38 51 6 25
split_gain=1.02013 2.63413 3.40918 4.32701 2.81069 3.77266 2.52964 2.5283 6.09172 5.32996 3.84899 3.17546 3.84675 3.78891
threshold=2.4223345518112187 23.301036382321396 3.6105476617813115 0.11635863408446313 0.20126582278481017 0.64334637964774966 0.39976291358470922 1.6550552248954775 0.39879518072289161 0.73873180150985729 6.3421833140582429 0.55625879043600579 0.71529746055603038 0.99900886416435253
decision_type=2 2 2 2 2 2 2 2 2 2 2 2 2 2
left_child=1 2 7 -4 -5 -6 -3 11 9 -9 -10 12 -1 -13
right_child=-2 6 3 4 5 -7 -8 8 10 -11 -12 13 -14 -15
leaf_value=-0.013316761113190634 -0.0049556201895774397 0.025664461762361535 0.035731169146767071 -0.0030942781233093859 -0.049244087409026242 0.023255810922181087 -0.0089456940584154328 0.022215217277913146 0.0046984804912452603 -0.0014400120073781132 -0.035177005960985268 -0.017061689076199212 0.0030109809953439599 0.011281388823950857
leaf_weight=82.807918718550354 88.032767213619081 18.220503137446943 2.4387412804644581 8.8918139932211506 11.160415860358624 1.4978889971971501 6.6951216566376379 56.698471830924973 11.466297097387725 40.350433142855763 11.341743540018795 13.487633939133955 62.790741450153291 63.732176804449409
leaf_count=670 1199 154 20 97 78 11 45 384 86 303 80 129 463 412
internal_value=-0.000123735 0.000972398 -0.000116144 -0.017947 -0.0253367 -0.0395904 0.016378 0.00118069 0.00700552 0.0124656 -0.015775 -0.00196986 -0.00630277 0.006176
internal_weight=479.613 391.58 366.664 23.9889 21.5501 12.6583 24.9156 342.675 119.857 97.0489 22.808 222.818 145.599 77.2198
internal_count=4131 2932 2733 206 186 89 199 2527 853 687 166 1674 1133 541
is_linear=0
shrinkage=0.05


Tree=343
num_leaves=15
num_cat=0
split_feature=22 45 34 34 6 8 4 33 45 33 33 52 1 23
split_gain=0.987351 3.09271 2.54486 2.2879 1.72078 2.4954 2.13415 2.02188 1.65333 2.49086 3.37402 3.82951 3.75193 3.35688
threshold=1.4987789119005879 0.59891304347826091 0.74680898860000822 8.4424366106820887 0.87366262078285228 0.31273397803306585 1.1686016321182253 0.32457846403121954 0.61781229345670863 0.70404738187789928 0.57581046223640453 22.500000000000004 0.13444633036851886 0.23810856282076939
decision_type=2 2 2 2 2 2 2 2 2 2 2 2 2 2
left_child=2 3 -1 -2 8 -6 -7 -8 -4 10 11 12 -10 -13
right_child=1 -3 4 -5 5 6 7 -9 9 -11 -12 13 -14 -15
leaf_value=-0.044577977833273871 0.028972581081171823 -0.024462706159941994 -0.0015913988881852033 -0.021057567915576624 -0.042761075837081775 -0.030947589303868983 0.028206998676031547 -0.024609401033131431 -0.010535910623512459 -0.010340440505109258 0.029181110467229071 0.036930287622736244 0.016147236013241809 -0.023427559761956211
leaf_weight=2.2639625839947248 12.692887772340329 3.9272052878513923 320.07473923324142 1.9915724303573359 4.7513477564789346 2.9893126295646635 5.239113787189126 1.6776156726991756 16.664569340646267 20.550952629186213 15.443640059791504 1.7537617338821316 52.89917653799057 15.931411074474452
leaf_count=112 115 50 2638 14 52 45 31 31 97 417 90 9 335 95
internal_value=-0.000117383 0.0108706 -0.000584331 0.0212773 -0.000270202 -0.016561 -0.00122569 0.0139063 0.000304478 0.00520142 0.00838141 0.00441077 0.00969634 -0.015786
internal_weight=478.851 18.6117 460.24 14.6845 457.976 14.6574 9.90604 6.91673 443.318 123.244 102.693 87.2489 69.5637 17.6852
internal_count=4131 179 3952 129 3840 159 107 62 3681 1043 626 536 432 104
is_linear=0
shrinkage=0.05


Tree=344
num_leaves=15
num_cat=0
split_feature=3 7 55 36 40 12 55 53 49 38 42 17 55 50
split_gain=1.03623 3.38066 3.09676 4.46455 3.38889 2.84128 4.07301 2.76471 3.63818 3.59796 3.21202 2.74637 4.49662 3.74974
threshold=0.22767145135566189 0.66521948575973522 0.29326054453849798 14.287139810573064 0.87687268018190301 1.5367227196693423 0.39818713068962103 0.48331479421579543 0.92424715021705806 6.5622670626601449 1.3368367552757265 0.19672718585762067 0.22124036401510241 1.1730365416924691
decision_type=2 2 2 2 2 2 2 2 2 2 2 2 2 2
left_child=1 -1 -3 4 -4 6 -2 8 -6 -10 -9 13 -13 -7
right_child=5 2 3 -5 7 11 -8 10 9 -11 -12 12 -14 -15
leaf_value=0.0048787053356211989 -0.00090146646002959262 0.0083124807542464055 -0.030632055375077349 -0.032404878671388734 -0.021255184528241679 0.012416316003922637 -0.034193806864557016 -0.023842004922490723 0.031521619939154602 -0.02774519770805774 0.00089685477610294308 -0.0077588368213178677 0.013791647349400622 -0.011644908378200272
leaf_weight=88.947660511184949 42.055283912457526 24.010137241333723 11.384322716970926 19.387771765410434 5.4201554379542385 23.841653623618186 10.775251030689104 20.140250786789693 15.151396613451654 2.2433489379473022 34.405936522874981 30.744249351322651 103.9598533695098 45.661154077388346
leaf_count=872 243 136 257 255 69 171 102 289 110 25 408 186 664 344
internal_value=-0.000121063 -0.00262459 -0.00767389 -0.0112672 -0.00633971 0.00203418 -0.0082008 -0.0024196 0.0118694 0.0227854 -0.00850233 0.00470914 0.00885213 -0.00333211
internal_weight=478.128 221.091 132.143 108.133 88.7454 257.037 52.8305 77.3611 22.8149 17.3947 54.5462 204.207 134.704 69.5028
internal_count=4131 2421 1549 1413 1158 1710 345 901 204 135 697 1365 850 515
is_linear=0
shrinkage=0.05


Tree=345
num_leaves=15
num_cat=0
split_feature=17 31 35 20 24 27 35 36 51 16 31 29 19 43
split_gain=0.994667 1.51779 1.47234 1.28013 1.22016 1.94326 2.76553 1.97604 1.88897 1.82221 1.7436 2.9956 3.29184 3.3153
threshold=0.68683574879227061 0.4010869565217392 2.7819893394969566 4.4219182007791638 1.5713692902208354 0.76415200103062364 1.7354390908158366 8.665265683176564 0.43503836317135552 1.0000000180025095e-35 0.31057781919850891 123.50000000000001 0.92984781642448466 7.6615075381263233
decision_type=2 2 2 2 2 2 2 2 2 2 2 2 2 2
left_child=4 2 3 -2 9 10 8 -8 -7 -1 -6 -12 -13 -14
right_child=1 -3 -4 -5 5 6 7 -9 -10 -11 11 12 13 -15
leaf_value=-0.027493460622598793 -0.037935742531869585 0.02219484461748035 0.01288174067553134 0.013229016176165934 0.0019591101609653348 -0.0092104731387420546 -0.039848010173102549 0.011983556889358043 0.046928034477715548 0.020922631999780578 -3.0915362629275882e-05 -0.029465044514731684 -0.038861615599184579 0.013710785485607084
leaf_weight=7.2840639722417091 6.6917548981728014 1.5554963164031494 1.8689069850370286 0.9382123976247384 319.78264077444328 1.5157392639666776 1.7916806679568251 4.4979188328143209 6.3436075351200998 1.7343618916347621 87.71199844032526 20.680731815635227 2.9403822561725965 11.558450756128876
leaf_count=153 99 12 26 10 2654 13 36 39 47 13 718 204 28 79
internal_value=-0.000127629 -0.0143082 -0.0218305 -0.0308404 0.000238802 0.000616025 0.0182251 -0.00622233 0.0362837 -0.0170234 1.33856e-05 -0.00502463 -0.0171303 0.00122955
internal_weight=476.896 11.0544 9.49887 7.62997 465.842 456.823 14.1489 6.2896 7.85935 9.01843 442.674 122.892 35.1796 14.4988
internal_count=4131 147 135 109 3984 3818 135 75 60 166 3683 1029 311 107
is_linear=0
shrinkage=0.05


Tree=346
num_leaves=15
num_cat=0
split_feature=23 23 5 15 42 8 8 50 51 31 33 13 39 1
split_gain=0.982751 4.35946 4.19502 2.94245 2.89606 2.73965 3.45443 3.59294 3.65747 3.97049 4.16592 4.21591 4.63111 4.09973
threshold=0.45678012871599583 0.5396789485152732 2.5561382770538335 1.0000000180025095e-35 2.386142492294312 0.30176468193531042 0.3092645555734635 0.68352858502579295 0.36417112299465243 0.095564253098499682 0.41086539626121527 0.48195256175220674 2.8677906567109139 0.12804350256919864
decision_type=2 2 2 2 2 2 2 2 2 2 2 2 2 2
left_child=5 2 3 -2 -4 -1 -7 -8 -9 -10 11 13 -13 -11
right_child=1 -3 4 -5 -6 6 7 8 9 10 -12 12 -14 -15
leaf_value=0.017348489288537373 0.026729273917555935 -0.00084355653400680793 -0.037183292830786342 -0.022048030511717165 0.029088509894913607 -0.018051255281712881 -0.027319029946661907 0.028306992685058763 0.017089551376042702 -0.025816547378639632 -0.027698713618531958 0.0044876801726998128 -0.031100436464671005 0.041753746445501144
leaf_weight=13.706952740030827 33.623842490254901 271.80963818816235 4.7134267534129313 2.6503074942156664 1.4710875712335107 38.120986978668952 10.422157463035544 10.898244013136717 21.392480106442235 2.1991183692589393 17.15387925656978 27.000585388159379 12.664773775381034 8.4395062457770091
leaf_count=168 254 2016 36 22 8 409 117 89 259 14 327 237 125 50
internal_value=-0.000125557 0.00150441 0.0162091 0.0226695 -0.0195648 -0.00327744 -0.00528738 -0.000748206 0.00227163 -0.00120133 -0.0071667 0.000238223 -0.00736063 0.0267682
internal_weight=476.267 314.268 42.4587 36.2741 6.18451 161.999 148.292 110.171 99.7486 88.8503 67.4579 50.304 39.6654 10.6386
internal_count=4131 2336 320 276 44 1795 1627 1218 1101 1012 753 426 362 64
is_linear=0
shrinkage=0.05


Tree=347
num_leaves=15
num_cat=0
split_feature=42 29 22 45 2 37 51 49 26 4 26 7 13 17
split_gain=0.980808 1.58853 1.21638 3.2089 3.73913 4.20636 3.56787 5.28361 4.57017 4.54017 4.16356 3.7343 3.46528 2.97067
threshold=3.1246939897537236 101.50000000000001 0.56599003403607118 0.52419984387197516 0.26987721025943762 3.5191724765906596 0.45808232931726911 2.2424966700290008 4.1329786330289009 1.3022200465202334 6.0675659179687509 0.53788393735885631 1.089548441093827 0.20933387600054268
decision_type=2 2 2 2 2 2 2 2 2 2 2 2 2 2
left_child=2 -2 3 6 5 13 9 11 -9 -1 -10 -8 -11 -5
right_child=1 -3 -4 4 -6 -7 7 8 10 12 -12 -13 -14 -15
leaf_value=-0.012234162083351995 -0.042965810523610939 -0.0043402854718075186 -0.0021058101301810179 -0.030828308260255618 0.019542183814984456 0.012333397799233493 0.030428584623608358 0.020816987122437125 -0.038077589383308262 0.029554295176298317 0.019110251214731325 -0.023780257082568122 -0.019960554310180505 0.0039785964058370593
leaf_weight=14.565666711190714 2.2851416089106378 15.61766459350474 240.51908059039852 12.554541334742682 47.574579669395462 31.114024496637285 2.5895823230966917 19.786574324592952 7.4601752711459977 21.277003265451643 4.3223710497841239 41.496110675128875 3.4733471577055743 10.818603090709074
leaf_count=160 28 154 2066 171 357 233 19 149 48 141 32 453 43 77
internal_value=-0.000121278 -0.0112827 0.000339091 0.0030458 0.00945536 0.000454752 -0.00267655 -0.00898913 0.00651791 0.00939224 -0.0172447 -0.0199918 0.0221003 -0.0152152
internal_weight=475.454 17.9028 457.552 217.033 102.062 54.4872 114.971 75.6548 31.5691 39.316 11.7825 44.0857 24.7504 23.3731
internal_count=4131 182 3949 1883 838 481 1045 701 229 344 80 472 184 248
is_linear=0
shrinkage=0.05


Tree=348
num_leaves=15
num_cat=0
split_feature=35 43 51 13 25 5 4 51 43 22 1 8 42 33
split_gain=1.00833 2.30743 3.00512 3.39526 2.86893 2.77259 3.01452 3.0098 3.11913 2.99257 2.7038 2.80481 2.44362 2.44158
threshold=2.4494511989963739 10.049619697970448 0.37573529411764711 0.94310039371486354 1.0995376110076907 1.7026162147521975 1.4970408082008364 0.42444997924449984 11.76794970699261 1.3313937666894569 0.28075008094310766 0.34426011145114904 0.15115889161825183 0.27121284604072576
decision_type=2 2 2 2 2 2 2 2 2 2 2 2 2 2
left_child=-1 4 12 5 -2 7 -7 -4 -9 10 11 -10 -3 -13
right_child=1 2 3 -5 -6 6 -8 8 9 -11 -12 13 -14 -15
leaf_value=0.0011842556501616569 -0.018318504842132276 -0.02290004923629417 -0.047179874239351056 -0.039480821533650998 0.013553559210172476 0.034819656608249511 -0.0051169942637213223 -0.052149545017157406 0.020471131915239239 -0.040788291010876325 -0.03287093845832658 -0.054957865293861034 0.027364416262165254 0.0096914575967163505
leaf_weight=359.78215051296866 8.3473413705942203 2.4382046484388402 5.6740973577834657 9.2928261199558602 28.452199795749038 5.3924285011598867 17.377740484895185 2.7606376612093326 15.793106948491195 3.4911041371524325 3.2577631985768667 1.7229184135794628 8.1305798669345659 2.6160552634391934
leaf_count=3043 207 25 41 129 258 32 123 21 116 25 28 11 51 21
internal_value=-0.000118738 -0.00417913 -0.00901454 -0.0129103 0.00603057 -0.00806324 0.00540776 -0.0166586 -0.00946699 -0.00337034 0.00365793 0.0108448 0.0147913 -0.021465
internal_weight=474.529 114.747 77.9475 67.3787 36.7995 58.0859 22.7702 35.3157 29.6416 26.8809 23.3898 20.1321 10.5688 4.33897
internal_count=4131 1088 623 547 465 418 155 263 222 201 176 148 76 32
is_linear=0
shrinkage=0.05


Tree=349
num_leaves=15
num_cat=0
split_feature=22 28 8 51 34 49 49 35 43 22 7 43 35 12
split_gain=1.01204 2.38079 2.74286 2.1995 3.82271 2.22472 2.87045 1.89776 1.77898 1.63289 2.87283 1.81505 1.96919 1.81216
threshold=0.066551861429267875 1.021779641276497 0.33677159249782568 0.55395010395010413 7.2689287966505196 0.65055744800355864 2.0398372478270339 2.7486120333478063 5.0654073958469912 0.099993668669626473 0.73727816343307506 21.254324652156161 2.7819893394969566 0.73520690202713024
decision_type=2 2 2 2 2 2 2 2 2 2 2 2 2 2
left_child=1 2 8 4 7 -5 -7 -3 -1 10 11 12 -2 -12
right_child=9 3 -4 5 -6 6 -8 -9 -10 -11 13 -13 -14 -15
leaf_value=0.0079536847891267474 0.035851844847947477 -0.042147320181745246 0.013389670370847918 0.042033956425768258 0.013709880115531013 -0.029691532156656694 0.02472009195768806 0.0037107381335281311 -0.051131001880573117 -0.00018042148280191596 0.028437499787737575 -0.01567877426147379 -0.0068065218273223281 -0.028526184053846399
leaf_weight=1.2490101109724472 13.149031767621645 7.3502171555301228 2.5648602533619851 3.951475744135676 8.1750628855079395 3.5503098664339632 4.1875635362230241 2.8826497910777107 6.216485387965804 409.89908014179673 0.96893538907170196 2.1032700538635245 2.9906704397872081 4.7255399952409789
leaf_count=17 92 106 21 39 64 44 38 55 49 3502 5 17 30 52
internal_value=-0.000134468 -0.00763105 -0.0275028 -0.000337048 -0.0109101 0.0158607 -0.000786075 -0.0300486 -0.041474 0.000574882 0.0129971 0.0224212 0.0280114 -0.0160336
internal_weight=473.964 40.1276 10.0304 30.0973 18.4079 11.6893 7.73787 10.2329 7.4655 433.837 23.9374 18.243 16.1397 5.69448
internal_count=4131 433 87 346 225 121 82 161 66 3698 196 139 122 57
is_linear=0
shrinkage=0.05


Tree=350
num_leaves=15
num_cat=0
split_feature=3 7 2 22 28 39 44 9 32 36 45 37 5 12
split_gain=1.02908 2.96523 3.96456 4.4534 3.30491 3.09489 3.19175 2.96532 2.92074 5.36663 4.48326 4.06902 3.92969 5.46853
threshold=0.22767145135566189 0.66521948575973522 0.30870452523231512 0.29948483891501809 1.1676029962546819 1.2062869348960457 1.8566246032714846 0.69631093544137035 0.47520491803278692 16.596864749970099 0.61781229345670863 2.9407663563660944 1.9548715949058535 2.8022731542587285
decision_type=2 2 2 2 2 2 2 2 2 2 2 2 2 2
left_child=1 -1 4 -4 7 6 -5 -3 11 10 -10 -2 -13 -14
right_child=8 2 3 5 -6 -7 -8 -9 9 -11 -12 12 13 -15
leaf_value=0.0044176204486460731 0.025462134312693438 -0.0042226461423389731 -0.020915520208224195 -0.040921573737598443 -0.032148826318435013 0.021673711846741075 0.010530556107856824 -0.037200962052071296 -0.012007671646830092 0.014150752245367946 0.0073942870350958215 0.010324416995531011 -0.052093217570092679 0.0086870712223802143
leaf_weight=88.101536810834659 26.870707202004269 55.475147733319318 12.618481699260881 3.8142129015177471 18.593928699556272 25.831411564315204 7.2708719447255135 6.8341718246228984 96.996374822454527 41.502898959675804 41.97418423963245 34.218349072150886 6.078939776401965 7.248387505300343
leaf_count=872 189 662 169 62 280 262 48 66 612 272 308 241 42 46
internal_value=-0.000128109 -0.00263928 -0.00740306 0.00369626 -0.014161 0.0124386 -0.00909454 -0.00837023 0.00202685 -0.00141892 -0.00613661 0.0102915 0.00136981 -0.0207373
internal_weight=473.43 218.54 130.438 49.535 80.9032 36.9165 11.0851 62.3093 254.89 180.473 138.971 74.4164 47.5457 13.3273
internal_count=4131 2421 1549 541 1008 372 110 728 1710 1192 920 518 329 88
is_linear=0
shrinkage=0.05


Tree=351
num_leaves=15
num_cat=0
split_feature=44 52 43 55 37 43 32 4 45 50 3 4 19 4
split_gain=1.00678 3.04844 2.86357 2.95278 2.43711 1.94399 1.83863 1.71218 1.65331 1.60504 3.80184 3.67138 3.46189 3.35435
threshold=0.44148889183998113 5.5000000000000009 0.82822127940529155 0.9860500991344453 2.2999203828869712 1.8384278373376282 0.25625390869293313 0.49840597808361059 0.94782214156079869 10.324656923671045 0.58477011494252884 1.1217400431632998 2.0713811973520593 4.3919684886932382
decision_type=2 2 2 2 2 2 2 2 2 2 2 2 2 2
left_child=1 2 -1 4 -4 6 -2 -5 -3 -7 11 12 -11 -13
right_child=5 8 3 7 -6 9 -8 -9 -10 10 -12 13 -14 -15
leaf_value=0.033144014672271495 -0.02028499970737364 -0.034795320577343823 -0.025561795900404406 0.0072433457208741121 0.0314014881968845 -0.0015291002374054326 0.033860959179388334 -0.045739377617684068 0.014909801581818273 -0.055126517745323615 0.037985054518134588 0.013761234341357613 0.011631038383008427 -0.0082629764343802696
leaf_weight=4.8892198220128256 1.2649452830664802 10.008609204145612 1.9154317195061574 1.7965823298727626 4.7009665872901678 348.05682081301347 6.5193662677193061 4.3026124795433134 1.3945315557648417 4.0096972642932078 7.4163521602749816 47.634502929868177 2.6884461061563343 25.998222451773472
leaf_count=43 20 252 49 69 41 2691 39 215 62 36 47 341 21 205
internal_value=-0.000131759 -0.00899562 0.00416053 -0.00858777 0.0137198 0.000466813 0.0237547 -0.0313108 -0.0280047 -2.58437e-06 0.00600147 0.00261793 -0.0303017 0.00597841
internal_weight=472.596 29.008 17.6048 12.7156 6.6164 443.588 7.78431 6.09919 11.4031 435.804 87.7472 80.3309 6.69814 73.6327
internal_count=4131 731 417 374 90 3400 59 284 314 3341 650 603 57 546
is_linear=0
shrinkage=0.05


Tree=352
num_leaves=15
num_cat=0
split_feature=5 35 35 51 49 31 45 8 42 52 5 31 49 5
split_gain=1.07708 3.6515 3.51495 3.2152 3.95361 3.10291 3.67179 3.15132 2.94931 2.77519 2.68575 2.5212 2.4932 2.31881
threshold=0.89248007535934459 2.0714355388849777 3.1782094042056261 0.51149577167019034 0.92985169770379217 0.46720430107526884 0.67607313195548502 0.30504150688648229 1.9183536171913149 2.5000000000000004 0.28202883899211889 0.76372093023255827 7.3053037008542487 1.1497550606727602
decision_type=2 2 2 2 2 2 2 2 2 2 2 2 2 2
left_child=1 5 -3 -4 -5 6 7 -1 12 -9 -11 -7 -8 -2
right_child=13 2 3 4 -6 11 8 9 -10 10 -12 -13 -14 -15
leaf_value=-0.058439291660046903 0.0099520696478609342 0.013486865149846636 -0.037832814641183835 0.035150891565480062 -0.023906767364869821 0.030292685025974542 -0.02373338581832956 0.0051818894901002983 0.025186289652390233 -0.0011097753108741005 -0.045341053998896048 -0.030931749296292457 0.025054708384377945 -0.00063220496484366886
leaf_weight=6.1888435028959092 61.401027773856185 36.228638319647871 6.7363386246142936 4.5243518272764032 4.8491521163377911 5.6694671395234755 11.270443152752707 7.7438545282930162 6.1796397850848725 5.1737787578022099 9.5030217827297729 1.3593162824399767 2.4529250349150962 302.49625864735572
leaf_count=71 448 351 103 52 71 42 179 58 90 74 83 17 22 2470
internal_value=-0.000126448 -0.00449054 0.00494506 -0.0139298 0.00523946 -0.0133122 -0.0178086 -0.0289728 -0.00114235 -0.0186912 -0.0308143 0.0160745 -0.0139036 0.00117608
internal_weight=471.777 107.88 52.3385 16.1098 9.3735 55.5413 48.5125 28.6095 19.903 22.4207 14.6768 7.02878 13.7234 363.897
internal_count=4131 1213 577 226 123 636 577 286 291 215 157 59 201 2918
is_linear=0
shrinkage=0.05


Tree=353
num_leaves=15
num_cat=0
split_feature=27 52 42 24 35 2 7 51 45 29 28 7 38 26
split_gain=1.00316 2.87564 3.4558 3.28111 3.3104 3.23519 3.57749 3.76854 3.54808 3.1317 3.29386 3.10954 2.88686 3.83988
threshold=0.48535735956290088 2.5000000000000004 0.54679179191589367 1.6306654686916473 2.1809002454758395 0.34827311336994177 0.73727816343307506 0.45141620771046426 0.69416099773242645 149.00000000000003 1.0261071469022542 0.57921546697616588 9.3392983295476935 2.5222958467707595
decision_type=2 2 2 2 2 2 2 2 2 2 2 2 2 2
left_child=-1 3 9 -2 -5 6 8 -8 -4 10 -3 -10 13 -13
right_child=1 2 5 4 -6 -7 7 -9 11 -11 -12 12 -14 -15
leaf_value=-0.0017199217574651532 -0.028136746826680954 0.0039383194125176589 0.014710301819872418 0.032715858003446736 -0.014866562128085507 0.028922339043097295 0.013243237141300527 -0.024708431035914712 -0.041364539057386678 0.02310521494807611 -0.037830255575248543 -0.014116728784895194 -0.039110574546059033 0.042607326513787305
leaf_weight=319.14412604310201 2.5514577010762904 6.7703846202930498 46.149679035064764 18.94748331443407 3.8590120798908165 10.61471482075285 8.6676713135093468 20.413169373350684 4.8579349953215596 3.3550053036306045 13.36111268395325 5.295377064147031 2.2423787999432525 4.8916809670627117
leaf_count=2675 40 69 374 155 38 106 80 246 53 35 148 60 16 36
internal_value=-0.000128682 0.00320224 7.39213e-05 0.0182274 0.0243783 0.00404765 0.000914991 -0.0133326 0.00755191 -0.016828 -0.0242615 -0.0113173 0.00263208 0.0144952
internal_weight=471.121 151.977 126.619 25.358 22.8065 103.133 92.5179 29.0808 63.4371 23.4865 20.1315 17.2874 12.4294 10.1871
internal_count=4131 1456 1223 233 193 971 865 326 539 252 217 165 112 96
is_linear=0
shrinkage=0.05


Tree=354
num_leaves=15
num_cat=0
split_feature=33 52 33 44 5 21 30 45 22 9 1 7 51 44
split_gain=1.01372 4.87508 3.44526 3.22958 4.38702 5.39054 4.16224 3.98634 3.21788 2.95505 3.28954 3.15571 4.98099 3.35636
threshold=0.214654415845871 17.500000000000004 0.17756906151771548 2.3159894943237309 1.3071844577789309 0.2958754208754209 120.50000000000001 0.50280898876404512 0.69995568068738534 0.40824915824915831 0.11742765456438066 0.60572034120559703 0.57795138888888897 1.801500737667084
decision_type=2 2 2 2 2 2 2 2 2 2 2 2 2 2
left_child=1 3 -3 7 5 -5 -7 8 -1 -2 -11 -12 13 -13
right_child=9 2 -4 4 -6 6 -8 -9 -10 10 11 12 -14 -15
leaf_value=-0.0087418030322725972 0.0010255537120923788 -0.048150124126050332 0.0055212228309682206 -0.049036677842397021 0.009256086477843796 -0.022982109383237088 0.038460030302345502 0.025424687002297636 0.016963695732028439 0.017968366725987922 0.0091143994863259904 -0.022500209133193408 -0.045155982492089936 0.0040229055918661457
leaf_weight=26.088813948910683 257.83302167512011 6.378703903872518 4.7128279358148575 8.6082441471517104 23.727039354853332 5.3576799673028273 3.8783535249531269 32.8888795748353 21.15378669789061 8.5193837482947838 12.160618224646894 24.643566038721474 12.438145995722151 21.814700707560405
leaf_count=182 2559 39 28 55 148 33 20 220 142 69 75 259 138 164
internal_value=-0.000126203 0.00355847 -0.0267744 0.00651857 -0.00471613 -0.0227999 0.00405516 0.0123333 0.00288137 -0.00158261 -0.0099411 -0.0134902 -0.0182318 -0.0102238
internal_weight=470.204 132.794 11.0915 121.703 41.5713 17.8443 9.23603 80.1315 47.2426 337.409 79.5764 71.057 58.8964 46.4583
internal_count=4131 867 67 800 256 108 53 544 324 3264 705 636 561 423
is_linear=0
shrinkage=0.05


Tree=355
num_leaves=15
num_cat=0
split_feature=5 35 35 51 49 31 45 8 3 43 42 27 31 44
split_gain=1.01276 3.38188 3.17401 2.91995 3.61713 2.79831 3.38933 2.9952 2.83317 3.47452 2.80963 2.67686 2.35372 2.35226
threshold=0.89248007535934459 2.0714355388849777 3.1782094042056261 0.51149577167019034 0.92985169770379217 0.46720430107526884 0.67607313195548502 0.30504150688648229 0.50490196078431382 13.054271676553297 1.1693722605705263 0.56729788884836974 0.76372093023255827 0.24562826007604602
decision_type=2 2 2 2 2 2 2 2 2 2 2 2 2 2
left_child=1 5 11 -4 -5 6 7 -1 9 -8 -11 13 -7 -3
right_child=-2 2 3 4 -6 12 8 -9 -10 10 -12 -13 -14 -15
leaf_value=-0.056831865948454345 0.0011373364998216371 -0.032385989395308366 -0.036101535892828635 0.033946283417449277 -0.022846803598049623 0.02910862940335935 -0.035721116163061908 -0.017922795704671798 0.020909495265483 -0.022337975732604945 0.043520837718272615 -0.021455361421902581 -0.030278322510887429 0.020977977691006545
leaf_weight=6.1104350213427123 362.23343786757323 1.3341562140849443 6.6960752167506135 4.4502700925804657 4.804711701348424 5.5764713102253145 7.2795905217644776 22.252773068496026 7.7643337652552864 2.080345151014626 2.6352526023983955 4.1343992720358065 1.3416229970753191 30.548311430728063
leaf_count=71 2918 67 103 52 71 42 205 215 59 11 16 49 17 235
internal_value=-0.000126911 -0.0043774 0.00473159 -0.0132996 0.00510945 -0.0129088 -0.0171805 -0.0279552 -0.00111264 -0.0158794 0.0156415 0.0128608 0.0152223 0.0178279
internal_weight=469.242 107.009 51.9679 15.9511 9.25498 55.0408 48.1227 28.3632 19.7595 11.9952 4.7156 36.0169 6.91809 31.8825
internal_count=4131 1213 577 226 123 636 577 286 291 232 27 351 59 302
is_linear=0
shrinkage=0.05


Tree=356
num_leaves=15
num_cat=0
split_feature=20 23 20 20 2 24 32 13 55 36 55 13 30 36
split_gain=0.977342 2.02025 1.34439 1.35987 1.46171 2.77824 2.06436 1.74149 1.6469 3.05772 2.2033 3.17431 2.84167 3.57122
threshold=8.0052582509154799 0.35173332460645063 6.2300817921846603 5.3939143513392169 0.3807275146245957 3.2135092905829601 0.27326839826839833 1.1337367293838834 10.112587928771974 7.5086173253970054 2.5316654443740849 5.8356496960517825 75.500000000000014 13.082964695395964
decision_type=2 2 2 2 2 2 2 2 2 2 2 2 2 2
left_child=2 -2 3 4 8 6 -6 -7 10 -10 -1 12 -12 -14
right_child=1 -3 -4 -5 5 7 -8 -9 9 -11 11 -13 13 -15
leaf_value=0.00091067440466985328 -0.021862965144694615 0.026474092728032462 -0.029214358959115706 0.033167400460031991 -0.024623721346592197 -0.04591609660159067 0.021364637492304505 0.014227952553543484 -0.019248055234523925 0.026744411869581743 0.036839493908055347 0.031508800140223968 -0.0073298682027232529 -0.037433058671505065
leaf_weight=364.83342006593011 2.0621843369444814 7.4655877589248121 3.034614320844411 2.0290650073438874 2.9466879126848635 5.8610038200858972 5.4480237762909383 0.97324395983014245 4.1049769957317066 12.641127370879984 1.8320114230737079 3.434112462680786 39.370816181472037 12.470807925797997
leaf_count=2804 23 57 25 15 66 61 42 15 86 103 11 27 631 165
internal_value=-0.000134214 0.0149291 -0.000478684 -0.000223914 -0.000445758 -0.0151814 0.00431919 -0.0366283 9.91507e-05 0.0150209 -0.000527184 -0.00957055 -0.0127271 -0.0151427
internal_weight=468.508 9.52777 458.98 455.945 453.916 15.229 8.39471 6.83425 438.687 16.7461 421.941 57.1077 53.6736 51.8416
internal_count=4131 80 4051 4026 4011 184 108 76 3827 189 3638 834 807 796
is_linear=0
shrinkage=0.05


Tree=357
num_leaves=15
num_cat=0
split_feature=6 33 44 39 30 4 1 50 23 44 34 14 9 42
split_gain=1.00686 2.70413 3.54319 3.38292 3.68377 3.29765 3.2866 4.88284 3.2784 3.44761 3.16199 3.02512 3.00513 3.40519
threshold=0.74878883361816417 0.28406861424446112 1.6531317234039309 3.5622766007855522 110.00000000000001 2.3638426065444951 0.14059569686651233 0.89677920485369234 0.51404808282487757 1.8261629939079287 9.1113883263367494 0.23217019665077174 0.54653679653679665 3.0894933938980107
decision_type=2 2 2 2 2 2 2 2 2 2 2 2 2 2
left_child=-1 2 5 4 12 -2 7 -4 9 -8 -10 -6 13 -3
right_child=1 3 6 -5 11 -7 8 -9 10 -11 -12 -13 -14 -15
leaf_value=-0.0017158894854029728 0.032726430421503125 0.023974186951598312 0.023910724238445522 -0.020359311859791902 0.01009133077878153 -0.013442424754505173 -0.048535811004385976 -0.035953886483789464 0.031133550167482135 0.0054618422263820465 -0.0075725964339058236 -0.030068506616960224 -0.020556466997716748 -0.029003958731844959
leaf_weight=318.35761884518433 20.770469212904576 27.119423951458888 4.1467619240283957 20.445248899632134 7.048571877297948 4.1224125484004608 3.1054083853960028 9.8315385300666076 17.557188372127715 9.9700877079740149 6.902287899516522 10.990980781498363 4.966466305195353 2.5508870091289273
leaf_count=2803 137 250 27 285 78 34 19 67 125 73 46 106 54 27
internal_value=-0.000127142 0.00324437 0.00976417 -0.00360812 0.00315169 0.0248567 0.0021365 -0.0177839 0.00982401 -0.00989965 0.0203425 -0.014671 0.0125853 0.0186223
internal_weight=467.885 149.528 76.4062 73.1216 52.6763 24.8929 51.5133 13.9783 37.535 13.0755 24.4595 18.0396 34.6368 29.6703
internal_count=4131 1328 528 800 515 171 357 94 263 92 171 184 331 277
is_linear=0
shrinkage=0.05


Tree=358
num_leaves=15
num_cat=0
split_feature=44 53 22 33 12 42 8 33 55 55 1 3 42 36
split_gain=1.03716 3.2967 4.58716 3.39567 4.76928 4.48075 4.32033 5.00596 3.75134 3.30534 4.16606 3.67022 3.31307 3.23577
threshold=1.4955547451972964 0.56385869565217395 0.40007966755441277 0.39967049658298498 4.2414815425872812 0.56682702898979198 0.32484930753707891 0.57581046223640453 1.6684710979461672 0.38451126217842108 0.30118873715400701 0.50490196078431382 1.9659498333930971 14.171999045862149
decision_type=2 2 2 2 2 2 2 2 2 2 2 2 2 2
left_child=1 3 9 4 5 -1 8 -8 -5 -3 11 -11 -12 -4
right_child=-2 2 13 6 -6 -7 7 -9 -10 10 12 -13 -14 -15
leaf_value=-0.0053530352294547216 0.0018258182365014121 0.024467544882324797 -0.023642906040553906 -0.036830164218285492 -0.024855880641161964 0.034269854288485481 -0.018760925212315344 0.037082793947828978 0.0030024432447866194 -0.025546802798642694 0.04120655490133214 0.013215222409399877 -0.017418354393717802 0.00083004229994293336
leaf_weight=9.8106012907810491 276.45921955269296 12.482733494602142 47.163952567818342 12.094253154704349 5.4209094613324842 22.978605579584837 5.9600463922834015 8.8578268941491825 10.519200744980479 19.393036252527967 6.3868988614995015 7.9830510756000868 2.8950286998879164 18.678277028666344
leaf_count=82 1936 82 633 132 48 120 78 134 208 349 49 54 44 182
internal_value=-0.000128321 -0.00295711 -0.00826184 0.00510921 0.0154112 0.022607 -0.00553452 0.0148553 -0.0189586 0.00327417 -0.00440066 -0.0141762 0.0230058 -0.0167918
internal_weight=467.084 190.624 114.983 75.6414 38.2101 32.7892 37.4313 14.8179 22.6135 49.1407 36.658 27.3761 9.28193 65.8422
internal_count=4131 2195 1393 802 250 202 552 212 340 578 496 403 93 815
is_linear=0
shrinkage=0.05


Tree=359
num_leaves=15
num_cat=0
split_feature=32 29 34 34 55 36 45 55 39 40 4 43 3 33
split_gain=0.995034 1.97211 1.83773 3.76783 2.74646 2.53643 3.28953 2.47516 2.09979 2.00533 1.95859 2.82637 2.02174 1.75029
threshold=0.74106002554278427 92.500000000000014 3.3099428976949077 5.0966388829159728 0.1136583983898163 17.141475521026024 0.41445993031358891 1.4691480398178103 1.244988818612655 0.7937835582298064 1.1783488392829897 21.06048144356382 0.63762626262626265 2.1355429887771611
decision_type=2 2 2 2 2 2 2 2 2 2 2 2 2 2
left_child=13 -2 8 -4 -5 7 -7 9 -3 -6 11 -11 -12 -1
right_child=1 2 3 4 5 6 -8 -9 -10 10 12 -13 -14 -15
leaf_value=0.001230996234644584 0.023762322930965127 0.019890105049959476 0.018977741675754861 0.012920764327455182 0.010753839578479578 -0.024699690426265797 0.025263150534536025 0.017812058876203258 -0.040108140122597974 -0.04234621642807055 -0.024221427489911015 0.015148531722322148 0.027674629961074622 -0.036123938579712245
leaf_weight=384.36385917579173 4.5389758720993987 1.1758025172166515 12.884485655929891 9.7554642222821695 2.8108586668968227 4.7047043410129827 6.8406377080827951 2.8340446748770765 6.218777191825211 19.997055298881612 3.6619808161631218 1.8810117542743672 2.1540738493204117 2.1621951557463026
leaf_count=3351 29 11 85 56 14 38 44 20 58 128 26 13 13 245
internal_value=-0.000121432 -0.00518106 -0.0072245 -0.00441043 -0.0101675 -0.0153579 0.00455745 -0.0221865 -0.029335 -0.0263499 -0.0303593 -0.0369569 -0.00376053 0.000929358
internal_weight=465.984 79.4579 74.9189 67.5243 54.6398 44.8844 11.5453 33.339 7.39458 30.505 27.6941 21.8781 5.81605 386.526
internal_count=4131 535 506 437 352 296 82 214 69 194 180 141 39 3596
is_linear=0
shrinkage=0.05


Tree=360
num_leaves=15
num_cat=0
split_feature=22 28 1 34 51 24 27 9 6 22 45 35 2 2
split_gain=1.03978 2.12584 2.58867 1.98314 3.62615 2.05704 2.21879 1.84904 1.57294 1.45924 3.43136 3.09723 3.0122 3.3178
threshold=0.066551861429267875 1.021779641276497 0.13001970946788791 7.2689287966505196 0.56550343249427926 3.1686323395098666 0.22501495734547891 0.072751322751322761 0.34857469797134405 0.40007966755441277 0.52419984387197516 2.876244214186396 0.23783820122480395 0.24621888995170596
decision_type=2 2 2 2 2 2 2 2 2 2 2 2 2 2
left_child=1 2 -1 4 5 -3 -7 -6 -4 10 12 -12 -2 -14
right_child=9 3 8 -5 7 6 -8 -9 -10 -11 11 -13 13 -15
leaf_value=0.007238373282133519 0.018131890704171674 -0.044550658773716945 0.0057189918910537495 0.015254558074796086 0.025719731583302437 -0.027809351215288922 0.029532422623889512 -0.030312361546280964 -0.053638186879593701 -0.0015492123080934847 0.017177407742012218 -0.011852795753978707 -0.052930869998905276 -0.0040411622827337566
leaf_weight=3.4089577854610962 13.84011400293093 6.2525073321594444 1.1412436054088173 10.92387717659585 6.2880765115842214 2.7012094559613615 2.1032388204475865 0.95433120522648085 5.202960876544239 276.31513468976482 58.108058340847492 10.146590681397354 2.682177966926246 65.412789915048052
leaf_count=25 118 96 11 92 64 55 20 19 51 2440 422 124 21 573
internal_value=-0.00011461 -0.00782566 -0.0268345 -0.000803541 -0.0106832 -0.0277339 -0.00194369 0.0155546 -0.0436357 0.000606726 0.00455718 0.012753 -0.00234167 -0.00670506
internal_weight=465.481 38.9764 9.75316 29.2232 18.2994 11.057 4.80445 7.24241 6.3442 426.505 150.19 68.2546 81.9351 68.095
internal_count=4131 433 87 346 254 171 75 83 62 3698 1258 546 712 594
is_linear=0
shrinkage=0.05


Tree=361
num_leaves=15
num_cat=0
split_feature=22 3 34 20 7 31 49 6 37 32 49 55 1 40
split_gain=0.967878 2.03303 2.71285 2.75704 2.22505 2.06125 1.90652 1.69642 1.62205 1.43194 3.22338 3.66952 3.56187 2.87014
threshold=0.066551861429267875 0.44562647754137119 2.4143360700319443 2.0104479677261584 0.63345324993133556 0.14564393939393941 1.44870677138296 0.78028708696365368 5.2730657141074717 0.82200460829493094 0.16934805251358179 0.1191745586693287 0.098837547004222884 0.84543627556610768
decision_type=2 2 2 2 2 2 2 2 2 2 2 2 2 2
left_child=1 2 7 4 5 -4 8 -1 -3 -2 -11 -12 -13 -14
right_child=9 6 3 -5 -6 -7 -8 -9 -10 10 11 12 13 -15
leaf_value=0.029400720593153878 0.0015718378867374116 -0.028387742113482974 -0.031705366045180886 0.013175362787222505 -0.043032407714698379 0.021079125650703304 0.022982353803052628 -0.02978082446356153 0.020566760471887057 0.035563076636560741 0.015139078244278046 -0.055832540605858696 0.016741283593220899 -0.019936073546393707
leaf_weight=3.8821482950297677 381.44487939047394 3.9764836414251459 2.4658924131654265 3.6887619536137199 11.57986405584961 2.9887288099853322 7.6140647670254111 0.72781104230671179 1.7033968996256588 2.9821699645835897 9.1634012497961503 4.6636634180322281 6.1265412252396372 21.818676275201142
leaf_count=79 3409 34 41 34 137 24 55 16 13 21 53 34 38 143
internal_value=-0.000120626 -0.00759557 -0.0156947 -0.0232642 -0.0314481 -0.00399845 0.00785651 0.0164142 -0.0128252 0.000573035 -0.00778812 -0.0116421 -0.0193944 -0.0115946
internal_weight=464.826 38.6272 25.3332 20.7232 17.0345 5.45462 13.2939 4.60996 5.67988 426.199 44.7545 41.7723 32.6089 27.9452
internal_count=4131 433 331 236 202 65 102 95 47 3698 289 268 215 181
is_linear=0
shrinkage=0.05


Tree=362
num_leaves=15
num_cat=0
split_feature=3 7 2 22 55 9 39 39 1 27 27 13 31 35
split_gain=0.965072 2.66061 3.56738 3.93541 3.69606 2.88948 3.82874 2.85404 2.96236 2.79324 6.65342 3.25686 2.87351 2.65355
threshold=0.22767145135566189 0.66521948575973522 0.30870452523231512 0.29948483891501809 0.091862510889768614 0.69631093544137035 3.0796683613546683 1.2062869348960457 0.16709408909082415 0.42521734801087452 0.31382799159877744 0.17056274636144414 0.25595575723199099 2.8262618883277875
decision_type=2 2 2 2 2 2 2 2 2 2 2 2 2 2
left_child=1 -1 4 13 -3 6 9 8 -5 10 11 -6 -11 -4
right_child=-2 2 3 7 5 -7 -8 -9 -10 12 -12 -13 -14 -15
leaf_value=0.0041753999832765685 0.00198898928188112 0.021287492158469503 -0.034323390058495565 0.017028527897249613 -0.038800487582193961 -0.043290578148008643 -0.02915168192107458 0.020723403885386439 -0.031053443848438556 0.028985250149264903 -0.053936396583380924 0.011692960270335217 -0.0092927569606145455 0.012469307151170547
leaf_weight=86.406207841529977 249.94974038156215 6.12649917975068 8.4851907214615476 5.1439382026437652 2.9804393581580433 8.21146501181647 22.267003141110763 25.357674315979239 5.8355059013701975 9.2043544098269212 6.5497546096448778 15.18505434412509 8.7242209831019846 3.8260982068022704
leaf_count=872 1710 34 114 38 48 83 364 262 72 100 84 168 127 55
internal_value=-0.000118303 -0.00257394 -0.00713074 0.00348835 -0.0136117 -0.0167835 -0.0128243 0.0117464 -0.00898571 -0.00382614 -0.0144816 0.00181619 0.0108519 -0.0199369
internal_weight=464.253 214.303 127.897 48.6484 79.2488 73.1223 64.9108 36.3371 10.9794 42.6438 24.7152 18.1655 17.9286 12.3113
internal_count=4131 2421 1549 541 1008 974 891 372 110 527 300 216 227 169
is_linear=0
shrinkage=0.05


Tree=363
num_leaves=15
num_cat=0
split_feature=44 28 4 22 13 27 24 29 12 13 55 22 28 2
split_gain=0.983332 3.14419 3.09725 3.14806 3.6547 3.03849 3.01546 3.11391 3.00681 2.99948 2.82568 2.78599 2.61061 2.58882
threshold=1.4955547451972964 1.1612697603263642 1.9227368235588076 0.96686155132062868 0.42923480348949844 0.4536639770209383 2.0993421970774881 123.50000000000001 12.197002410888674 0.91972480364108533 0.42679640650749212 1.2319570825271715 1.2097222222222224 0.34827311336994177
decision_type=2 2 2 2 2 2 2 2 2 2 2 2 2 2
left_child=1 2 3 13 -5 -6 7 -4 11 -7 12 -8 -3 -1
right_child=-2 10 6 4 5 9 8 -9 -10 -11 -12 -13 -14 -15
leaf_value=0.013829913621888899 0.0017795830211229777 -0.019537428432784328 0.03200316286023016 0.011166151754888932 -0.059203227333523539 -0.027693127287661313 -0.025266196245820324 -0.030199479905843735 0.029003087171538783 0.02380869510669989 -0.022200732621368173 0.012250344349778505 0.017093525231512693 -0.037020613092733239
leaf_weight=64.576389288995415 274.67851363483351 7.2277466189116266 6.4963189801201207 12.241709354333581 3.5727204569848245 6.5438994087744486 29.888514008838683 1.8683722645509986 2.6303771397797382 3.5927305811783299 32.027888633485418 5.2675872398540369 10.918220268329604 1.661858848761766
leaf_count=614 1936 59 94 109 39 76 339 37 32 47 578 53 76 42
internal_value=-0.000126696 -0.00289901 0.00101093 0.00628767 -0.00825304 -0.0251736 -0.00943944 0.0163681 -0.0154271 -0.00894052 -0.0134887 -0.0194616 0.00224462 0.0120225
internal_weight=463.193 188.514 138.34 92.1893 25.9511 13.7094 46.1512 8.36469 37.7865 10.1366 50.1739 35.1561 18.146 66.2382
internal_count=4131 2195 1482 927 271 162 555 131 424 123 713 392 135 656
is_linear=0
shrinkage=0.05


Tree=364
num_leaves=15
num_cat=0
split_feature=17 13 32 42 50 4 44 26 26 30 19 5 20 14
split_gain=0.963103 1.51676 1.68428 1.42836 1.27835 2.52344 2.154 2.08811 1.8318 2.14206 1.55698 1.86314 1.88695 2.63848
threshold=0.68683574879227061 0.28704237306571567 0.3197222222222223 2.1236683130264287 34.545283234792414 3.9122462272644047 1.2127136588096621 1.4266745284443363 1.8225787878036501 119.50000000000001 27.140520402844341 3.4274843931198125 5.0079499856389953 0.9172423576983576
decision_type=2 2 2 2 2 2 2 2 2 2 2 2 2 2
left_child=4 -2 3 -3 10 7 -7 -6 -8 -10 11 -1 13 -13
right_child=1 2 -4 -5 5 6 8 -9 9 -11 -12 12 -14 -15
leaf_value=-0.00012649767400310164 0.016635647404097623 0.01865918688413341 -0.041948166437242876 -0.032384297777204273 -0.012975901417764477 -0.035074644018792255 -0.028579502393928924 0.039833145928067595 0.034149109796858139 -0.010247231272441858 0.026610661683661982 -0.0035842210218310884 0.025512567424897038 -0.049756164087123661
leaf_weight=410.10476572526386 2.3109634891152373 2.8745740514714258 4.383975277421996 1.1211120631196534 1.8493117579491825 2.8241814487846559 1.8511022944003332 7.8953922549262643 5.7344847451895458 3.9352083876729012 4.267902849125675 6.871895363845395 1.3180738883092988 4.8924216802697629
leaf_count=3597 12 49 69 17 34 49 17 58 41 25 33 64 10 56
internal_value=-0.000129726 -0.0142988 -0.0236941 0.000721758 0.000236592 0.0112057 -0.00235976 0.0295363 0.0078207 0.0168144 -0.000406298 -0.000740859 -0.0186232 -0.0251795
internal_weight=462.235 10.6906 8.37966 3.99569 451.545 24.0897 14.345 9.7447 11.5208 9.66969 427.455 423.187 13.0824 11.7643
internal_count=4131 147 135 66 3984 224 132 92 83 66 3760 3727 130 120
is_linear=0
shrinkage=0.05


Tree=365
num_leaves=15
num_cat=0
split_feature=44 21 1 45 21 30 1 42 50 42 49 32 1 53
split_gain=0.955748 2.76447 3.18103 2.2424 1.77204 4.48531 4.14976 3.75245 3.1589 3.32445 3.12322 2.94109 2.72724 3.2151
threshold=0.44148889183998113 0.36266924564796915 0.10928458347916604 0.41839323467230449 0.22335600907029482 129.00000000000003 0.13533520698547366 0.71236905455589306 2.1332051428951222 1.6338006258010866 0.18420778839540694 0.52344322344322358 0.11255851760506631 0.76095238095238105
decision_type=2 2 2 2 2 2 2 2 2 2 2 2 2 2
left_child=1 2 -1 -3 5 6 12 11 9 -9 -8 -7 13 -2
right_child=4 3 -4 -5 -6 7 10 8 -10 -11 -12 -13 -14 -15
leaf_value=0.007621230729291154 0.02529011397216124 -0.03019146865330909 -0.032871256846749138 0.026669101713574707 -0.0021066004733281585 0.036220471896379974 -0.012733562352916401 -0.029439305977121757 -0.046721455852158249 0.02942746610646417 0.015113113789826927 -0.029555487248633425 -0.019353055306830465 -0.015758994854543268
leaf_weight=7.0199523737246698 9.7374371467158216 1.3498392721521657 12.673984388471579 6.5847101955441758 264.1055777684669 4.2531853904947665 10.42249128455296 4.3615630450658527 8.7614007885567826 3.3496024194173515 100.38320538552944 1.6317445039749143 19.271953644696623 7.6811782298609605
leaf_count=180 68 78 410 63 2138 33 79 35 84 30 719 12 142 60
internal_value=-0.000129123 -0.00897801 -0.0187668 0.0146994 0.000453597 0.00442348 0.00760414 -0.0159871 -0.0278099 -0.00342582 0.0124034 0.0163386 -0.00683407 0.00731566
internal_weight=461.588 27.6285 19.6939 7.93455 433.959 169.854 147.496 22.3575 16.4726 7.71117 110.806 5.88493 36.6906 17.4186
internal_count=4131 731 590 141 3400 1262 1068 194 149 65 798 45 270 128
is_linear=0
shrinkage=0.05


Tree=366
num_leaves=15
num_cat=0
split_feature=35 51 51 43 22 30 8 36 38 21 29 50 40 25
split_gain=0.942446 2.05134 2.81987 2.33416 2.75852 2.86023 4.02539 3.68316 2.69719 2.3373 2.76068 2.32595 3.09613 2.25536
threshold=2.4494511989963739 0.77442071785552036 0.63397435897435905 10.049619697970448 1.3984377693551675 103.00000000000001 0.3239699006080628 18.600935984583788 1.3212035070210448 0.24509048902579902 107.50000000000001 1.6433069035072216 1.2004805454072993 1.0995376110076907
decision_type=2 2 2 2 2 2 2 2 2 2 2 2 2 2
left_child=-1 2 3 13 5 9 -7 8 -8 -5 -11 12 -4 -2
right_child=1 -3 11 4 -6 6 7 -9 -10 10 -12 -13 -14 -15
leaf_value=0.0011446027735448191 -0.018232840454418222 0.031509959278208502 -0.041964283438828215 0.021431259617562974 0.01634625881874183 -0.0048133185856775477 0.0031511483612723643 0.0073995628843989128 -0.056223915758942637 -0.02831542321738988 0.020645835187315428 -0.051284247298939448 0.025638647983389343 0.015424656967471648
leaf_weight=349.6980047756806 5.3182952655479339 2.9197901221341445 1.9575331787345911 8.9880935247056204 9.3805389534682018 22.566629196982831 2.1296319413522751 3.5333168436773112 11.745793235721065 7.1124498721619585 3.5871025638189167 4.781968783121556 2.9775988217443228 24.0443966826424
leaf_count=3043 172 27 14 84 64 175 26 29 90 73 27 62 26 219
internal_value=-0.000131111 -0.00412296 -0.00536514 -0.00268401 -0.00767962 -0.0116643 -0.019198 -0.0365702 -0.0475117 0.00382134 -0.0115391 -0.0297333 -0.00372873 0.00892875
internal_weight=460.741 111.043 108.123 98.4062 69.0436 59.663 39.9754 17.4087 13.8754 19.6876 10.6996 9.7171 4.93513 29.3627
internal_count=4131 1088 1061 959 568 504 320 145 116 184 100 102 40 391
is_linear=0
shrinkage=0.05


Tree=367
num_leaves=15
num_cat=0
split_feature=36 19 8 38 22 13 13 42 30 40 26 26 30 21
split_gain=0.936652 2.70136 3.17831 2.48452 3.3842 2.34398 2.83017 4.12129 3.33172 3.13597 4.09253 5.36922 3.5889 3.26181
threshold=12.748042580986459 0.78461984937748641 0.3006498664617539 6.1843220219981712 1.06539255818825 1.2141647370192128 0.73339165237749027 0.074681848287582411 133.50000000000003 9.5549134590653662 4.5011026859283456 2.5746091604232793 92.500000000000014 0.46225071225071229
decision_type=2 2 2 2 2 2 2 2 2 2 2 2 2 2
left_child=-1 3 -3 4 -2 6 7 -5 -8 10 11 13 -12 -9
right_child=1 2 -4 5 -6 -7 8 9 -10 -11 12 -13 -14 -15
leaf_value=0.0016906419313192787 -0.010577733404545537 -0.046373272066350044 0.0063620471113694996 -0.051577608040674253 -0.060959441371738837 -0.034061342901597055 0.019187069467631834 -0.03622001636565611 -0.043171523045852464 0.024291765411742772 0.031212778493929436 0.01608135158074752 -0.033026089019627246 0.025380373434904419
leaf_weight=278.31007481511915 12.439675920759329 1.9799298411235202 72.564579579280689 3.9313204659847534 3.8660621322924262 5.2968487818725398 19.575396957807246 9.4626319794915599 1.4439015234820534 7.5468700658529988 1.6684650881215954 22.68051478266716 17.517916267970577 1.9411147749051441
leaf_count=2723 124 16 529 33 32 59 160 66 11 59 13 151 142 13
internal_value=-0.000131084 -0.00291213 0.00436606 -0.00795884 -0.0253554 -0.00460231 -0.00241139 -0.00758199 0.0131373 -0.00394971 -0.00832457 0.0021806 -0.0261703 -0.0245337
internal_weight=460.225 181.915 74.5445 107.371 16.3057 91.065 85.7681 64.7488 21.0193 60.8175 53.2706 34.0843 19.1864 11.4037
internal_count=4131 1408 545 863 156 707 648 477 171 444 385 230 155 79
is_linear=0
shrinkage=0.05


Tree=368
num_leaves=15
num_cat=0
split_feature=5 35 35 50 55 44 2 42 49 52 33 45 55 3
split_gain=0.934768 3.04275 2.78996 2.67061 3.3325 3.99496 2.65348 2.63559 2.87469 2.4019 3.27644 3.00844 2.92611 2.68196
threshold=0.89248007535934459 2.0714355388849777 3.1782094042056261 1.2634592056867693 1.5723160505294802 1.6009030938148501 0.33918744325637823 1.842073976993561 0.60296953333934 3.5000000000000004 0.23554149270057681 0.79873417721519002 0.22763449698686603 0.56949806949806958
decision_type=2 2 2 2 2 2 2 2 2 2 2 2 2 2
left_child=1 9 3 -3 5 -5 -6 8 -4 10 -1 12 -11 -14
right_child=-2 2 7 4 6 -7 -8 -9 -10 11 -12 -13 13 -15
leaf_value=-0.035049633535245608 0.0010776293625578354 0.033702706875553101 0.037534019108522158 -0.035640735941680761 0.029564224531063096 0.021331923943692953 -0.019186201185144768 -0.031621011570108042 -0.017279744304203856 -0.062177577525468722 0.0081278337680396207 0.012245557993360783 -0.029201312526817982 0.010795131660867169
leaf_weight=4.5464937668293741 355.15365678528906 9.3314530262723547 3.304666360432746 7.5319975939346495 11.286935719253959 3.9887362383306026 2.8565688257804132 7.7175332006299868 4.4722309135831892 4.4545574933290544 20.148317904910073 4.789718451560474 14.666692912054716 5.1235062459018073
leaf_count=40 2918 84 46 62 138 28 39 114 66 28 230 115 192 31
internal_value=-0.00014597 -0.0042863 0.00448915 0.0122179 0.00343507 -0.0157872 0.0191013 -0.0126494 0.00763512 -0.0124641 -0.000876152 -0.0219627 -0.0289381 -0.0188254
internal_weight=459.373 104.219 50.4901 34.9957 25.6642 11.5207 14.1435 15.4944 7.7769 53.7293 24.6948 29.0345 24.2448 19.7902
internal_count=4131 1213 577 351 267 90 177 226 112 636 270 366 251 223
is_linear=0
shrinkage=0.05


Tree=369
num_leaves=15
num_cat=0
split_feature=3 32 55 22 36 25 12 45 55 30 55 33 7 3
split_gain=0.93734 2.74055 4.67322 3.94079 3.90511 3.62095 3.37529 3.35291 3.81132 3.87427 3.33468 3.31905 3.71445 3.62098
threshold=0.22767145135566189 0.44756480754124123 0.063134595751762404 0.23294069569627476 16.596864749970099 3.1647360324859624 4.2592747211456308 0.61781229345670863 0.23782073706388476 127.50000000000001 1.1625915765762331 0.214654415845871 0.67210119962692272 0.37066905615292717
decision_type=2 2 2 2 2 2 2 2 2 2 2 2 2 2
left_child=-1 2 -2 6 7 -5 -4 11 -9 -10 -6 12 -3 -13
right_child=1 4 3 5 10 -7 -8 8 9 -11 -12 13 -14 -15
leaf_value=-0.0025868020616347555 -0.053029776300982372 -0.027514326363941962 -0.027951906701650531 0.023252966359922037 0.018993672604374942 -0.036621778273838466 0.026431055510474241 -0.01678435859819653 0.022737179383284293 -0.025369154838016217 -0.016354750481372162 -0.044913918487295236 0.0083214725372190834 -0.011550046639723746
leaf_weight=211.25398197083268 1.7559475600719441 8.0880491994321329 8.1798750965390337 45.182706581312232 33.718941575149074 1.7967998385429371 3.2301192195154718 11.518945751246063 26.945854674093429 4.0684203632408744 7.4430891469819462 8.9620161424390954 34.407100424170494 52.182317240862176
leaf_count=2421 12 51 65 310 224 16 30 81 193 51 58 69 224 326
internal_value=-0.000146989 0.00193771 0.0111296 0.0139195 -0.00105685 0.0202474 -0.0116671 -0.00489491 0.00681562 0.0158313 0.0123655 -0.00972008 0.00102512 -0.0170843
internal_weight=458.734 247.48 60.1454 58.3895 187.335 46.9795 11.41 146.173 42.5332 31.0143 41.162 103.639 42.4951 61.1443
internal_count=4131 1710 433 421 1277 326 95 995 325 244 282 670 275 395
is_linear=0
shrinkage=0.05


Tree=370
num_leaves=15
num_cat=0
split_feature=44 31 24 31 45 51 6 43 42 55 25 17 42 35
split_gain=0.926647 3.516 3.49916 3.30897 3.15748 3.55754 6.4973 4.68631 3.84027 4.35682 4.52163 3.1572 3.12755 3.80262
threshold=1.7378271222114565 0.32529069767441871 3.8538014213969318 0.52206359506813771 0.37573529411764711 0.42330316742081453 0.72912073135375988 23.249257019608514 2.6977336406707768 1.6515444517135622 1.1993194222450259 0.50274725274725285 2.386142492294312 1.6531664244605768
decision_type=2 2 2 2 2 2 2 2 2 2 2 2 2 2
left_child=3 11 -3 4 12 6 7 -6 -7 -10 -11 -2 13 -1
right_child=1 2 -4 -5 5 8 -8 -9 9 10 -12 -13 -14 -15
leaf_value=0.0030093174645226886 0.010371331709994304 -0.0126497185526984 0.018578544270624945 0.021353363600031424 -0.04095596584568089 0.0053816416508418634 0.010261658239670892 0.01598405780685223 -0.045547631811263291 -0.041548750816227109 0.032936137227696137 -0.0073608250255415694 0.0055861219364398383 -0.033203043909398204
leaf_weight=9.9744654473615793 114.55147965694778 52.831651845946908 9.8464945810846967 13.082845736760644 18.546207624720413 136.93115362356184 15.6069163333741 3.8650916703045359 7.3134333211928588 2.1759095214074478 4.7500831414945424 31.290409679058939 12.922599040466592 24.097057449136628
leaf_count=146 790 414 64 124 244 1260 138 24 52 50 39 220 165 401
internal_value=-0.000156444 0.00229713 -0.00752916 -0.00220993 -0.00359969 -0.000690294 -0.0141563 -0.0308727 0.00276709 -0.0210787 0.00724584 0.00654267 -0.0150539 -0.0228183
internal_weight=457.786 208.52 62.6781 249.266 236.183 189.189 38.0182 22.4113 151.171 14.2394 6.92599 145.842 46.9941 34.0715
internal_count=4131 1488 478 2643 2519 1807 406 268 1401 141 89 1010 712 547
is_linear=0
shrinkage=0.05


Tree=371
num_leaves=15
num_cat=0
split_feature=27 16 52 43 50 49 44 6 27 38 29 2 39 5
split_gain=0.943563 2.75547 2.45948 2.9343 3.07905 2.99025 2.4079 3.03394 3.1704 2.87335 2.51059 2.53079 2.93335 2.43181
threshold=0.48535735956290088 1.0000000180025095e-35 2.5000000000000004 16.871330889958973 2.031149312509108 0.78941710520149688 1.249342739582062 0.49843327701091772 0.77358664440797131 11.292911867461905 110.50000000000001 0.30152051150798803 1.5665850390092377 0.92152979969978344
decision_type=2 2 2 2 2 2 2 2 2 2 2 2 2 2
left_child=-1 2 3 4 5 -2 7 13 -9 10 11 12 -8 -4
right_child=1 -3 6 -5 -6 -7 9 8 -10 -11 -12 -13 -14 -15
leaf_value=-0.0017202483519867117 -0.026484839697571705 0.020672000789147656 -0.030052790280180392 0.039027293672885252 -0.037427719417051357 0.02788117665251813 0.01485895882593672 -0.038462301080002877 0.015590606290177942 -0.030417834329463097 0.011722476236112734 0.014664604504097234 -0.025877621372870488 0.018865002730222312
leaf_weight=309.66547125508077 2.5828025324735817 18.447272212477401 2.5802530343644339 7.3592915264889589 2.8752712106797835 8.3389675401849654 5.2057892601005795 13.076114088646134 2.7765458362991913 5.4441070868633679 45.178233372746035 8.9228645451366884 16.229342790087685 7.874626231379807
leaf_count=2675 38 153 81 50 48 67 44 239 44 37 353 75 145 82
internal_value=-0.000155689 0.00313193 0.000472567 0.0156474 0.00138196 0.0138814 -0.00263666 -0.0154792 -0.0286317 0.00167332 0.00435343 -0.00663716 -0.0157629 0.00522251
internal_weight=456.557 146.891 128.444 21.1563 13.797 10.9218 107.288 26.3075 15.8527 80.9803 75.5362 30.358 21.4351 10.4549
internal_count=4131 1456 1303 203 153 105 1100 446 283 654 617 264 189 163
is_linear=0
shrinkage=0.05


Tree=372
num_leaves=15
num_cat=0
split_feature=40 55 40 43 26 26 2 13 31 13 4 45 6 4
split_gain=0.919018 3.65229 2.03245 1.65046 1.55604 2.68057 2.7726 3.85468 4.68639 4.00589 2.9465 3.98052 4.3667 5.02933
threshold=17.736634072180305 0.46558278799057012 14.389850420012175 13.490429824764872 4.1329786330289009 3.459215641021729 0.28786486387252813 0.47447046635713597 0.2251760563380282 0.23896984472267238 2.3366791009902959 0.65768535262206151 0.76676332950592052 1.7268705368041994
decision_type=2 2 2 2 2 2 2 2 2 2 2 2 2 2
left_child=2 -2 4 -4 5 6 7 8 9 -1 11 12 13 -9
right_child=1 -3 3 -5 -6 -7 -8 10 -10 -11 -12 -13 -14 -15
leaf_value=-0.01511701615107245 0.018881726130250499 -0.047690442100269625 -0.009445457517353005 0.035802398374813992 -0.0056567412698582085 0.010951557754511891 0.0048402787978377272 -0.029198685294051948 0.019043457375955974 0.031838264761440679 -0.027704613981340151 0.021808328425847213 0.0079484113906677558 0.01002447820871938
leaf_weight=28.890473527717404 3.1129377819597712 3.3808406153693795 2.3463056066539121 5.9151793904602528 104.20398817205569 58.384684635791928 122.96532814239617 33.164564036647789 28.477516289567575 4.3971010893583289 20.778928482439369 9.6883275045547617 19.8226665071561 10.184528600890188
leaf_count=477 19 29 20 44 807 398 1205 354 189 28 204 64 209 84
internal_value=-0.000150872 -0.0175165 0.000138509 0.0233194 -0.000347574 0.00130716 -0.000747599 -0.00517175 0.00448232 -0.00816682 -0.0115197 -0.00659138 -0.0112189 -0.0199653
internal_weight=455.713 6.49378 449.22 8.26148 440.958 336.754 278.369 155.404 61.7651 33.2876 93.639 72.8601 63.1718 43.3491
internal_count=4131 48 4083 64 4019 3212 2814 1609 694 505 915 711 647 438
is_linear=0
shrinkage=0.05


Tree=373
num_leaves=15
num_cat=0
split_feature=7 8 20 26 5 22 29 50 14 27 27 37 24 39
split_gain=0.942067 2.78013 2.31767 2.60711 1.85939 1.58159 1.46938 3.7742 4.25487 3.46678 4.31309 3.31321 4.58082 3.30674
threshold=0.80452463030815136 0.35514557361602789 1.0781022741349038 2.8003722429275517 1.6936638951301577 0.26672042795051826 105.00000000000001 1.4143780155386692 0.40816563005702139 0.32078640399195185 0.27541336279335316 2.7649531175238899 1.9314950693759672 2.8514452700591262
decision_type=2 2 2 2 2 2 2 2 2 2 2 2 2 2
left_child=6 -2 3 4 -3 -5 7 8 9 10 -1 12 -9 -13
right_child=1 2 -4 5 -6 -7 -8 11 -10 -11 -12 13 -14 -15
leaf_value=-0.0051952184388381409 -0.030703834234750312 -0.019639850575000183 0.033826365299685704 0.012378808512451829 0.022654177604406134 -0.051003402790821543 0.0020254254758386328 -0.036668054044764302 -0.047259010292521324 0.0057262629413246634 -0.059716851114368641 0.0035826489663904207 0.030480209198670723 -0.029609842081061873
leaf_weight=10.248019815306177 8.6429898233618605 3.1909241360845062 3.5394109968910916 0.86314633628353421 6.0447810488985851 2.9788023045985028 330.25396934221499 2.1276745938230333 7.7187337866052976 20.032702029391658 4.805237775668501 29.818077103729593 15.599288286874069 8.9515330728609097
leaf_count=76 109 59 33 10 63 30 2979 59 57 157 24 266 132 77
internal_value=-0.000140132 -0.00933392 0.00289307 -0.00728703 0.00755049 -0.037148 0.000420933 -0.00488224 -0.0159048 -0.0078886 -0.0252352 0.00360041 0.0208931 -0.00463301
internal_weight=454.815 25.2601 16.6171 13.0777 9.23571 3.84195 429.555 99.3013 42.8047 35.086 15.0533 56.4966 17.727 38.7696
internal_count=4131 304 195 162 122 40 3827 848 314 257 100 534 191 343
is_linear=0
shrinkage=0.05


Tree=374
num_leaves=15
num_cat=0
split_feature=55 50 4 1 3 3 1 55 55 5 1 6 22 40
split_gain=0.933825 2.30691 2.80555 3.68648 2.61266 2.49161 2.10946 2.09165 2.0659 2.34489 3.55143 3.2328 2.87061 2.78272
threshold=2.4223345518112187 23.301036382321396 3.6105476617813115 0.13183683156967166 0.20126582278481017 0.57979626485568769 0.39976291358470922 2.3270388841629033 6.5497822761535653 2.116310834884644 0.17898026108741763 0.48862133920192724 1.0320905110270349 2.7094011608790276
decision_type=2 2 2 2 2 2 2 2 2 2 2 2 2 2
left_child=1 2 7 -4 -5 -6 -3 -1 -2 10 -10 -12 13 -13
right_child=8 6 3 4 5 -7 -8 -9 9 -11 11 12 -14 -15
leaf_value=0.00055358779643273023 -0.011101053818636637 0.024556207371831097 0.030066155582812022 -0.0024146807165030745 -0.049567544011578257 0.004372312338279275 -0.0079618666526584374 0.030739432559061187 -0.038773718657648316 -0.014699380864545284 0.034729628888423007 -0.05186740132781098 0.032861379630854663 0.011847780347785813
leaf_weight=319.9669073385885 50.864962791383732 17.057291351142343 2.796622971538457 8.4833950276952255 9.1952797395642829 2.5159765551798037 6.3301977736409745 4.8446531733497968 1.9626435873797188 9.6746603989740816 12.794568391633222 2.8005887249018988 2.3645996096893214 2.5655635669827461
leaf_count=2488 768 154 29 93 66 18 45 39 123 101 124 45 19 19
internal_value=-0.00015181 0.000923371 -0.000118654 -0.0166199 -0.0241986 -0.0385471 0.0157891 0.00109678 -0.00491239 0.00491455 0.0136193 0.0201977 -0.005076 -0.0243291
internal_weight=454.218 371.19 347.803 22.9913 20.1947 11.7113 23.3875 324.812 83.0276 32.1626 22.488 20.5253 7.73075 5.36615
internal_count=4131 2932 2733 206 177 84 199 2527 1199 431 330 207 83 64
is_linear=0
shrinkage=0.05


Tree=375
num_leaves=15
num_cat=0
split_feature=34 33 1 34 37 51 51 27 25 21 19 2 5 4
split_gain=0.934616 3.00829 2.51964 1.99935 3.08394 2.96372 2.88583 1.87321 1.81566 2.84112 4.31585 3.45947 5.29083 3.34781
threshold=1.5498735633314851 0.43000398576259619 0.21540078520774844 2.6904220432334847 3.7490620353017663 0.58898944193061853 0.73431372549019625 0.14959013697644843 1.9000094532966616 0.32529069767441871 3.5355434964370533 0.22088453173637393 0.30510428547859197 0.91788965463638317
decision_type=2 2 2 2 2 2 2 2 2 2 2 2 2 2
left_child=1 2 -1 4 5 -2 -7 -6 9 10 11 12 -5 -11
right_child=3 -3 -4 8 7 6 -8 -9 -10 13 -12 -13 -14 -15
leaf_value=0.032909689039905092 0.012405426621798062 -0.015253243848395912 -0.011934593283629853 0.020774011611930012 -0.0020088918546152397 -0.04879943979028864 0.020325122802922563 -0.034805146777743025 -0.0035910630090795273 0.0084406897382840722 0.038993925685067946 0.0084594647322686258 -0.032236383335586344 -0.011637298816618735
leaf_weight=11.347028607939139 16.673459118173927 7.3468327040900467 3.6142314912285647 6.3901956971967619 6.4353893878869739 3.5935431178659192 1.5741484375903381 13.344529716763644 161.48960348992841 33.063816866953857 9.2064453416969609 114.60064901871374 12.492298000026492 52.405832185409963
leaf_count=88 235 240 46 112 58 55 18 144 1235 283 68 992 106 451
internal_value=-0.000144842 0.00960832 0.0220075 -0.0006704 -0.0109522 0.00207539 -0.0278617 -0.0247451 0.000453098 0.00331871 0.00761705 0.00517909 -0.0141541 -0.00386237
internal_weight=453.578 22.3081 14.9613 431.27 41.6211 21.8412 5.16769 19.7799 389.649 228.159 142.69 133.483 18.8825 85.4696
internal_count=4131 374 134 3757 510 308 73 202 3247 2012 1278 1210 218 734
is_linear=0
shrinkage=0.05


Tree=376
num_leaves=15
num_cat=0
split_feature=17 42 52 24 38 23 55 38 20 6 6 24 1 17
split_gain=0.8859 1.39233 1.29969 1.12143 1.31814 3.17418 2.97079 1.84323 1.92907 1.67009 3.37389 2.49161 2.8416 2.81569
threshold=0.68683574879227061 1.2311792969703677 8.5000000000000018 8.9322028970089757 1.4635953002441433 0.10834005193665942 0.89597919583320629 2.4921325233700613 7.2450628297039694 0.37389418482780462 0.60574200749397289 5.6496801183632925 0.12581735104322436 0.36811594202898551
decision_type=2 2 2 2 2 2 2 2 2 2 2 2 2 2
left_child=3 2 -2 4 5 6 -1 9 -9 -6 -11 12 -12 -14
right_child=1 -3 -4 -5 7 -7 -8 8 -10 10 11 -13 13 -15
leaf_value=0.026756153795106475 -0.025153797521475698 -0.036370698974004405 0.014283470466643617 -0.031569169433580693 0.01290900333435633 0.029081634325284031 -0.031962148258034444 0.00030586440633610223 0.02481315226301763 -0.040914708281770615 0.025761718125650635 0.028947312350450671 -0.045285752672584709 -0.0020809038874626345
leaf_weight=2.477958177682015 2.2971322465455142 3.2967717319843359 4.7023036925820634 1.7583813093369816 5.3403761973022474 11.066634516464545 4.8973349628795404 380.58492385776481 7.203426625346764 8.246545656584205 3.0720599337946686 3.5536038554273537 5.945914819603785 8.4728549944702518
leaf_count=22 41 49 57 29 82 114 176 3156 57 134 23 24 76 91
internal_value=-0.000139037 -0.013966 -0.000185852 0.000213363 0.000411287 0.0131408 -0.0113948 -0.000174179 0.000823754 -0.0110582 -0.0157098 -0.00442494 -0.012404 -0.021679
internal_weight=452.916 10.2962 6.99944 442.62 440.862 18.4419 7.37529 422.42 387.788 34.6314 29.291 21.0444 17.4908 14.4188
internal_count=4131 147 98 3984 3955 312 198 3643 3213 430 348 214 190 167
is_linear=0
shrinkage=0.05


Tree=377
num_leaves=15
num_cat=0
split_feature=44 43 29 22 31 25 28 25 53 21 6 28 13 26
split_gain=0.89992 3.31507 5.17799 2.58223 2.55186 2.99021 3.2359 5.7266 4.28047 3.1793 3.11449 2.80764 2.79359 3.10798
threshold=0.9069814682006837 6.9839896607207299 110.50000000000001 0.93351922429362977 0.15034246575342466 0.55341276526451122 1.2080627705627707 1.9276448488235476 0.94590643274853814 0.22653958944281527 0.48204953968524938 1.2870486016834104 1.1137967421339867 4.2789316177368173
decision_type=2 2 2 2 2 2 2 2 2 2 2 2 2 2
left_child=1 -1 3 -3 11 -6 -7 9 12 -8 -10 -2 13 -9
right_child=4 2 -4 -5 5 6 7 8 10 -11 -12 -13 -14 -15
leaf_value=0.0021002778334450046 0.0093553453146947955 0.013265418972393759 -0.045540860547037897 -0.040849425753036656 -0.027386770897882707 -0.0034995817761338741 0.036042566834878741 -0.060526119411083615 -0.025657845089943343 0.0070318811827215612 0.034783179492858092 -0.028557668571494721 0.025081978755411911 -0.0088486727787512737
leaf_weight=47.464826672367053 97.936506420141086 9.6628099480876717 10.071380668261552 1.7815083559835319 9.8524741479486675 212.37910524290055 17.564071791246533 5.4332689694128948 2.2773574143648139 20.468102628132328 5.6822370674926788 4.1801157519221297 1.4596022656187404 6.0491484068334103
leaf_count=885 680 98 178 58 207 1545 112 37 17 164 41 42 12 55
internal_value=-0.000138006 -0.00535273 -0.0211575 0.00223585 0.000811992 -0.00165016 -0.000618424 0.00964953 -0.0110369 0.0210098 0.0165565 0.00754149 -0.0279776 -0.0361914
internal_weight=452.263 68.9805 21.5157 11.4443 383.282 281.165 271.313 58.9338 20.9016 38.0322 7.95959 102.117 12.942 11.4824
internal_count=4131 1219 334 156 2912 2190 1983 438 162 276 58 722 104 92
is_linear=0
shrinkage=0.05


Tree=378
num_leaves=15
num_cat=0
split_feature=13 43 13 49 7 22 25 2 49 34 14 6 17 43
split_gain=0.885472 2.13667 1.26255 2.42668 2.63856 3.25772 3.0552 1.98783 2.28204 2.40724 1.8862 2.44453 1.6499 1.79205
threshold=7.7516245238409329 5.4040949606529454 1.0826116543408086 10.656060848141625 0.6453475058078767 0.29947891458419401 2.6036126613616948 0.24621888995170596 6.3177013180519195 7.9127622110524847 0.010916637937986048 0.37925137579441076 0.45903010033444819 21.734345738295321
decision_type=2 2 2 2 2 2 2 2 2 2 2 2 2 2
left_child=2 -2 -1 4 10 6 -6 -7 9 12 -4 -12 13 -9
right_child=1 -3 3 -5 5 7 -8 8 -10 -11 11 -13 -14 -15
leaf_value=0.00044867908625828898 -0.020371316135533189 0.03485102488374258 0.011126442906828692 0.035850080440084878 -0.051108781502928503 -0.027152693071097328 0.019767284419150908 0.039596675798147331 -0.039631776072335957 -0.017124547400712408 0.0054020886751918445 -0.048765364893663073 -0.011571230159994296 -0.0094985410261291398
leaf_weight=402.94651660334785 1.8485799597110588 4.1897435635328293 1.9724758947268117 1.9333336250856508 4.3370170691050616 2.7351136090001118 1.5060505475848911 10.829515392309991 0.97846081294119258 3.3253359427908427 2.4407481118105343 8.349441026337443 2.0038614334771401 1.8010573044884939
leaf_count=3484 36 23 15 13 106 54 11 94 12 41 27 88 102 25
internal_value=-0.000143987 0.0174528 -0.000421261 -0.00854365 -0.0114913 -0.00245764 -0.0326214 0.00675451 0.0127677 0.0175622 -0.0293743 -0.0370937 0.0260352 0.0324127
internal_weight=451.197 6.03832 445.159 42.2124 40.2791 27.5164 5.84307 21.6733 18.9382 17.9598 12.7627 10.7902 14.6344 12.6306
internal_count=4131 59 4072 588 575 445 117 328 274 262 130 115 221 119
is_linear=0
shrinkage=0.05


Tree=379
num_leaves=15
num_cat=0
split_feature=5 44 14 10 8 34 30 29 5 51 21 24 39 8
split_gain=0.910979 2.90006 3.12856 2.8737 2.46926 2.43658 3.09443 3.02968 4.93523 3.28767 3.11729 2.28816 2.33037 2.24545
threshold=0.89248007535934459 0.16711873561143878 0.18426135363246557 1.0000000180025095e-35 0.32150293886661535 5.1667979360824754 131.50000000000003 132.00000000000003 1.0000000180025095e-35 0.59280792420327322 0.21320346320346323 4.5685129941404545 4.1609224417845736 0.30299605429172521
decision_type=2 2 2 2 2 2 2 2 2 2 2 2 2 2
left_child=1 -1 5 4 -4 6 11 9 -9 10 -7 -3 -13 -11
right_child=-2 2 3 -5 -6 7 -8 8 -10 13 -12 12 -14 -15
leaf_value=-0.043917037478998562 0.0010702521728200391 0.026640744152679113 -0.048206896693134826 0.0035406563730968747 -0.0076798641174983737 -0.034843496859751182 -0.025149966540444969 -0.037415028384841932 0.026493516379085747 -0.03782903593854095 0.02795143690832453 -0.025670020837994242 0.029594873834030117 0.016940231565368783
leaf_weight=3.4209838561946517 348.83366225194186 21.156665501592222 7.8597953086718917 9.8768150600371882 7.3068407309474424 15.232869892031891 3.7195788780227295 2.9817421848420045 12.145322980126364 1.3315754141658533 1.4969927764032025 4.3312496838625512 2.0003810476046056 8.8881709779379872
leaf_count=197 2918 209 63 97 56 144 159 46 87 9 13 52 15 66
internal_value=-0.000145795 -0.0042847 -0.00247757 -0.0173705 -0.0303649 0.0027771 0.0131494 -0.00504263 0.0123574 -0.0149021 -0.027965 0.0190328 -0.0065548 0.00706849
internal_weight=450.583 101.749 98.328 25.0435 15.1666 73.2845 31.2079 42.0767 15.1271 26.9496 16.7299 27.4883 6.33163 10.2197
internal_count=4131 1213 1016 216 119 800 435 365 133 232 157 276 67 75
is_linear=0
shrinkage=0.05


Tree=380
num_leaves=15
num_cat=0
split_feature=43 8 38 3 12 8 21 6 29 28 42 6 36 1
split_gain=0.920337 2.21205 2.68846 2.2479 3.87493 3.1616 2.88015 3.80272 3.59064 3.15686 3.72278 3.5556 2.82515 2.46291
threshold=17.877906638001743 0.30091102421283727 4.56722453445642 0.61651583710407254 1.6210815310478213 0.31437832117080694 0.24509048902579902 0.82458633184432995 123.50000000000001 1.0284366576819408 1.3865257501602175 0.38237689435482031 11.082641958650573 0.21264319866895678
decision_type=2 2 2 2 2 2 2 2 2 2 2 2 2 2
left_child=-1 2 -2 6 5 -5 8 9 12 11 -11 -8 -3 -14
right_child=1 3 -4 4 -6 -7 7 -9 -10 10 -12 -13 13 -15
leaf_value=-0.0015153028007434538 0.013298149650233366 0.036501820190590735 -0.050925259254499679 -0.058433799903014443 0.042787234365546767 0.016188541610073142 0.017946388952718315 -0.030644325506455967 -0.009876644755942899 0.026653909399643197 -0.0050261627582498985 -0.029429389380193141 0.019146438009739267 -0.023925046660606981
leaf_weight=330.1369485319301 2.2053967304527751 15.023331926204266 2.9393887557089329 1.2444874085485924 8.1968477610498649 3.0394499953836203 4.8748519970104125 10.125695088296196 11.501537149772046 16.438049679156393 19.244197856285609 12.181926246790679 8.6032328568398935 4.0959742525592437
leaf_count=3187 18 118 17 8 70 25 35 93 98 128 139 93 69 33
internal_value=-0.000153182 0.00358458 -0.025711 0.0051112 0.0243121 -0.0124455 0.00255074 -0.00407739 0.013011 0.00149869 0.00989693 -0.0156453 0.0225198 0.00452189
internal_weight=449.851 119.714 5.14479 114.57 12.4808 4.28394 102.089 62.8647 39.2241 52.739 35.6822 17.0568 27.7225 12.6992
internal_count=4131 944 35 909 103 33 806 488 318 395 267 128 220 102
is_linear=0
shrinkage=0.05


Tree=381
num_leaves=15
num_cat=0
split_feature=33 32 13 44 38 44 30 51 8 4 8 13 53 52
split_gain=0.925641 4.42982 4.03219 3.26979 2.89785 2.95498 3.53375 2.79806 3.52771 2.82398 2.75446 2.73561 2.72314 4.72472
threshold=0.214654415845871 0.36056042699199392 0.18470712532657999 2.7871760129928593 10.618774424897628 2.2768461704254155 130.50000000000003 0.45808232931726911 0.30766259133815771 4.007343292236329 0.34426011145114904 1.4323428991502161 0.7231800766283526 2.5000000000000004
decision_type=2 2 2 2 2 2 2 2 2 2 2 2 2 2
left_child=1 7 4 11 5 -3 -7 -1 -9 -10 -5 -4 -2 -14
right_child=12 2 3 10 -6 6 -8 8 9 -11 -12 -13 13 -15
leaf_value=0.0064153506323217776 0.0026981181000591808 0.011433801372900253 0.021118507904740794 0.0056162997731705293 -0.041058558665364425 -0.043406480116673585 0.020892535934138718 0.011343736920653789 -0.055799456740683956 0.0081056437424668597 -0.038071579531308269 -0.034103449292886133 0.0081899542199430214 -0.011801023130338031
leaf_weight=7.7658936451189247 172.53672516229562 16.264812204986818 57.426338657736778 14.727933909744026 4.4628179296851149 5.6239067409187538 2.4316735528409481 3.4037142153829327 8.0347751681692881 1.8502699057571579 3.7001648419536641 1.4610958010889579 39.493464029917959 109.87800498711294
leaf_count=81 1685 113 380 92 25 31 15 23 56 16 25 10 361 1218
internal_value=-0.000148502 0.00344725 0.00762491 0.0135265 -0.00814946 -0.000727543 -0.0238333 -0.016996 -0.030169 -0.044192 -0.00466386 0.0192018 -0.0015751 -0.00649614
internal_weight=449.062 127.153 106.099 77.3155 28.7832 24.3204 8.05558 21.0547 13.2888 9.88505 18.4281 58.8874 321.908 149.371
internal_count=4131 867 691 507 184 159 46 176 95 72 117 390 3264 1579
is_linear=0
shrinkage=0.05


Tree=382
num_leaves=15
num_cat=0
split_feature=32 30 5 43 50 55 49 8 19 35 4 42 21 4
split_gain=0.935014 1.88388 2.4447 3.95075 2.38125 2.27661 2.14794 2.55809 3.33502 2.17425 2.23437 2.56447 2.47253 2.36058
threshold=0.74106002554278427 91.500000000000014 0.40352821350097662 10.790948474002109 11.904846310509184 1.7954972386360171 8.7381495730449803 0.32258979976177221 0.98316574278406066 1.5235599534749393 0.28768047690391546 2.773914217948914 0.21644144144144148 2.0952291488647465
decision_type=2 2 2 2 2 2 2 2 2 2 2 2 2 2
left_child=-1 -2 3 -3 5 6 7 9 -9 -4 12 13 -11 -12
right_child=1 2 4 -5 -6 -7 -8 8 -10 10 11 -13 -14 -15
leaf_value=0.00088168991744983361 0.011618409394432731 -0.011113373154564621 -0.0015680940290230755 0.04167687793228856 0.029058120886133017 0.028278916039808446 0.014782598918407325 -0.019701909457588276 0.025415226277051423 -0.039770730730034898 -0.064998096207072573 0.0021525441002308932 0.019391993504639299 -0.0015332390162703367
leaf_weight=371.97647015677649 12.926162004005162 8.2476706972811353 4.8415962168946889 4.8345341421663752 2.1904043490067115 1.8746862766565744 3.7322232611477366 13.133782895747574 4.8114919625222674 2.2859592586755779 10.573154422454534 2.0550607889890662 2.9091455619782209 1.7337130457162846
leaf_count=3596 98 73 31 26 18 15 22 97 34 12 62 12 22 13
internal_value=-0.000155086 -0.00516532 -0.00872427 0.00996949 -0.0137012 -0.0162081 -0.0185804 -0.0217943 -0.0069021 -0.0320445 -0.0391461 -0.0488121 -0.00885843 -0.0568447
internal_weight=448.126 76.1496 63.2234 13.0822 50.1412 47.9508 46.0761 42.3439 17.9453 24.3986 19.557 14.3619 5.1951 12.3069
internal_count=4131 535 437 99 338 320 305 283 131 152 121 87 34 75
is_linear=0
shrinkage=0.05


Tree=383
num_leaves=15
num_cat=0
split_feature=3 25 55 4 42 4 2 50 31 23 31 40 45 3
split_gain=0.92479 2.65293 3.46794 5.64314 4.78818 3.09348 3.95265 3.08895 2.54379 2.5867 2.45165 2.28024 2.23901 3.17031
threshold=0.04819976771196284 1.8898441791534426 0.26475115120410925 1.6444715261459353 0.60935926437377941 1.9570848345756533 0.2608394473791123 1.4438607861372093 0.32529069767441871 0.86245140496720674 0.091431556948798343 1.3710458890058079 0.24037037037037037 0.69732205778717427
decision_type=2 2 2 2 2 2 2 2 2 2 2 2 2 2
left_child=1 2 -1 7 -5 -6 -7 -4 9 -3 -9 -8 13 -2
right_child=12 8 3 4 5 6 11 10 -10 -11 -12 -13 -14 -15
leaf_value=0.025191949289243471 -0.027794407505421045 -0.031384980792988064 0.0031889957033191269 -0.038217647263458762 0.039387767981768226 -0.021847779531174703 -0.0062293254928463618 -0.0017803033413086328 -0.039996318492706399 0.0082683277277629894 -0.042788286984919537 0.026631907552736769 0.0021778573682872337 0.010768874469762898
leaf_weight=10.859533113427458 13.783508820342833 5.4174082147656071 8.5857760571234412 4.1933136768639079 7.6791228219517498 8.6037819067132677 7.3086979761137654 4.9786125086247948 7.8969326692167661 10.630975822685285 13.581487510091391 15.385825878358444 321.1203918720712 7.6540978280827394
leaf_count=81 123 84 162 88 81 160 121 85 115 118 393 143 2326 51
internal_value=-0.000143315 -0.00422281 0.00015765 -0.00400762 0.00720345 0.0129237 0.00541226 -0.0214593 -0.0184839 -0.00617311 -0.0324416 0.0162328 0.00111722 -0.0141594
internal_weight=447.679 105.121 81.1762 70.3166 43.1707 38.9774 31.2983 27.1459 23.9453 16.0484 18.5601 22.6945 342.558 21.4376
internal_count=4131 1631 1314 1233 593 505 424 640 317 202 478 264 2500 174
is_linear=0
shrinkage=0.05


Tree=384
num_leaves=15
num_cat=0
split_feature=44 31 24 22 45 9 31 45 51 6 13 10 36 52
split_gain=0.929764 3.09847 3.1368 2.84445 3.13922 2.87536 2.78468 3.84436 2.81194 5.28321 3.37935 3.79293 2.98966 2.96295
threshold=1.7378271222114565 0.32529069767441871 3.8538014213969318 1.2311909192456636 0.20126582278481017 0.82480818414322254 0.49260708849749951 0.37573529411764711 0.42330316742081453 0.72912073135375988 0.74176451732700366 1.5000000000000002 15.421854846035064 8.5000000000000018
decision_type=2 2 2 2 2 2 2 2 2 2 2 2 2 2
left_child=6 -2 3 5 -5 -3 7 -1 9 10 13 -12 -10 -9
right_child=1 2 -4 4 -6 -7 -8 8 12 -11 11 -13 -14 -15
leaf_value=-0.016821565909895652 0.0063597581875296551 -0.022397039543249151 0.018039716825827702 -0.040996557724611048 0.020109648283579102 0.020946839701206865 0.017540980168729636 -0.054654749936629471 -0.0011578899736806559 0.0095207817872556295 0.030501576350794327 -0.029938385092194743 0.015901633033709086 0.0027804925076874896
leaf_weight=43.660742365434999 142.67909009603318 36.336025066208094 9.5650503993965668 1.6224149833433319 10.133123726584016 3.4777014693245283 15.618734349904114 10.219134022307118 114.70673954515951 15.227740837144664 3.7340212670387682 4.7575161149725318 32.048050956334919 2.690193368936888
leaf_count=692 1010 298 64 17 72 27 162 152 1141 138 31 48 244 35
internal_value=-0.000148165 0.00233532 -0.00700835 -0.011909 0.00912335 -0.0181905 -0.00223508 -0.00366646 -0.000460188 -0.0126604 -0.0281638 -0.00294743 0.00264995 -0.0433463
internal_weight=446.476 203.813 61.1343 51.5693 11.7555 39.8137 242.663 227.044 183.383 36.6286 21.4009 8.49154 146.755 12.9093
internal_count=4131 1488 478 414 89 325 2643 2481 1789 404 266 79 1385 187
is_linear=0
shrinkage=0.05


Tree=385
num_leaves=15
num_cat=0
split_feature=28 55 12 43 4 12 32 7 50 23 52 23 6 13
split_gain=0.91432 4.40938 3.55193 2.82519 2.71547 2.4741 2.18316 1.96579 1.84189 1.28441 2.2502 2.84285 2.32506 3.12166
threshold=0.97258225324027925 0.86675763130187999 1.6210815310478213 15.792821496556641 1.484966576099396 0.42942979931831365 0.97201565557729952 0.67840284109115612 1.1889179852750047 0.28456171756570647 8.5000000000000018 0.13826730357423586 0.76102918386459362 0.60939942117114476
decision_type=2 2 2 2 2 2 2 2 2 2 2 2 2 2
left_child=1 2 5 -3 -5 -1 -7 8 -4 10 12 -12 13 -2
right_child=9 3 7 4 -6 6 -8 -9 -10 -11 11 -13 -14 -15
leaf_value=0.018184577586965289 -0.0024825113639350004 -0.038153131204287843 0.027442355333544374 0.029829775065800437 -0.027519840713298379 -0.03399946428996576 0.02510235942372474 0.032039278502534491 -0.02313894513516998 0.0017745164170095834 -0.024493221522900364 0.021832513071033975 0.0041423709610675557 -0.037295525297427412
leaf_weight=3.7681722100824144 12.058745421469213 12.253554423863536 1.9938359335064912 3.2521646826353381 3.0162175090517849 8.7020698161795718 1.1117649003863324 10.804267299361525 3.538857355248183 343.95484602294164 3.6305260797380461 11.143026195582932 13.046176710689904 13.203440231853163
leaf_count=23 251 187 13 29 30 75 8 80 23 2786 90 117 191 228
internal_value=-0.000144011 -0.00655658 0.00534255 -0.0250666 0.00224472 -0.0130399 -0.0256019 0.0204957 -0.00350031 0.000652868 -0.0065135 0.00961713 -0.0128207 -0.021405
internal_weight=445.478 48.4409 29.919 18.5219 6.26838 13.582 9.81383 16.337 5.53269 397.037 53.0819 14.7736 38.3084 25.2622
internal_count=4131 468 222 246 59 106 83 116 36 3663 877 207 670 479
is_linear=0
shrinkage=0.05


Tree=386
num_leaves=15
num_cat=0
split_feature=32 30 5 43 7 50 33 51 39 35 26 39 22 38
split_gain=0.892651 1.71149 2.19616 3.66217 2.35682 2.19071 2.22023 2.94754 2.72491 2.70045 2.67903 2.32334 2.14929 1.93984
threshold=0.74106002554278427 91.500000000000014 0.40352821350097662 10.790948474002109 0.60572034120559703 11.904846310509184 0.16187972575426104 0.58287545787545803 2.9894311458572091 1.5235599534749393 2.4044639317568066 5.1538558795045342 0.93171215248768124 7.2494229213983017
decision_type=2 2 2 2 2 2 2 2 2 2 2 2 2 2
left_child=-1 12 3 4 -3 6 7 11 -8 10 -10 -4 13 -2
right_child=1 2 5 -5 -6 -7 8 -9 9 -11 -12 -13 -14 -15
leaf_value=0.00087487605948294029 0.041392973001355048 -0.04668937376942172 -0.033226093424561801 0.040612001618593678 0.0061989951441456794 0.028095532154144953 -0.0017630135996977905 0.022141384673002452 0.020774059443041337 -0.044726165197871953 -0.038125659261845551 0.01291356463060748 -0.021766021187220236 -0.00083553998002669147
leaf_weight=369.40858903154731 4.855466600507496 2.0665337922982854 6.7199786310084182 4.6496575139462939 6.1249252751003951 2.1499340324662617 9.9574532738188299 6.9960028268396846 3.64610427618027 14.367138947360216 2.3168252678588033 3.5464669810608029 2.9257033234462133 5.0055362186394632
leaf_count=3596 34 19 40 26 54 18 77 46 24 94 16 23 27 37
internal_value=-0.000140021 -0.00506335 -0.00847302 0.00942386 -0.0107716 -0.0131918 -0.0155988 -0.00113627 -0.0235419 -0.0336263 -0.00429958 -0.017556 0.0110186 0.0218541
internal_weight=444.736 75.3277 62.541 12.8411 8.19146 49.6999 47.55 17.2624 30.2875 20.3301 5.96293 10.2664 12.7867 9.861
internal_count=4131 535 437 99 73 338 320 109 211 134 40 63 98 71
is_linear=0
shrinkage=0.05


Tree=387
num_leaves=15
num_cat=0
split_feature=5 35 35 51 50 53 28 43 43 50 45 53 4 44
split_gain=0.887676 2.74247 2.43398 2.39621 2.31054 3.02263 4.0479 2.10456 2.3515 2.38482 3.09599 2.24526 2.14616 2.0139
threshold=0.89248007535934459 2.0714355388849777 3.1782094042056261 0.51149577167019034 1.2634592056867693 0.81649831649831661 1.0363907038292948 0.82822127940529155 18.254197834839935 0.23663242458646913 0.43625857710364757 0.64400921658986188 0.1998882740736008 1.7220835089683535
decision_type=2 2 2 2 2 2 2 2 2 2 2 2 2 2
left_child=1 7 4 -4 -3 -6 -7 -1 9 -9 -11 -10 -12 -14
right_child=-2 2 3 -5 5 6 -8 8 11 10 12 -13 13 -15
leaf_value=0.022790437504634518 0.0010713019428723657 0.032264851966080421 -0.033238376648569753 0.0052500676404406768 0.014429185571940385 0.017269721420065109 -0.050705370498806614 0.026694385214793222 -0.019943960335686527 -0.00087083507206317079 0.011147472238800776 0.024562348307279394 -0.045720241716466874 -0.01177213055108507
leaf_weight=3.1324689413886508 344.35802566370694 8.753690666810142 6.2729699055780648 8.5911407685489376 17.539984314760662 3.2047723517753175 3.9994447076460347 1.7452655611559738 3.8946715574711543 11.090859359770546 2.1518745304783833 5.8434771257452667 16.685153143655047 6.9544087634421876
leaf_count=31 2918 84 103 123 198 24 45 40 25 133 19 45 294 49
internal_value=-0.000134174 -0.00426055 0.00425322 -0.0120642 0.0116336 0.00336516 -0.0220476 -0.0121846 -0.0148655 -0.020297 -0.0231666 0.00656284 -0.0323639 -0.0366163
internal_weight=444.218 99.8602 48.362 14.8641 33.4979 24.7442 7.20422 51.4982 48.3657 38.6276 36.8823 9.73815 25.7914 23.6396
internal_count=4131 1213 577 226 351 267 69 636 605 535 495 70 362 343
is_linear=0
shrinkage=0.05


Tree=388
num_leaves=15
num_cat=0
split_feature=3 24 39 55 49 32 53 33 9 45 5 39 20 33
split_gain=0.906644 2.59533 2.05864 3.34282 2.64715 4.07325 2.76368 3.4848 3.21435 2.90354 3.03128 3.14716 3.12246 3.94059
threshold=0.13383084577114432 1.5528127786844543 4.6175457512219618 0.17793201655149463 0.32811552847647296 0.32846481876332628 0.70185185185185195 0.15829245746135714 0.28388278388278393 0.84105263157894739 1.050817668437958 4.2317813842672534 0.082541120495585277 0.20909351110458377
decision_type=2 2 2 2 2 2 2 2 2 2 2 2 2 2
left_child=2 -2 4 -4 5 -1 7 8 -6 10 -8 12 13 -12
right_child=1 -3 3 -5 6 -7 9 -9 -10 -11 11 -13 -14 -15
leaf_value=-0.037605381685835992 -0.035760465272072703 0.0020942203569894783 0.02267374002876428 -0.019654084291091032 -0.0414765859940672 0.017526760259562697 -0.033091160023674286 0.013448158315717213 0.023811854153561587 0.03492837246155487 0.022620370528776777 0.040648409340858768 0.010861202772990868 -0.036786781952720331
leaf_weight=9.1735804810305108 3.6016534892842165 287.62321747600799 4.6099873492494217 30.664257606258616 4.9381796065717927 4.2759687115903935 10.252920865372287 56.06328474462498 1.9862808627076445 2.7672964106895952 2.9077351978048744 2.7550179073587051 11.105723356711676 10.848198557621798
leaf_count=196 40 2057 31 459 33 41 143 603 17 45 23 21 138 284
internal_value=-0.000128846 0.00150529 -0.00324206 -0.0136497 -1.72122e-05 -0.0200775 0.00275345 0.00925505 -0.0221071 -0.00730437 -0.0112097 -0.00221355 -0.00835136 -0.0235473
internal_weight=443.573 291.225 152.348 35.2742 117.074 13.4495 103.625 62.9877 6.92446 40.6369 37.8696 27.6167 24.8617 13.7559
internal_count=4131 2097 2034 490 1544 237 1307 653 50 654 609 466 445 307
is_linear=0
shrinkage=0.05


Tree=389
num_leaves=15
num_cat=0
split_feature=7 24 6 44 4 33 36 29 42 29 24 26 42 55
split_gain=0.919976 2.65121 1.96892 2.07016 1.70174 1.56568 1.54923 1.36124 3.29193 2.38694 2.37954 2.83455 2.62751 2.57978
threshold=0.80452463030815136 2.5936383668664376 0.84778630733490001 2.7630797624588017 0.66873377561569225 0.31933350861072546 4.1946342109865133 105.00000000000001 1.5780180692672732 92.500000000000014 1.9088465510877246 6.0675659179687509 2.7325446605682377 0.21470098197460177
decision_type=2 2 2 2 2 2 2 2 2 2 2 2 2 2
left_child=7 4 6 5 -2 -4 -3 8 9 -1 -10 12 13 -12
right_child=1 2 3 -5 -6 -7 -8 -9 10 -11 11 -13 -14 -15
leaf_value=0.01131410605579343 -0.022739216538346544 0.0165147281955807 0.029553379079782807 -0.042298685406860076 0.018406741836519198 -0.019619838284462773 -0.047719028101050595 0.0019985711266568944 -0.02396550649356903 -0.016797672884746487 -0.010151582446988633 -0.032753834464736641 -0.017765346340747678 0.027083760891415787
leaf_weight=8.2150146007770655 2.4568702939432141 0.58127795316977238 3.4331583045423031 1.3730832301080225 8.7195787194068526 1.6961510935798285 6.170249740825966 321.66624104394577 4.8131947868096168 47.605015293636825 5.1791154295206097 2.5239350109477519 4.5625325153232543 23.591413309506606
leaf_count=65 45 13 23 9 106 32 76 2979 62 443 31 19 45 183
internal_value=-0.000125306 -0.0093591 -0.0237341 -0.00296726 0.00823715 0.0127448 -0.0407717 0.00043521 -0.00474355 -0.0125342 0.00599328 0.0105559 0.0146937 0.020265
internal_weight=442.587 24.4304 13.2539 6.50239 11.1764 5.12931 6.75153 418.156 96.4902 55.82 40.6702 35.857 33.3331 28.7705
internal_count=4131 304 153 64 151 55 89 3827 848 508 340 278 259 214
is_linear=0
shrinkage=0.05


Tree=390
num_leaves=15
num_cat=0
split_feature=27 36 44 28 35 21 28 24 31 31 55 13 3 24
split_gain=0.863004 3.38015 2.99258 2.93628 3.37646 2.79996 2.29641 4.09403 2.63894 2.24531 2.46853 2.7756 2.79391 2.48302
threshold=0.39526430427798137 20.428587668204244 1.1350556015968325 1.1107550849818895 1.8720456133013998 0.41048534798534803 1.2356265086679834 1.8793797407445754 0.051503094606542892 0.14048793859649125 0.96557176113128673 0.38957847191349942 0.81365740740740755 2.5584834375806502
decision_type=2 2 2 2 2 2 2 2 2 2 2 2 2 2
left_child=-1 2 3 4 -2 -4 8 -8 -5 -7 11 -11 13 -13
right_child=1 -3 5 6 -6 9 7 -9 -10 10 -12 12 -14 -15
leaf_value=-0.0021535781130591135 0.017873868282301624 -0.026876279688796148 0.01044171312478656 0.013428620452153312 -0.023551182367911479 0.017002235101696368 0.035898451356152883 -0.03619373531205871 -0.039333363484082708 0.022688364590825627 -0.034440438250730961 -0.05220160784579099 0.029914906861298413 -0.0012406192685006346
leaf_weight=240.318154644483 14.799458601744847 8.49587429827079 119.59911541570909 2.3504566041519892 6.1742020015371954 7.148212356958541 3.4894960331148459 2.5205725822015665 12.62295303941937 6.1949493288993898 7.9333778459113082 4.1479658656753582 1.7312686145305622 4.5552076464518905
leaf_count=2163 232 85 959 64 122 47 52 59 149 37 81 37 9 35
internal_value=-0.000133436 0.00227149 0.00368455 -0.00800018 0.00516239 0.00695589 -0.0207929 0.00481355 -0.0307289 -0.0061083 -0.0132359 -0.00174009 -0.0169591 -0.0284056
internal_weight=442.081 201.763 193.267 41.9571 20.9737 151.31 20.9835 6.01007 14.9734 31.711 24.5628 16.6294 10.4344 8.70317
internal_count=4131 1968 1883 678 354 1205 324 111 213 246 199 118 81 72
is_linear=0
shrinkage=0.05


Tree=391
num_leaves=15
num_cat=0
split_feature=33 28 55 12 5 22 27 6 53 2 42 1 55 39
split_gain=0.871334 1.04105 3.76678 3.014 2.42226 2.29507 2.46601 2.22613 2.04081 1.91087 1.95556 1.7136 1.47308 1.33081
threshold=2.1355429887771611 0.97258225324027925 0.86675763130187999 1.6210815310478213 0.3664445579051972 0.99993668669626468 0.21625605718832458 0.60231605172157299 0.45993589743589752 0.1865070313215256 3.2222355604171757 0.098837547004222884 0.42099113762378698 0.7027736232803089
decision_type=2 2 2 2 2 2 2 2 2 2 2 2 2 2
left_child=1 2 3 5 7 6 -1 -4 -6 -5 13 -10 -8 -11
right_child=-2 -3 4 9 8 -7 12 -9 11 10 -12 -13 -14 -15
leaf_value=-0.035766579442738915 -0.025514457142259792 0.00090949846543852758 0.029929212154394993 -0.019594714247886537 0.0048155197075547352 -0.043166886396376475 0.025272622312855705 -0.027937008055007952 0.016898320367735625 -0.011929804466153529 -0.016543574230612128 -0.048008919181928594 -0.019455624678294148 0.037636264621049069
leaf_weight=2.3943823184818047 2.3562766769318833 391.64748505409807 2.8395456877769929 2.0416536470875135 2.500956487376242 3.2963401554152361 6.0418659243732691 1.9553858700674025 0.63104210351593693 1.0638830140233029 1.7711396515369404 10.213040585600536 1.6676518609747288 10.722020763205363
leaf_count=17 255 3423 23 12 30 32 43 23 5 9 11 153 14 81
internal_value=-0.000135182 5.88105e-05 -0.00688109 0.00434372 -0.0241147 -0.0125553 0.000419685 0.00558245 -0.0344304 0.0187428 0.0254658 -0.043124 0.0144745 0.032579
internal_weight=441.143 438.786 47.1389 28.9989 18.14 13.4002 10.1039 4.79493 13.345 15.5987 13.557 10.8441 7.70952 11.7859
internal_count=4131 3876 453 219 234 106 74 46 188 113 101 158 57 90
is_linear=0
shrinkage=0.05


Tree=392
num_leaves=15
num_cat=0
split_feature=7 50 52 2 42 31 24 21 34 2 50 26 24 33
split_gain=0.866757 2.29029 2.22659 4.34401 4.21628 3.92416 3.41726 3.68598 3.37599 3.21013 2.80303 2.81746 2.66116 3.46859
threshold=0.73452958464622509 31.484269891316416 4.5000000000000009 0.3584862500429154 1.6237026453018191 0.15034246575342466 2.5427675428053589 0.23166368515205729 2.2836920601346899 0.34975802898406988 2.0777503841229601 1.5457423640474628 3.181763300509362 0.23394811898469928
decision_type=2 2 2 2 2 2 2 2 2 2 2 2 2 2
left_child=-1 2 3 4 12 -4 9 -8 -5 -7 11 -6 13 -2
right_child=1 -3 5 8 10 6 7 -9 -10 -11 -12 -13 -14 -15
leaf_value=0.0014179670732628971 0.025867883403377201 0.02796991121986124 0.010600481176472429 0.024694210315506043 -0.017501521210290531 -0.037072844684869904 0.020285614447967462 -0.016720788266409339 -0.047473414240766974 0.019814040454640743 -0.0053632644649827151 0.039807060361626942 -0.023042804688327069 -0.0082668480696824944
leaf_weight=294.42896408878732 10.726200236473234 4.6576171462656921 15.745261208678128 1.4258205576916214 1.8996429198887259 21.172533154836859 8.6604003324173409 21.4303662526072 5.9641571675892919 2.1639765312429509 6.2757853515504385 14.943131074309347 11.490272048104087 19.485930985189043
leaf_count=2595 82 61 178 17 27 252 71 210 63 28 110 98 95 244
internal_value=-0.000143604 -0.00328007 -0.00449876 0.00164371 0.00594106 -0.0108431 -0.0172412 -0.00576011 -0.0322657 -0.0312004 0.0225917 0.0327248 -0.00360244 0.00429249
internal_weight=440.47 146.041 141.383 72.2109 64.821 69.1725 53.4273 30.0908 7.38998 23.3365 23.1186 16.8428 41.7024 30.2121
internal_count=4131 1536 1475 736 656 739 561 281 80 280 235 125 421 326
is_linear=0
shrinkage=0.05


Tree=393
num_leaves=15
num_cat=0
split_feature=4 21 39 19 50 17 13 43 5 20 39 53 7 36
split_gain=0.851758 1.65664 1.6647 1.11436 1.23776 3.20204 2.68957 2.54987 1.60477 2.11179 1.77237 1.8275 1.46152 2.59974
threshold=5.9988920688629159 0.37858312858312865 0.78886155061089303 22.262923316520858 34.545283234792414 0.58468705207835658 0.44643722098894673 5.5723819821568794 3.4274843931198125 5.0079499856389953 3.6956593831461904 0.64400921658986188 0.74090495705604564 8.2169287436885785
decision_type=2 2 2 2 2 2 2 2 2 2 2 2 2 2
left_child=3 2 -2 4 8 7 -7 -6 12 10 -10 -12 -1 -14
right_child=1 -3 -4 -5 5 6 -8 -9 9 -11 11 -13 13 -15
leaf_value=0.0019407336311504713 0.015079474721387893 0.014333205165883663 -0.040344494974511251 0.020816602108673751 -0.010063969296042164 0.025710347369975087 -0.037095534836619919 0.035471802574181872 -0.036692842697402861 0.027201740090347173 0.027143347070913856 -0.032085712938983192 0.0053188887086177486 -0.0097512704098533156
leaf_weight=267.56673247917206 1.2027109395712594 2.6491781026124954 4.6364270070334896 5.4511838916223487 3.6669245566008639 1.7134001106023777 4.1145989268552512 10.667580941459162 7.937152535072526 1.4551692842505861 2.28027390036732 1.1719886618666349 42.841033393633552 82.181512682465836
leaf_count=2332 11 20 59 56 60 11 44 89 96 11 17 20 508 797
internal_value=-0.000134316 -0.014953 -0.0283929 0.000191432 -0.00012092 0.0116686 -0.0175698 0.0239266 -0.000734487 -0.0174651 -0.0249069 0.00434561 -0.000144118 -0.004586
internal_weight=439.536 8.48832 5.83914 431.048 425.596 20.1625 5.828 14.3345 405.434 12.8446 11.3894 3.45226 392.589 125.023
internal_count=4131 90 70 4041 3985 204 55 149 3781 144 133 37 3637 1305
is_linear=0
shrinkage=0.05


Tree=394
num_leaves=15
num_cat=0
split_feature=44 29 29 33 33 43 21 21 3 25 42 5 24 4
split_gain=0.849153 2.79244 3.42761 2.02437 2.01637 1.59597 1.53026 5.02419 3.48426 4.01858 3.28807 3.13243 3.18841 2.47273
threshold=0.44148889183998113 137.50000000000003 85.000000000000014 0.35053493082523351 0.79893371462821972 2.0218093154868906 0.40946348733233989 0.42340286831812263 0.36297760210803692 0.99900886416435253 0.61779135465621959 1.2604367136955263 2.7294318753418398 1.6444715261459353
decision_type=2 2 2 2 2 2 2 2 2 2 2 2 2 2
left_child=1 2 -1 -4 -3 -2 13 10 11 -10 -8 -9 -13 -7
right_child=5 4 3 -5 -6 6 7 8 9 -11 -12 12 -14 -15
leaf_value=0.018855663112029259 0.020243968474689174 0.024852457451715743 -0.0039617822206678317 -0.046843453243680139 -0.018699613529018114 -0.0027610217975416705 0.014671277877334722 -0.027878225307363048 -0.037271885271014688 0.018216071728291604 -0.050657532876102189 -0.015710788169655453 0.016242040015943315 0.005994296588759951
leaf_weight=3.4105972470715669 8.9209269065759127 7.0334006829652918 4.2590883681550604 7.9582600019930396 3.1044679519254714 164.32448901991302 1.9642087817192067 14.971629181876777 2.7625184548087445 26.342719291336834 8.0022615169873443 15.216005660826342 14.056271330453454 156.55785517653567
leaf_count=27 74 78 40 352 234 1370 18 151 22 169 60 165 115 1256
internal_value=-0.000126785 -0.00875776 -0.0214883 -0.0333252 0.0110342 0.000431368 -5.4791e-05 -0.0060509 -0.00131328 0.0118863 -0.0376186 -0.0100673 -0.000337658 0.00151603
internal_weight=438.885 25.7658 15.6279 12.2173 10.1379 413.119 404.198 83.3156 73.3491 29.1052 9.96647 44.2439 29.2723 320.882
internal_count=4131 731 419 392 312 3400 3326 700 622 191 78 431 280 2626
is_linear=0
shrinkage=0.05


Tree=395
num_leaves=15
num_cat=0
split_feature=45 30 1 31 2 30 44 26 8 8 35 40 2 36
split_gain=0.863363 1.97955 1.92272 1.14562 2.18888 2.31049 2.06386 2.26333 2.05327 3.02601 2.57742 2.03546 1.97844 1.83754
threshold=0.90967365967365976 115.00000000000001 0.30384157598018652 0.078023538961038974 0.19132671505212787 117.00000000000001 0.27999739348888403 1.152867376804352 0.31800110638141638 0.33895006775856024 1.7383259642192392 0.75919039214214024 0.3976725190877915 29.664629975931991
decision_type=2 2 2 2 2 2 2 2 2 2 2 2 2 2
left_child=3 -2 -3 6 5 -5 -1 -8 12 10 -10 -7 -9 -6
right_child=1 2 -4 4 13 11 7 8 9 -11 -12 -13 -14 -15
leaf_value=-0.023992821125369268 -0.046378870857289888 -0.024662342373071383 0.026718644221598073 -0.00062961380670733679 -0.00029277914666941013 0.019263048773263097 0.033403767064709343 0.019413234308556654 0.014479407804752648 0.0088472957448552901 -0.048103487833534214 -0.045343874712959621 -0.023763354576451078 0.034811641749378668
leaf_weight=3.9334284876240408 2.2815860483096904 2.4837042988510802 2.8238261896767654 9.4280838972190413 359.03147222673579 0.87083152867853542 7.6181949253659687 20.708586383145306 1.7482136236503745 10.471189429052172 4.9020736077800393 6.7164688133634627 2.1639705398119977 2.7668083226890294
leaf_count=213 79 148 30 77 3112 9 64 161 11 83 38 64 19 23
internal_value=-0.000131033 -0.0158276 0.00257647 0.000181817 -0.000775915 -0.017786 0.0071011 0.0101106 0.00496703 -0.00787071 -0.0319096 -0.0365489 0.014504 7.08908e-05
internal_weight=437.948 7.58912 5.30753 430.359 378.814 17.0154 51.5457 47.6122 39.994 17.1215 6.65029 7.5873 22.8726 361.798
internal_count=4131 257 178 3874 3285 150 589 376 312 132 49 73 180 3135
is_linear=0
shrinkage=0.05


Tree=396
num_leaves=15
num_cat=0
split_feature=27 25 26 44 22 53 2 5 7 55 33 20 51 55
split_gain=0.866132 2.40024 4.20606 3.08058 2.62153 3.40858 2.58784 2.54901 2.36767 2.2651 2.23687 2.21653 2.20445 2.17515
threshold=0.48535735956290088 1.8764663338661196 2.2659220157728446 1.7048758268356325 1.0315642847201956 0.52506265664160412 0.27718721330165869 0.67644309997558605 0.73033699393272411 0.33009955286979681 0.22036557644605639 0.87440760536611306 0.37323383084577122 0.1322361305356026
decision_type=2 2 2 2 2 2 2 2 2 2 2 2 2 2
left_child=-1 2 4 6 7 12 -3 -2 -4 -10 -8 -9 -6 -7
right_child=1 3 8 -5 5 13 10 11 9 -11 -12 -13 -14 -15
leaf_value=-0.0016514582295578959 -0.02354010199785414 -0.0051784870665564434 0.027685141243361012 0.0030437845637727918 -0.027498430260566253 0.014742624230990379 0.020254804729944301 0.022303022489139648 -0.023326957795659353 0.014671168083815883 -0.056439806378370067 -0.019743725230269474 0.026856217457968685 -0.03007099753797033
leaf_weight=298.08077089548169 4.0366184124723103 8.3402176293311623 26.869060790690128 28.156904633156955 1.6182606004294964 2.5732203372754183 0.59771659225225349 18.795393646229062 4.5558856492862132 12.443756681401281 5.4458023185143247 2.9220907227136186 6.2506544541683979 16.712876185658388
leaf_count=2675 109 74 210 205 30 25 5 204 36 120 69 34 75 260
internal_value=-0.000131219 0.00311002 0.00743985 -0.00668477 -0.00207275 -0.0126883 -0.0246888 0.00917608 0.0187033 0.0037575 -0.0470558 0.0160256 0.0138379 -0.0236598
internal_weight=437.399 139.318 96.7778 42.5406 52.9091 27.155 14.3837 25.7541 43.8687 16.9996 6.04352 21.7175 7.86892 19.2861
internal_count=4131 1456 1103 353 737 390 148 347 366 156 74 238 105 285
is_linear=0
shrinkage=0.05


Tree=397
num_leaves=15
num_cat=0
split_feature=55 49 36 6 44 52 50 33 23 2 6 44 20 50
split_gain=0.851851 2.08428 2.40023 2.16135 2.32053 2.2415 3.39936 2.67754 2.90207 2.11905 3.03645 2.10816 2.17081 1.92001
threshold=2.4223345518112187 0.14447966475845067 21.79910601667568 0.50813037157058727 1.423404395580292 3.5000000000000004 23.301036382321396 0.44400407373905187 0.86245140496720674 0.27341198921203619 0.33505131304264074 1.7903808355331423 0.2016248839256212 23.301036382321396
decision_type=2 2 2 2 2 2 2 2 2 2 2 2 2 2
left_child=13 -2 3 5 -5 -3 9 8 -8 10 -7 12 -6 -1
right_child=1 2 -4 4 11 6 7 -9 -10 -11 -12 -13 -14 -15
leaf_value=-5.1705043686539894e-05 -0.028209223208505215 -0.019967235885495368 -0.038850551132272725 -0.027430142487305343 0.032916335548152022 -0.0096725272230483057 -0.05538750830253604 0.018554836062165268 0.012751698415646726 0.0021040865376096385 0.042271941584021672 -0.013579651996249713 -0.016874566685113647 0.014806170075360087
leaf_weight=335.04347139078891 7.4981546720664474 5.2858938994177143 3.1629855951759955 10.576467665581733 6.0442343331524189 3.1163230490055929 3.4505570186302048 3.372822116361931 1.9207222014665601 9.1398052036529389 12.907047851302194 10.406061459216287 2.440707839326933 22.252017732651439
leaf_count=2733 128 115 54 345 57 41 28 37 15 121 114 120 24 199
internal_value=-0.000131223 -0.0047848 -0.00198558 0.000246008 -0.00980142 0.0078561 0.0126413 -0.0131489 -0.0328444 0.0217633 0.0321947 0.000951163 0.0183248 0.00091237
internal_weight=436.617 79.3218 71.8236 68.6606 29.4675 39.1932 33.9073 8.7441 5.37128 25.1632 16.0234 18.891 8.48494 357.295
internal_count=4131 1199 1071 1017 546 471 356 80 43 276 155 201 81 2932
is_linear=0
shrinkage=0.05


Tree=398
num_leaves=15
num_cat=0
split_feature=43 8 38 20 2 31 50 52 22 48 44 22 22 13
split_gain=0.84979 2.0003 2.42315 2.01351 2.08698 2.39071 3.52749 3.01218 2.68548 2.07003 2.00427 1.93612 2.39747 2.45624
threshold=17.877906638001743 0.30091102421283727 4.56722453445642 0.80160028083052826 0.3807275146245957 0.30816714150047492 1.4583585053478385 1.5000000000000002 0.23314338629564701 1.0000000180025095e-35 2.3159894943237309 1.0315384600156476 0.099993668669626473 0.94310039371486354
decision_type=2 2 2 2 2 2 2 2 2 2 2 2 2 2
left_child=-1 2 -2 4 5 11 8 -8 -7 -5 -6 12 -3 -14
right_child=1 3 -4 9 10 6 7 -9 -10 -11 -12 -13 13 -15
leaf_value=-0.0014615056996674345 0.012987650077217137 -0.0088461725956476694 -0.048429760075727857 -0.020002936567624217 0.0077211990921962643 -0.030530482618162616 0.030227400970081982 -0.031755659382022731 0.026981998688615661 0.0078895172246985033 -0.048740335224119392 0.0017307005445339437 0.031520444759133653 -0.0042818615291669035
leaf_weight=320.29720390832517 2.144403723999857 5.138453103194478 2.91039695776999 13.407628052169457 2.7607947541400781 1.6492298804223562 1.5571965347044159 9.9385347269999311 9.2505850642919523 11.584520598175004 2.05418770480901 17.386219115694985 30.477675379253924 5.3887168809305868
leaf_count=3187 18 54 17 112 26 13 15 106 57 88 15 149 219 55
internal_value=-0.000134713 0.00352097 -0.0245328 0.00501154 0.00863917 0.0106129 -0.00317855 -0.0216124 0.0164456 -0.00726793 -0.0206061 0.0158669 0.0216769 0.0261711
internal_weight=435.946 115.649 5.0548 110.594 85.6016 80.7866 22.3955 11.4957 10.8998 24.9921 4.81498 58.3911 41.0048 35.8664
internal_count=4131 944 35 909 709 668 191 121 70 200 41 477 328 274
is_linear=0
shrinkage=0.05


Tree=399
num_leaves=15
num_cat=0
split_feature=33 52 33 44 45 21 4 32 32 26 30 13 44 55
split_gain=0.871216 4.11679 2.83051 2.36964 3.45633 3.34369 2.76703 2.7352 3.92269 2.94907 2.60149 2.76894 2.99179 2.51232
threshold=0.214654415845871 17.500000000000004 0.17756906151771548 2.3159894943237309 0.50280898876404512 0.21483516483516488 1.386242210865021 0.34815546772068517 0.40405073649754503 2.0868825277205167 165.00000000000003 0.21867380843188391 2.7630797624588017 0.43464355170726782
decision_type=2 2 2 2 2 2 2 2 2 2 2 2 2 2
left_child=1 3 -3 4 7 6 -5 -1 -9 -10 11 -7 -13 -11
right_child=-2 2 -4 5 -6 10 -8 8 9 13 -12 12 -14 -15
leaf_value=-0.028014599471434962 -0.0015401363199494221 -0.044986684889518166 0.0051803737179401442 -0.055189724264819578 0.024274339056734075 -0.028819322159863499 -0.0017159870015378222 0.047526934519120656 0.026202954840348115 0.0068289275163407898 0.031258585324817151 0.032137038125918151 -0.0084085688907576551 -0.023113769660488448
leaf_weight=5.3939313995651892 312.17125589044008 6.0241507384926063 4.3754337355494499 3.9842961356043798 29.920606156811118 6.4748282674700084 4.8298691548407078 4.2433790247887364 7.8083873195573679 14.508045319467785 6.019990535452961 6.3572600148618248 11.134272092487661 11.956183405593036
leaf_count=66 3264 39 28 26 220 38 36 25 50 93 38 46 72 90
internal_value=-0.0001358 0.00341118 -0.0252769 0.00625918 0.0114646 -0.00368492 -0.0290484 0.0023897 0.00724883 0.00105586 0.00446726 -0.0032448 0.00726866 -0.00704782
internal_weight=435.202 123.031 10.3996 112.631 73.8305 38.8005 8.81417 43.9099 38.516 34.2726 29.9864 23.9664 17.4915 26.4642
internal_count=4131 867 67 800 544 256 62 324 258 233 194 156 118 183
is_linear=0
shrinkage=0.05


end of trees

feature_importances:
Column_44=268
Column_33=262
Column_55=257
Column_43=194
Column_13=190
Column_7=176
Column_31=176
Column_4=166
Column_3=164
Column_22=163
Column_45=158
Column_2=157
Column_42=155
Column_51=150
Column_25=136
Column_53=135
Column_32=129
Column_5=126
Column_17=126
Column_29=123
Column_6=120
Column_21=119
Column_35=116
Column_49=115
Column_12=114
Column_50=113
Column_27=112
Column_28=110
Column_1=108
Column_26=106
Column_36=106
Column_8=90
Column_30=86
Column_14=84
Column_38=84
Column_24=83
Column_52=73
Column_23=72
Column_39=65
Column_20=63
Column_40=55
Column_34=52
Column_9=38
Column_37=34
Column_19=30
Column_16=16
Column_54=12
Column_10=8
Column_46=2
Column_0=1
Column_15=1
Column_48=1

parameters:
[boosting: gbdt]
[objective: binary]
[metric: binary_logloss]
[tree_learner: serial]
[device_type: cpu]
[data_sample_strategy: bagging]
[data: ]
[valid: ]
[num_iterations: 400]
[learning_rate: 0.05]
[num_leaves: 15]
[num_threads: 4]
[seed: 42]
[deterministic: 0]
[force_col_wise: 0]
[force_row_wise: 0]
[histogram_pool_size: -1]
[max_depth: -1]
[min_data_in_leaf: 10]
[min_sum_hessian_in_leaf: 0.001]
[bagging_fraction: 0.8]
[pos_bagging_fraction: 1]
[neg_bagging_fraction: 1]
[bagging_freq: 0]
[bagging_seed: 400]
[bagging_by_query: 0]
[feature_fraction: 0.8]
[feature_fraction_bynode: 1]
[feature_fraction_seed: 30056]
[extra_trees: 0]
[extra_seed: 12879]
[early_stopping_round: 0]
[early_stopping_min_delta: 0]
[first_metric_only: 0]
[max_delta_step: 0]
[lambda_l1: 0]
[lambda_l2: 1]
[linear_lambda: 0]
[min_gain_to_split: 0]
[drop_rate: 0.1]
[max_drop: 50]
[skip_drop: 0.5]
[xgboost_dart_mode: 0]
[uniform_drop: 0]
[drop_seed: 17869]
[top_rate: 0.2]
[other_rate: 0.1]
[min_data_per_group: 100]
[max_cat_threshold: 32]
[cat_l2: 10]
[cat_smooth: 10]
[max_cat_to_onehot: 4]
[top_k: 20]
[monotone_constraints: ]
[monotone_constraints_method: basic]
[monotone_penalty: 0]
[feature_contri: ]
[forcedsplits_filename: ]
[refit_decay_rate: 0.9]
[cegb_tradeoff: 1]
[cegb_penalty_split: 0]
[cegb_penalty_feature_lazy: ]
[cegb_penalty_feature_coupled: ]
[path_smooth: 0]
[interaction_constraints: ]
[verbosity: -1]
[saved_feature_importance_type: 0]
[use_quantized_grad: 0]
[num_grad_quant_bins: 4]
[quant_train_renew_leaf: 0]
[stochastic_rounding: 1]
[linear_tree: 0]
[max_bin: 255]
[max_bin_by_feature: ]
[min_data_in_bin: 3]
[bin_construct_sample_cnt: 200000]
[data_random_seed: 175]
[is_enable_sparse: 1]
[enable_bundle: 1]
[use_missing: 1]
[zero_as_missing: 0]
[feature_pre_filter: 1]
[pre_partition: 0]
[two_round: 0]
[header: 0]
[label_column: ]
[weight_column: ]
[group_column: ]
[ignore_column: ]
[categorical_feature: ]
[forcedbins_filename: ]
[precise_float_parser: 0]
[parser_config_file: ]
[objective_seed: 16083]
[num_class: 1]
[is_unbalance: 0]
[scale_pos_weight: 1]
[sigmoid: 1]
[boost_from_average: 1]
[reg_sqrt: 0]
[alpha: 0.9]
[fair_c: 1]
[poisson_max_delta_step: 0.7]
[tweedie_variance_power: 1.5]
[lambdarank_truncation_level: 30]
[lambdarank_norm: 1]
[label_gain: ]
[lambdarank_position_bias_regularization: 0]
[eval_at: ]
[multi_error_top_k: 1]
[auc_mu_weights: ]
[num_machines: 1]
[local_listen_port: 12400]
[time_out: 120]
[machine_list_filename: ]
[machines: ]
[gpu_platform_id: -1]
[gpu_device_id: -1]
[gpu_device_id_list: ]
[gpu_use_dp: 0]
[num_gpu: 1]

end of parameters

pandas_categorical:null
